CCC,Execution Time
2.733126312,0
2.733517438,0
2.731461305,0
2.822420115,0
2.742955105,0
2.822656968,0
2.73380994,0
2.731775802,0
2.822551976,0
2.733517438,0
2.820930828,0
2.821035819,0
2.74309444,0
2.733235792,0
2.823878054,0
2.821221172,0
2.733828939,0
2.731543905,0
2.742955105,0
2.731775802,0
2.741979788,0
2.731647901,0
2.733517438,0
2.731907156,0
2.822420115,0
2.822710459,0
2.733407958,0
2.743756255,0
2.822605467,0
2.822656968,0
2.73350053,0
2.82281545,0
2.732134097,0
2.741957406,0
2.822656968,0
2.743129271,0
2.733517438,0
2.742743619,0
2.742955105,0
2.822210132,0
2.822393494,0
2.822446985,0
2.822656968,0
2.73350053,0
2.731494156,0
2.821035819,0
2.741519507,0
2.73311637,0
2.822656968,0
2.733517438,0
2.822709215,0
2.822498486,0
2.82281545,0
2.822551976,0
2.733709518,0
2.732296321,0
2.821035819,0
2.821035819,0
2.733517438,0
2.821035819,0
2.820825836,0
2.82111419,0
2.821035819,0
2.822446985,0
2.733616946,0
2.822420115,0
2.743019791,0
2.742845625,0
2.733328334,0
2.74309444,0
2.732639659,0
2.822420115,0
2.733126312,0
2.822498486,0
2.884907766,0
4.863815767,0
5.57607892,0
5.777114236,0
4.807857124,0
5.671035029,0
5.779232617,0
5.622321872,0
4.951626445,0
5.561727509,0
5.897020132,0
5.812485453,0
5.81588171,0
5.472577723,0
5.56174588,0
4.885826709,0
5.068462862,0
4.912427195,0
5.346188774,0
5.360049602,0
5.283796319,0
5.956820156,0
6.008610664,0
5.966934263,0
5.877888284,0
4.813941141,0
5.368807283,0
4.005532591,0
5.02381981,0
5.692186276,0
5.62301612,0
5.702735703,0
5.211289213,0
5.767371825,0
5.197722811,0
4.912961553,0
4.923753956,0
5.181457355,0
5.273058315,0
2.969900399,0
5.477607669,0
5.623779744,0
5.370721553,0
5.209935436,0
5.634855322,0
5.584428856,0
4.872138321,0
5.683922691,0
5.96276413,0
5.906271741,0
5.574748914,0
5.87049231,0
5.129671789,0
5.113540081,0
5.891350928,0
5.687928156,0
5.104369501,0
5.328887623,0
5.872829808,0
5.730670684,0
5.106914917,0
5.047938485,0
5.426202588,0
4.908308785,0
5.232153601,0
5.763260429,0
4.710071975,0
4.857553528,0
5.561278663,0
5.762455534,0
5.047890552,0
5.569194024,0
5.76389066,0
5.06293075,0
5.791098199,0
5.754305302,0
5.066413972,0
5.116484156,0
5.477733993,0
5.637838591,0
5.388851221,0
5.75824158,0
5.605944206,0
5.709234985,0
4.978038668,0
5.132887896,0
4.899462741,0
5.072803753,0
5.619027487,0
5.726688586,0
5.708978751,0
4.738122846,0
5.870853625,0
5.545105912,0
5.530099431,0
5.601715602,0
2.741067793,0
5.322239999,0
5.11681969,0
4.671069053,0
5.463208618,0
4.162211706,0
5.626221874,0
4.984071061,0
5.813874599,0
5.051237075,0
5.750723024,0
5.676191621,0
5.424740999,0
5.953402537,0
5.575479855,0
5.121395152,0
5.293705474,0
3.380347291,0
5.529758754,0
5.553628553,0
4.171130834,0
5.781590092,0
5.529984146,0
5.777514685,0
5.029575059,0
5.630255002,0
5.629380509,0
5.583261143,0
5.69463497,0
5.72098504,0
5.229272058,0
5.645384167,0
4.97049391,0
5.75585954,0
4.849385983,0
4.938006186,0
5.381879385,0
5.589719162,0
2.682142409,0
5.085667963,0
4.829967227,0
5.614290996,0
5.336651094,0
5.651004597,0
4.717912378,0
5.849416498,0
5.684839421,0
5.460614679,0
5.909974337,0
5.275967432,0
5.669710385,0
5.273936431,0
5.473852955,0
5.681835102,0
4.984025644,0
5.862230803,0
5.477733993,0
5.669901486,0
5.477506558,0
4.940194156,0
4.071075851,0
5.454388317,0
5.192002904,0
5.916572715,0
5.508216906,0
5.910790287,0
5.861149513,0
2.903250258,0
5.587763471,0
5.234196516,0
5.122922325,0
4.813884159,0
5.179004417,0
4.910273493,0
5.421587056,0
4.123843047,0
5.921545863,0
5.541162122,0
5.291069245,0
5.618607269,0
5.328884042,0
5.679430035,0
5.710346735,0
5.031151651,0
5.073122853,0
5.116490168,0
5.116490168,0
5.384411271,0
5.424468577,0
5.583351479,0
5.246300249,0
5.531874947,0
5.778820344,0
4.995060469,0
5.116490168,0
5.64028184,0
5.333724538,0
4.824483931,0
4.912976166,0
5.779584205,0
5.10290202,0
5.695453689,0
5.61432014,0
2.89498126,0
5.116490168,0
5.725687137,0
5.161241091,0
5.872492221,0
4.916606023,0
4.147639421,0
5.160338404,0
5.685136994,0
5.3392635,0
5.71866414,0
5.583532123,0
4.912795387,0
5.811028389,0
5.384530718,0
5.253763739,0
5.017321395,0
5.812222836,0
5.361650458,0
5.954077816,0
5.565701764,0
5.703278657,0
5.628959983,0
5.139088006,0
5.855592495,0
5.196253442,0
5.103242662,0
5.892489092,0
5.383929818,0
5.682105377,0
5.77939562,0
5.147191512,0
5.728234771,0
5.044968555,0
5.597489646,0
5.85182412,0
5.866686987,0
2.867540377,0
5.233966936,0
5.044965518,0
5.644881739,0
6.070810828,0
5.897017415,0
5.486061752,0
5.162354798,0
5.857375068,0
5.593418519,0
2.741056013,0
5.740348207,0
4.992623236,0
5.039371079,0
5.614829929,0
5.068074886,0
5.303252218,0
4.899617617,0
5.020088291,0
5.783403907,0
5.033326843,0
5.112930008,0
5.853850174,0
4.07687793,0
6.111391036,0
5.232782424,0
5.785974479,0
5.124287373,0
5.583219886,0
5.689417479,0
6.010514646,0
5.580513378,0
5.586669361,0
4.641925883,0
5.70303255,0
5.366463774,0
5.558845647,0
5.195133752,0
5.962766767,0
5.273985902,0
5.871803635,0
5.598903711,0
5.625328917,0
5.391786388,0
2.74240169,0
5.891914954,0
5.552852803,0
5.522711793,0
2.74108399,0
5.879672969,0
2.7410781,0
5.412588542,0
5.956023851,0
5.952132844,0
5.742086579,0
5.737514928,0
5.738770733,0
4.462996019,0
3.860180908,0
5.502167415,0
5.875348063,0
5.380422638,0
5.747152219,0
4.911682075,0
5.813545736,0
5.815406506,0
4.630585695,0
5.836994396,0
5.621619542,0
4.978423882,0
6.01321393,0
4.463157379,0
4.215060886,0
5.129932061,0
5.974891636,0
5.58999332,0
5.277973819,0
5.757155315,0
5.638133984,0
5.593746962,0
6.025532125,0
5.87049453,0
4.110743489,0
4.337730037,0
5.650382458,0
5.328884042,0
2.742404512,0
5.014570762,0
5.70040358,0
2.74108399,0
5.72849947,0
5.50896746,0
5.62942625,0
5.211604702,0
5.961609044,0
5.738119739,0
5.621077127,0
5.185276128,0
5.542649299,0
5.286216209,0
2.741056013,0
5.445575556,0
5.320395338,0
4.472058192,0
5.312561683,0
5.726744964,0
5.805414737,0
5.494271908,0
5.389848279,0
5.814539574,0
5.07875523,0
5.486851712,0
5.851653073,0
5.728274696,0
4.891028364,0
5.93132705,0
5.116442235,0
5.564337797,0
5.621566729,0
5.674194421,0
3.931647283,0
5.560575795,0
5.680594846,0
5.718775039,0
5.894208734,0
4.171431263,0
5.777237502,0
5.789564404,0
5.862233587,0
5.569770654,0
5.826907518,0
5.597942271,0
5.603176177,0
5.816501317,0
5.7719676,0
5.683955189,0
2.917137156,0
4.655053771,0
5.286128531,0
5.862232473,0
5.832737594,0
4.162265665,0
5.377042457,0
4.996174869,0
5.598335058,0
5.384769654,0
5.704630966,0
5.835006648,0
5.917349061,0
5.709316361,0
5.41179988,0
5.722810076,0
4.068599343,0
3.905111912,0
5.033473538,0
5.566579203,0
2.867496638,0
5.796752608,0
4.4631916,0
5.092907468,0
5.861023659,0
5.590152575,0
5.643610766,0
5.77874699,0
5.774596241,0
5.650951559,0
5.924962801,0
4.462923893,0
4.271933036,0
5.739461961,0
5.057109745,0
5.46626096,0
4.655045079,0
5.574422671,0
5.240801408,0
5.364564926,0
5.550828166,0
4.162654362,0
3.817501975,0
5.142170605,0
5.873840084,0
5.058570878,0
4.609488952,0
5.776708358,0
4.871350381,0
5.587180674,0
5.735309885,0
5.818259715,0
5.328322021,0
6.010510977,0
4.677914541,0
5.685618056,0
5.691356352,0
5.833868538,0
5.664705987,0
5.659224568,0
4.982786805,0
5.738770733,0
5.067612543,0
5.233793841,0
5.325230771,0
4.823763094,0
4.067386717,0
3.758046386,0
2.894972843,0
4.470288461,0
3.936647214,0
5.625560577,0
5.383382727,0
4.851299056,0
5.09992714,0
5.920542502,0
5.199230072,0
5.54276011,0
5.7052744,0
5.851653073,0
5.810484248,0
4.686612477,0
5.54308976,0
5.594305754,0
5.954391949,0
5.530350094,0
5.122637428,0
5.641724616,0
4.809507094,0
5.638276482,0
5.670736267,0
5.106978602,0
5.89238213,0
5.585897817,0
5.737518355,0
4.806535748,0
5.378147393,0
5.271233603,0
4.711699833,0
5.116490168,0
4.891272273,0
5.64044534,0
5.454117518,0
5.595777626,0
5.860257264,0
5.839756548,0
5.520582182,0
3.725194051,0
4.893805728,0
5.889683935,0
5.103960023,0
5.647103883,0
4.996819782,0
5.757064334,0
5.948004032,0
5.66199851,0
5.36193032,0
2.913742936,0
5.521019305,0
5.516568064,0
4.915545869,0
5.587748483,0
5.648110736,0
2.884902353,0
5.003433378,0
5.556725488,0
4.995007867,0
5.047933976,0
2.884891527,0
5.392905653,0
6.010514122,0
5.764767301,0
4.686731528,0
5.724305383,0
5.421963149,0
5.582813393,0
5.113540081,0
5.658787084,0
5.690154445,0
5.587258785,0
5.899809292,0
5.743322064,0
2.742381937,0
5.854006102,0
5.540880268,0
5.711635424,0
4.882346561,0
5.489863079,0
5.907728231,0
5.042898724,0
5.773129278,0
5.799305437,0
5.392126441,0
2.877928087,0
5.764906475,0
6.010520412,0
5.375055335,0
5.106866984,0
4.940290178,0
3.626257759,0
5.947702469,0
5.352459265,0
5.58040872,0
5.831308574,0
5.5921964,0
5.514134846,0
5.106866984,0
5.664815363,0
5.076215403,0
5.317641419,0
5.654467319,0
5.035757871,0
5.396742446,0
3.981299038,0
5.397043234,0
5.724308391,0
4.966010296,0
5.735433076,0
4.062348883,0
5.232444196,0
5.047890552,0
5.710581019,0
5.253289678,0
5.914628959,0
5.92359912,0
5.06699166,0
5.49572138,0
5.44606089,0
5.422730448,0
5.840704705,0
5.632166234,0
5.724913758,0
5.908121496,0
2.894993886,0
5.709367442,0
5.184457862,0
5.047890552,0
5.471257991,0
5.629422689,0
5.897699861,0
5.661462456,0
5.718671589,0
2.867526268,0
5.917517099,0
2.867502282,0
5.387828213,0
5.606370543,0
5.007903958,0
5.594584776,0
5.743422883,0
5.672924222,0
5.633577384,0
4.013785826,0
5.589788024,0
5.555181235,0
5.475118941,0
5.66987523,0
5.044972808,0
4.858094343,0
5.036944316,0
5.801033827,0
5.566600362,0
5.041227453,0
5.662644896,0
6.021893077,0
4.851581605,0
5.547916528,0
3.624517198,0
3.623153579,0
3.624293058,0
3.608119014,0
3.623271073,0
3.602503145,0
3.623918868,0
3.601797736,0
3.615470946,0
3.623348203,0
3.615598641,0
3.615470753,0
3.623858458,0
3.623323944,0
3.623726555,0
3.624497379,0
3.623804157,0
3.633147826,0
3.62353107,0
3.613564683,0
3.615735569,0
3.624178594,0
3.606337889,0
3.605302127,0
3.62430188,0
3.623535238,0
3.623443128,0
3.602874274,0
3.608209607,0
3.604938361,0
3.601538604,0
3.60844202,0
3.624593512,0
3.624917772,0
3.62363667,0
3.625206184,0
3.624606127,0
3.624378496,0
3.624413253,0
3.623186685,0
3.624961658,0
3.611317882,0
3.624106689,0
3.623661223,0
3.623987876,0
3.62400218,0
3.633411099,0
3.62349499,0
3.623561892,0
3.623973397,0
3.625347511,0
3.601629156,0
3.624566246,0
3.623382827,0
3.623473327,0
3.623453996,0
3.615136414,0
3.623344809,0
3.614943971,0
3.622932228,0
3.623737103,0
3.624625103,0
3.623351504,0
3.623251183,0
3.623481827,0
3.62470764,0
3.630452352,0
3.624542173,0
3.62346681,0
3.588249578,0
3.624098212,0
3.623374022,0
3.623453006,0
3.624303204,0
3.602034372,0
3.63252423,0
3.624191766,0
3.613773774,0
3.624291415,0
3.603695807,0
3.624071931,0
3.624507393,0
3.624205658,0
3.624550802,0
3.623931849,0
3.623666808,0
3.623050911,0
3.633972073,0
3.624189278,0
3.623733598,0
3.625390011,0
3.623569691,0
3.623580988,0
3.631640245,0
3.623897786,0
3.623583956,0
3.624469265,0
3.623780862,0
3.623599477,0
3.624117203,0
3.623202225,0
3.62363185,0
3.624008458,0
3.602781965,0
3.623471048,0
3.623507789,0
3.624127064,0
3.623690363,0
3.623854328,0
3.623820766,0
3.623385087,0
3.614745334,0
3.6317868,0
3.623305592,0
3.610842645,0
3.62353828,0
3.62416769,0
3.624400756,0
3.623665014,0
3.604275919,0
3.624080861,0
3.62392553,0
3.600343256,0
3.6245399,0
3.623967681,0
3.624561272,0
3.632978319,0
3.624373351,0
3.622340263,0
3.623254939,0
3.62411658,0
3.62457859,0
3.623357457,0
3.624395796,0
3.624884887,0
3.625080962,0
3.618982732,0
3.623929798,0
3.623521102,0
3.624136099,0
3.623587571,0
3.623416799,0
3.623440899,0
3.622142508,0
3.623598426,0
3.624697102,0
3.623545127,0
3.624085181,0
3.623728918,0
3.624092838,0
3.624640934,0
3.624430309,0
3.624037929,0
3.612928862,0
3.624556498,0
3.621548539,0
3.624509172,0
3.623740534,0
3.624385179,0
3.624791686,0
3.623925157,0
3.623351683,0
3.623841065,0
3.623263842,0
3.623476031,0
3.623759617,0
3.623397734,0
3.623378561,0
3.624650132,0
3.623874271,0
3.633072577,0
3.613286825,0
3.623924894,0
3.603671948,0
3.604317318,0
3.62318054,0
3.623905442,0
3.63323246,0
3.623418812,0
3.624336435,0
3.623586066,0
3.623733536,0
3.623777562,0
3.624335228,0
3.623579045,0
3.624491769,0
3.604599981,0
3.629960452,0
3.605890356,0
3.624813836,0
3.600872217,0
3.624479037,0
3.638837997,0
3.628030689,0
3.624575884,0
3.625312028,0
3.624413282,0
3.631173504,0
3.624679356,0
3.624099027,0
3.625039933,0
3.624489851,0
3.602344421,0
3.607999918,0
3.641706879,0
3.623741658,0
3.594382116,0
3.624294099,0
3.623426064,0
3.612569505,0
3.625140867,0
3.624005055,0
3.623740019,0
3.62363499,0
3.623434857,0
3.623646521,0
3.623246599,0
3.624452446,0
3.623369778,0
3.623038907,0
3.624226106,0
3.609885174,0
3.612724442,0
3.615385667,0
3.625383634,0
3.623761799,0
3.624051429,0
3.633707002,0
3.623437497,0
3.624473498,0
3.625058686,0
3.623861038,0
3.625240239,0
3.62497747,0
3.623800792,0
3.625007302,0
3.624152502,0
3.605793316,0
3.626884161,0
3.624858152,0
3.623388255,0
3.623902639,0
3.624213947,0
3.623728706,0
3.63369325,0
3.633783718,0
4.128004205,0
3.623565384,0
3.624169238,0
3.624001872,0
3.62314919,0
3.62202087,0
3.623930181,0
3.623326417,0
3.624147199,0
3.623687433,0
3.625317016,0
3.624074053,0
3.620526228,0
3.623546364,0
3.623953847,0
3.623980042,0
3.624072626,0
3.605019898,0
3.624155914,0
3.624155787,0
3.624760761,0
3.63035469,0
3.623574968,0
3.610020008,0
3.603739782,0
3.604639443,0
3.624539553,0
3.624242684,0
3.623594,0
3.623516635,0
3.623853133,0
3.613938052,0
3.623599206,0
4.126742692,0
3.614696603,0
3.603337276,0
3.623942789,0
3.623511247,0
3.605685068,0
3.624278827,0
3.614529053,0
3.62429727,0
3.602456399,0
3.607609794,0
3.604284891,0
3.622529972,0
3.623377372,0
3.624584063,0
3.62358455,0
3.628099585,0
3.625259014,0
3.623234137,0
3.624165831,0
3.643989144,0
3.623656299,0
3.624879569,0
3.624294473,0
3.622726977,0
3.628967432,0
3.624115091,0
3.62304986,0
3.633091757,0
3.623721305,0
3.623329315,0
3.626079298,0
3.62361351,0
3.622777458,0
3.624124738,0
3.623441115,0
3.624727493,0
3.623570115,0
3.623750967,0
3.633509228,0
3.623605148,0
3.623538274,0
3.615739421,0
3.625006335,0
3.62225274,0
3.623530694,0
3.62321828,0
3.596238905,0
3.623732176,0
3.623762326,0
3.623612523,0
3.623057215,0
3.615693958,0
3.610176528,0
3.622448174,0
3.624683965,0
3.623957895,0
3.623816785,0
3.638806734,0
3.623885986,0
3.623441605,0
3.624498171,0
3.623681734,0
3.624868996,0
3.611167057,0
3.618037103,0
3.62400911,0
3.622161239,0
3.623605089,0
3.623987273,0
3.601875844,0
3.623482034,0
3.615112516,0
3.624549523,0
3.623609287,0
3.623624966,0
3.624241386,0
3.623254066,0
3.623407516,0
3.624816455,0
3.62368554,0
3.595135387,0
3.623510166,0
3.58666227,0
3.623547059,0
3.624076347,0
3.623282354,0
3.624225179,0
3.621242785,0
3.623642499,0
3.623293801,0
3.611901901,0
3.632968338,0
3.624041522,0
3.588473069,0
3.623627225,0
3.61793297,0
3.624581524,0
3.62438747,0
3.623761895,0
3.604150235,0
3.623721418,0
3.625019166,0
3.623583003,0
3.624834235,0
3.625603319,0
3.6199268,0
3.625253672,0
3.623696287,0
3.624995942,0
3.613857976,0
3.632325572,0
3.624332071,0
3.616334311,0
3.604001254,0
3.62415345,0
3.62338971,0
3.623333911,0
3.624885815,0
3.601198239,0
3.623317194,0
3.625094119,0
3.61769573,0
3.623218588,0
3.624164924,0
3.603990227,0
3.60177356,0
3.625094244,0
3.627714865,0
3.62381816,0
3.625056479,0
3.604497402,0
3.623691372,0
3.624430932,0
3.633836016,0
3.623539837,0
3.623509363,0
3.623392709,0
3.624382115,0
3.624241004,0
3.602434748,0
3.626452014,0
3.623329023,0
3.623537156,0
3.624063995,0
3.604996362,0
3.624576987,0
3.624223924,0
3.620350194,0
3.623827671,0
3.595252139,0
3.624376078,0
3.61641038,0
3.624244033,0
3.623665743,0
3.623834917,0
3.624117942,0
3.638837829,0
3.623709097,0
3.604910356,0
3.623777572,0
3.62461638,0
3.6242134,0
3.615055704,0
3.624192488,0
3.624069711,0
3.602128524,0
3.633886003,0
3.623631548,0
3.624133145,0
3.624835532,0
3.603299967,0
3.623951178,0
3.623705647,0
3.604206407,0
3.623621725,0
3.62315746,0
3.623333448,0
3.624135946,0
3.624949039,0
3.62352715,0
3.624137612,0
3.624216974,0
3.623663976,0
3.623721754,0
3.622029019,0
3.616338035,0
3.623348157,0
3.623527286,0
3.623601193,0
3.622574112,0
3.602365041,0
3.62443731,0
3.601094632,0
3.623473896,0
3.623899189,0
3.603799493,0
3.623521678,0
3.623669206,0
3.62410268,0
3.60172437,0
3.613486407,0
3.623559747,0
3.614800758,0
3.62479244,0
3.623179811,0
3.6327363,0
3.62389248,0
3.623804001,0
3.623499198,0
3.623944701,0
3.613948059,0
3.623115479,0
3.624109875,0
3.640115614,0
3.624248518,0
3.624151918,0
3.62343635,0
3.623825258,0
3.624270476,0
3.623388153,0
3.62517159,0
3.601747791,0
3.623644648,0
3.604705446,0
3.626433601,0
3.624219671,0
3.614267846,0
2.423176078,0
2.423176078,0
2.42166543,0
2.42166543,0
2.421679871,0
2.42166543,0
2.422087745,0
2.42166543,0
2.422019079,0
2.422087745,0
3.170984228,0
3.172259423,0
3.170559028,0
3.170559028,0
3.170559028,0
3.170984228,0
3.170559028,0
3.17268442,0
3.170559028,0
3.170559028,0
3.172259423,0
3.170559028,0
3.170559028,0
3.170559028,0
3.174809813,0
3.170559028,0
3.170559028,0
3.172259423,0
3.174809813,0
3.172259423,0
3.172259423,0
3.17268442,0
3.170559028,0
3.176510004,0
3.170559028,0
3.170559028,0
3.172259423,0
3.171409225,0
3.170559028,0
3.170559028,0
3.170559028,0
3.169709034,0
3.170559028,0
3.172259423,0
3.170559028,0
3.171409225,0
3.170559028,0
3.170559028,0
3.169709034,0
3.172259423,0
3.172259423,0
3.173959615,0
3.170559028,0
3.170559028,0
3.170559028,0
3.170559028,0
3.17268442,0
3.170559028,0
3.170559028,0
3.170559028,0
3.173959615,0
3.170984228,0
3.169283833,0
3.170559028,0
3.172259423,0
3.171409225,0
3.170984228,0
3.170559028,0
3.172259423,0
3.173959615,0
3.170559028,0
3.170559028,0
3.169709034,0
3.170559028,0
3.170559028,0
3.172259423,0
3.171834222,0
3.170559028,0
3.174809813,0
3.170559028,0
3.170559028,0
3.170559028,0
3.170559028,0
3.173959615,0
3.172259423,0
3.170984228,0
3.173959615,0
3.170559028,0
3.170559028,0
3.170559028,0
3.170559028,0
3.170559028,0
3.170559028,0
3.170984228,0
3.170984228,0
3.170559028,0
3.170559028,0
3.170559028,0
3.170559028,0
3.170984228,0
3.170559028,0
3.170559028,0
3.170984228,0
3.170559028,0
3.170559028,0
3.170559028,0
3.170559028,0
3.170559028,0
3.170559028,0
3.170984228,0
3.174809813,0
3.173959615,0
3.173959615,0
3.170559028,0
3.176510004,0
3.170559028,0
3.170559028,0
3.17268442,0
3.172259423,0
3.170559028,0
3.170984228,0
3.170559028,0
3.170559028,0
3.170559028,0
3.169709034,0
3.170559028,0
3.170559028,0
3.170984228,0
3.171409225,0
3.170559028,0
3.170559028,0
3.172259423,0
3.170559028,0
3.171409225,0
3.171409225,0
3.173959615,0
3.172259423,0
3.170559028,0
3.170559028,0
3.170559028,0
3.170559028,0
3.174809813,0
3.170559028,0
3.170559028,0
3.173959615,0
3.170559028,0
3.170559028,0
3.172259423,0
3.17268442,0
3.170559028,0
3.170559028,0
3.170559028,0
3.170984228,0
3.170559028,0
3.170559028,0
3.170559028,0
3.170559028,0
3.170559028,0
3.171409225,0
3.170559028,0
3.170559028,0
3.170559028,0
3.170559028,0
3.170559028,0
3.170559028,0
3.170559028,0
3.172259423,0
2.152177357,0
2.152253606,0
2.160432069,0
2.151592829,0
2.153104436,0
2.15343937,0
2.154569649,0
2.159668086,0
2.17205062,0
2.154042494,0
2.157006844,0
2.169706269,0
2.170012669,0
2.16253466,0
2.162201414,0
2.159722737,0
2.173162528,0
2.152252494,0
2.160205515,0
2.163808388,0
2.159956103,0
2.158374121,0
2.163967345,0
2.153139714,0
2.154120843,0
2.160937521,0
2.153148381,0
2.151891704,0
2.162260089,0
2.152112082,0
2.157297549,0
2.174788132,0
2.151834859,0
2.160487034,0
2.151726294,0
2.156463437,0
2.162535269,0
2.158159817,0
2.162981699,0
2.158961003,0
2.152949441,0
2.169331524,0
2.157960726,0
2.158474917,0
2.152873791,0
2.157768938,0
2.16236336,0
2.152854413,0
2.154391404,0
2.153050991,0
2.15394447,0
2.152572756,0
2.152452748,0
2.162523345,0
2.152928269,0
2.16687403,0
2.159393199,0
2.158421092,0
2.154205051,0
2.153954368,0
2.160608114,0
2.152046461,0
2.152625821,0
2.158097297,0
2.152792401,0
2.158652766,0
2.159263718,0
2.156761068,0
2.159838733,0
2.161246606,0
2.159394632,0
2.168362962,0
2.175503869,0
2.158994623,0
2.157559449,0
2.157524598,0
2.156551888,0
2.158201482,0
2.152972707,0
2.152887545,0
2.159904262,0
2.152268973,0
2.155731896,0
2.174496143,0
2.160975259,0
2.157705566,0
2.163695085,0
2.154020887,0
2.157047246,0
2.169870647,0
2.170302497,0
2.159868531,0
2.152373651,0
2.156554012,0
2.15357785,0
2.159838669,0
2.17168012,0
2.152598323,0
2.152918096,0
2.157499773,0
2.156759278,0
2.158653903,0
2.160178015,0
2.158198678,0
2.159014066,0
2.153217778,0
2.160419175,0
2.159706395,0
2.17184273,0
2.151775909,0
2.16029796,0
2.153118799,0
2.157970962,0
2.160084032,0
2.15982145,0
2.164253528,0
2.152168847,0
2.151842256,0
2.155471444,0
2.162020341,0
2.154459008,0
2.164341414,0
2.152581072,0
2.158562968,0
2.168900223,0
2.157563856,0
2.156415534,0
2.171533955,0
2.157328627,0
2.158669981,0
2.160968628,0
2.169669196,0
2.157199476,0
2.153950705,0
2.172562837,0
2.152450719,0
2.160914779,0
2.171071399,0
2.157094722,0
2.160273199,0
2.161123941,0
2.157901248,0
2.152754767,0
2.158602481,0
2.158532845,0
2.166910176,0
2.158184498,0
2.152703969,0
2.171380444,0
2.152711718,0
2.153020148,0
2.171038022,0
2.153306379,0
2.160453509,0
2.156825466,0
2.163183359,0
2.161143996,0
2.15877106,0
2.159764614,0
2.159385687,0
2.15745365,0
2.162828425,0
2.163715374,0
2.152089265,0
2.155128475,0
2.162745243,0
2.160299918,0
2.152233326,0
2.169640707,0
2.178595649,0
2.170692187,0
2.176329042,0
2.173544223,0
2.159220294,0
2.153180466,0
2.170891856,0
2.156807228,0
2.164604439,0
2.153522655,0
2.163478806,0
2.16218286,0
2.152427361,0
2.154292566,0
2.162459281,0
2.169823317,0
2.169938221,0
2.160001887,0
2.157445401,0
2.154202879,0
2.168210745,0
2.158342131,0
2.154718694,0
2.160826324,0
2.162820357,0
2.163207652,0
2.160889627,0
2.1649658,0
2.152910738,0
2.158028264,0
2.15977347,0
2.166525215,0
2.156108923,0
2.160060721,0
2.159567785,0
2.156960409,0
2.158993006,0
2.171253783,0
2.157246135,0
2.152003251,0
2.164924249,0
2.163535203,0
2.160311935,0
2.161196126,0
2.155580915,0
2.154567771,0
2.163014319,0
2.167644262,0
2.153005576,0
2.153031118,0
2.157264879,0
2.153650322,0
2.151926139,0
2.155937478,0
2.156408878,0
2.151698583,0
2.152470012,0
2.153539984,0
2.1522916,0
2.155013527,0
2.151564571,0
2.173985865,0
2.153075993,0
2.163091472,0
2.161840791,0
2.159780792,0
2.159296645,0
2.159093282,0
2.164727173,0
2.151692386,0
2.156769967,0
2.159103859,0
2.159802573,0
2.161012747,0
2.159989707,0
2.155957237,0
2.157509989,0
2.153275609,0
2.160217199,0
2.170399206,0
2.157915583,0
2.158474589,0
2.155124262,0
2.158867781,0
2.159915973,0
2.153769353,0
2.173614236,0
2.153108175,0
2.161665824,0
2.15416817,0
2.156111836,0
2.157662461,0
2.153129735,0
2.170573022,0
2.15298942,0
2.152877026,0
2.155725751,0
2.16437084,0
2.152947754,0
2.165794131,0
2.161493476,0
2.171185647,0
2.155996386,0
2.152830521,0
2.157320231,0
2.154747937,0
2.15419153,0
2.159222613,0
2.152712027,0
2.152723679,0
2.152417897,0
2.153539957,0
2.169984964,0
2.152277496,0
2.152584159,0
2.169846481,0
2.152817052,0
2.170388438,0
2.170024616,0
2.15446817,0
2.152026738,0
2.15505293,0
2.161577357,0
2.154038888,0
2.152163494,0
2.159411571,0
2.16071649,0
2.155341293,0
2.154950392,0
2.15848643,0
2.160644375,0
2.16286128,0
2.172290311,0
2.152089713,0
2.154746593,0
2.153950224,0
2.15578338,0
2.153226352,0
2.152801962,0
2.158388584,0
2.152931723,0
2.159758762,0
2.15889581,0
2.155466346,0
2.158764355,0
2.15610107,0
2.15930986,0
2.158282833,0
2.153096539,0
2.15640275,0
2.154859453,0
2.153226957,0
2.154466176,0
2.15311863,0
2.15218847,0
2.171277943,0
2.152901336,0
2.154959962,0
2.162674307,0
2.159091694,0
2.152091524,0
2.152741269,0
2.169368598,0
2.160238648,0
2.153773223,0
2.152195758,0
2.161622931,0
2.158572814,0
2.162295966,0
2.155350024,0
2.156533504,0
2.159168443,0
2.15927618,0
2.16048943,0
2.171079662,0
2.157336324,0
2.173022558,0
2.157489363,0
2.156529445,0
2.152540393,0
2.162393089,0
2.160865466,0
2.142595661,0
2.153530349,0
2.160542051,0
2.151803761,0
2.169169381,0
2.152502387,0
2.158067736,0
2.155386228,0
2.160404543,0
2.152561841,0
2.159348511,0
2.15909945,0
2.154764009,0
2.158129734,0
2.152222976,0
2.152489688,0
2.162317928,0
2.152569573,0
2.158504083,0
2.161202445,0
2.15363077,0
2.16275866,0
2.153504429,0
2.152884412,0
2.153300764,0
2.159736726,0
2.152011019,0
2.152502498,0
2.170538135,0
2.162313861,0
2.171239726,0
2.156835732,0
2.162951662,0
2.156723346,0
2.162320594,0
2.15626345,0
2.163139668,0
2.152226174,0
2.155054075,0
2.164522341,0
2.158478272,0
2.158140308,0
2.159731932,0
2.155519405,0
2.179971731,0
2.153442529,0
2.162769854,0
2.152388886,0
2.170761934,0
2.155691527,0
2.161915287,0
2.169887823,0
2.161372117,0
2.155741131,0
2.154628352,0
2.159040843,0
2.16013082,0
2.153808257,0
2.15276349,0
2.170822865,0
2.155450664,0
2.170446156,0
2.151839224,0
2.15238201,0
2.153640281,0
2.173844085,0
2.159168183,0
2.158629669,0
2.152783813,0
2.15428203,0
2.158898745,0
2.152464946,0
2.158327292,0
2.152547137,0
2.158587708,0
2.154499445,0
2.152365542,0
2.155304682,0
2.158779472,0
2.157042096,0
2.15250235,0
2.159938249,0
2.167398473,0
2.152565425,0
2.156590445,0
2.15940694,0
2.156737542,0
2.15313794,0
2.152825922,0
2.15854883,0
2.173824695,0
2.158513884,0
2.161758522,0
2.152453971,0
2.157799162,0
2.154331218,0
2.161699296,0
2.15735415,0
2.163979765,0
2.156943925,0
2.152415918,0
2.156242255,0
2.154144405,0
2.151873384,0
2.160372406,0
2.153190781,0
2.157713865,0
2.159985688,0
2.158488143,0
2.162018108,0
2.159465941,0
2.161076405,0
2.16185085,0
2.154391851,0
2.15766378,0
2.166242079,0
2.160175666,0
2.153633847,0
2.152266598,0
2.151575103,0
2.1596835,0
2.158829571,0
2.155811063,0
2.152619718,0
2.163482187,0
2.160274409,0
2.158205527,0
2.152963374,0
2.159244612,0
2.153339358,0
2.156607865,0
2.159434786,0
2.158908098,0
2.154868031,0
2.162519627,0
2.156328671,0
2.161082431,0
2.152604354,0
2.154086687,0
2.152610032,0
2.162664951,0
2.159572018,0
2.168374233,0
2.159226626,0
2.161285737,0
2.152989095,0
2.165219872,0
2.160532148,0
2.154599435,0
2.161678803,0
2.161364157,0
2.156653899,0
2.153414988,0
2.161840447,0
2.153548843,0
2.156569988,0
2.156787446,0
2.153031569,0
2.157739572,0
2.154412486,0
2.159544247,0
2.15677627,0
2.152865839,0
2.152947235,0
2.153551762,0
2.151769532,0
2.172663789,0
2.153591701,0
2.159324184,0
2.16007879,0
2.153215973,0
2.159747449,0
2.15458585,0
2.152842278,0
2.152233784,0
2.152332352,0
2.167614652,0
2.156718795,0
2.155408615,0
2.174716867,0
2.152496095,0
2.158326613,0
2.15203689,0
2.153066758,0
2.170215196,0
2.172025509,0
2.160003883,0
2.160959709,0
2.158503424,0
2.166453214,0
2.159338444,0
2.153102751,0
2.159679595,0
2.157836248,0
2.1586843,0
2.159094258,0
2.159795823,0
2.153030766,0
2.157652686,0
2.153549496,0
2.152610879,0
2.171003108,0
2.155188201,0
2.156702965,0
2.161455431,0
2.152894431,0
2.154758965,0
2.159951019,0
2.160105449,0
2.155189056,0
2.149914133,0
2.16216472,0
2.159193264,0
2.153534823,0
2.160513337,0
2.161871974,0
2.162229072,0
2.149151215,0
2.169666276,0
2.153261795,0
2.158457149,0
2.157991938,0
2.15272947,0
2.162189612,0
2.151863699,0
2.152789038,0
2.151695442,0
2.153553933,0
2.160937435,0
2.156990077,0
2.161130071,0
2.160435485,0
2.1617626,0
2.152826883,0
2.153008809,0
2.155925719,0
2.163520639,0
2.153185939,0
2.151840102,0
2.159269589,0
2.158492847,0
2.153985044,0
2.152975105,0
2.158263083,0
2.158132819,0
2.152067253,0
2.158512783,0
2.152736789,0
2.155616763,0
1.837190093,0
3.328939599,0
0.415717443,0
0.616508199,0
0.603605922,0
0.398999802,0
0.450438867,0
0.43694467,0
3.728986027,0
3.113419331,0
3.531929124,0
3.113441398,0
3.566912086,0
3.117959747,0
2.921433222,0
3.118565402,0
3.714549643,0
3.110519893,0
3.735901592,0
3.111158506,0
3.731676481,0
3.104388852,0
3.584135785,0
3.113222354,0
3.112420823,0
3.13847439,0
3.153838526,0
3.11391634,0
3.116583926,0
3.100327917,0
1.598060514,0
3.102538065,0
3.783634858,0
3.113009812,0
3.027466898,0
3.100776106,0
3.029363584,0
3.0937212,0
3.508626817,0
3.113298547,0
3.112758021,0
3.113446169,0
3.020554627,0
1.658721553,0
1.545458081,0
3.113699955,0
3.029523569,0
3.110791978,0
3.153707856,0
3.110633092,0
3.709292671,0
3.110860799,0
3.715171384,0
3.101408107,0
3.731663357,0
3.113782038,0
3.026516193,0
3.113383961,0
3.056639027,0
3.106606405,0
3.023188357,0
3.095858175,0
3.024781008,0
1.691347898,0
3.14424819,0
3.106338834,0
1.545162066,0
3.113271697,0
3.021278764,0
3.093845478,0
3.027273717,0
3.111676394,0
3.566985155,0
3.111124431,0
1.54529338,0
3.120738401,0
3.112532984,0
3.113333488,0
2.912889349,0
1.672175979,0
1.545233221,0
3.111220894,0
2.982560801,0
3.108790672,0
3.144215287,0
1.665756885,0
3.731668607,0
3.11350598,0
3.783577634,0
1.672109227,0
1.545445304,0
3.113873725,0
3.024502422,0
3.125972838,0
2.827385092,0
3.094194839,0
1.545304895,0
1.672009707,0
3.017818583,0
1.672235926,0
1.545647022,0
3.110699978,0
3.062174711,0
3.113205564,0
3.735901251,0
3.104902934,0
3.020993005,0
1.672145235,0
3.731566171,0
1.671937213,0
3.027850214,0
1.672032832,0
3.027344028,0
3.106013168,0
2.980340292,0
1.665820769,0
3.716586,0
1.679761988,0
3.021008038,0
3.100808813,0
3.027317255,0
3.113102167,0
3.783743732,0
1.656685661,0
3.112240126,0
1.672097829,0
3.515364183,0
3.111156329,0
3.154433067,0
1.672188911,0
3.027621109,0
1.671549488,0
3.144093614,0
1.67955823,0
2.94278934,0
1.671692236,0
3.768604526,0
1.672063079,0
3.107122652,0
3.113447882,0
1.545414988,0
1.672088202,0
3.537601207,0
3.113026758,0
3.553362444,0
1.672098434,0
3.599685339,0
3.120799486,0
3.030352815,0
3.11397491,0
3.511517158,0
3.117983156,0
3.021030654,0
1.656609514,0
3.021778156,0
3.099642719,0
3.618228285,0
3.112158902,0
3.033627003,0
1.672059502,0
3.029281026,0
3.113213246,0
3.153926737,0
3.10881219,0
3.531717048,0
3.113450027,0
3.026674866,0
3.110816855,0
3.718114852,0
3.12144637,0
3.584082479,0
3.113086801,0
3.783724609,0
3.113315403,0
2.895780928,0
3.115851098,0
3.056607549,0
1.679787728,0
1.545460135,0
3.110544056,0
3.789439546,0
1.672232498,0
3.021172632,0
3.12113031,0
3.783562058,0
3.110662115,0
3.018037174,0
3.117786961,0
3.783747107,0
3.110818069,0
3.10257318,0
1.67200284,0
3.515086461,0
3.137419611,0
3.663560321,0
3.120915894,0
3.027283102,0
3.117870105,0
3.564558078,0
1.67215357,0
3.778695183,0
1.67199139,0
3.024460083,0
3.112980248,0
3.026210634,0
3.113229532,0
3.731568295,0
3.113281072,0
2.900992067,0
1.672295639,0
3.021060235,0
3.113201041,0
3.783825696,0
3.10834786,0
3.030532311,0
3.113278287,0
3.027601157,0
3.110558202,0
3.02113425,0
1.671905852,0
3.027271674,0
3.10890301,0
3.023176398,0
3.111128269,0
3.52040269,0
1.672263034,0
3.030517619,0
3.111469238,0
3.53181257,0
3.104715033,0
3.154000932,0
1.672265245,0
3.064222331,0
3.112913622,0
2.889785776,0
1.672099671,0
3.153852379,0
1.672022787,0
1.597938115,0
3.113456115,0
1.545523658,0
3.110606503,0
3.02723604,0
3.113125666,0
3.027423331,0
1.67196195,0
1.561761084,0
3.104399679,0
3.042915555,0
3.10786718,0
3.783794949,0
1.672217326,0
1.545179617,0
3.112359055,0
3.025058314,0
1.671944118,0
3.153879216,0
3.11095895,0
1.545506241,0
3.113144113,0
3.753340011,0
3.118403823,0
1.545234484,0
3.110612103,0
3.023632722,0
3.113290552,0
3.029551085,0
3.1131967,0
3.731681151,0
3.113115802,0
3.153986521,0
3.111190472,0
3.77389472,0
3.104838804,0
3.614142249,0
1.680367777,0
3.021193027,0
1.671856413,0
3.731923888,0
3.104282536,0
3.030649353,0
3.113392735,0
3.056551642,0
3.110728511,0
3.021255412,0
3.094127941,0
3.783662692,0
3.090635872,0
1.545828459,0
3.1009167,0
3.789444449,0
3.11327496,0
3.102762781,0
3.120979911,0
3.153691876,0
3.111110513,0
3.153779859,0
3.113400915,0
3.153931843,0
3.113466324,0
3.027289145,0
1.671961945,0
1.561569073,0
3.107077882,0
1.591087867,0
3.11329969,0
3.78379679,0
3.113237438,0
3.029369752,0
3.113513044,0
3.153812967,0
3.093709375,0
1.545238899,0
3.120993495,0
3.534687529,0
3.110859995,0
3.026588597,0
3.104349088,0
3.030523866,0
1.672102109,0
2.918241455,0
3.127659654,0
3.028939115,0
3.10702185,0
3.731613739,0
1.671993389,0
3.772943902,0
3.12710875,0
3.018835373,0
3.113278757,0
3.025040249,0
3.11324142,0
3.021226942,0
3.120705162,0
3.772203397,0
3.110928103,0
3.027549476,0
1.672127174,0
3.783582126,0
3.110899974,0
3.712288101,0
3.110973147,0
3.731737004,0
1.672204626,0
3.030326201,0
3.093736413,0
3.030742173,0
1.671856024,0
3.154126656,0
3.118109682,0
3.032850369,0
1.671761962,0
3.73590195,0
1.671909839,0
3.771941718,0
3.114116813,0
3.777370754,0
3.137461124,0
3.586909224,0
3.12700098,0
3.762818863,0
3.110952702,0
3.027513098,0
3.108663742,0
3.058188095,0
1.671913894,0
3.029284274,0
3.111010057,0
3.727108212,0
3.121111643,0
1.545772263,0
3.111010725,0
1.545121644,0
1.671911477,0
3.027271087,0
3.113205554,0
1.545537161,0
1.671906501,0
3.783674995,0
3.113259462,0
3.552290122,0
1.67247403,0
3.766414509,0
3.11083303,0
3.500836204,0
3.104602519,0
3.026421919,0
1.691550314,0
3.775488563,0
1.671928237,0
3.029495878,0
3.133787347,0
3.029457585,0
3.097355444,0
3.024515861,0
1.67965287,0
3.021336829,0
1.671945286,0
3.030542994,0
1.679586143,0
1.561692087,0
3.110936801,0
1.561621708,0
3.113629272,0
3.103109191,0
1.672001994,0
3.731700104,0
1.658488458,0
3.713923855,0
3.097544256,0
3.783641992,0
3.120982224,0
2.945531189,0
1.672084634,0
3.78367378,0
1.672065966,0
3.027415641,0
3.101783194,0
3.027224171,0
3.113278115,0
1.597763297,0
3.104674476,0
1.546326512,0
1.679879085,0
3.776527729,0
3.102967605,0
3.021741096,0
3.10455226,0
3.027596952,0
1.671857375,0
3.614174206,0
1.672096254,0
3.783833507,0
3.127583295,0
3.024332712,0
3.110789223,0
1.545466892,0
3.113389194,0
1.545520905,0
3.104855823,0
3.02107223,0
1.672411452,0
1.546197881,0
3.11095846,0
3.024319635,0
1.671872913,0
3.020262477,0
3.113422899,0
3.720884385,0
3.103600434,0
3.726833321,0
3.094888235,0
3.515100897,0
1.67191074,0
3.731696712,0
1.691360121,0
3.731622806,0
3.11144566,0
1.545387605,0
3.110820915,0
3.026399312,0
1.658739298,0
3.531826556,0
1.671721602,0
3.021192338,0
1.672109594,0
3.02271751,0
1.67212258,0
3.025005868,0
3.104614162,0
3.021109677,0
3.113024142,0
1.562795421,0
3.113164653,0
3.030450773,0
3.111857903,0
3.537280518,0
3.110953182,0
3.726196157,0
3.121098108,0
3.763571027,0
3.113084401,0
3.029360636,0
3.111021209,0
3.73869266,0
3.111399496,0
3.116230086,0
3.116138514,0
3.029552518,0
3.113385934,0
3.112373909,0
3.110785613,0
3.57791431,0
3.107341923,0
3.102630431,0
3.133873997,0
3.789264679,0
3.111175569,0
3.027788931,0
1.679752998,0
3.514938323,0
3.113020741,0
3.713700513,0
3.113277809,0
3.024438266,0
3.113552318,0
3.148527921,0
3.097452855,0
3.112327278,0
3.113491922,0
3.02678343,0
3.10460306,0
3.692105984,0
3.105337246,0
3.610187042,0
1.679397375,0
3.789798854,0
1.672127864,0
3.01796015,0
3.127571237,0
3.112364502,0
3.104613697,0
3.026581496,0
3.134173219,0
3.026035741,0
3.120936732,0
3.589506363,0
1.658522457,0
3.515094299,0
3.096553974,0
3.725230834,0
3.104962742,0
3.73155252,0
3.108573126,0
3.030344489,0
3.110859178,0
3.153780961,0
3.172621483,0
3.532146184,0
3.110812959,0
3.027471905,0
1.658963472,0
1.563341679,0
3.10733475,0
3.731731833,0
3.104979206,0
3.021395819,0
3.121123792,0
3.778323352,0
3.127997392,0
1.598064913,0
3.133434588,0
3.032720964,0
1.656237045,0
3.030346754,0
3.113321175,0
3.018139714,0
3.110895113,0
3.712416724,0
3.112655454,0
3.73160341,0
1.665809341,0
3.02945166,0
3.102386272,0
3.102755591,0
3.102328972,0
3.022168019,0
3.107437439,0
1.545210331,0
3.113530552,0
3.710491524,0
3.11080462,0
3.021145631,0
3.110728255,0
3.018213704,0
3.097549643,0
3.017992169,0
1.672283352,0
3.486576109,0
1.679300899,0
3.573022813,0
1.683278567,0
3.51188882,0
3.113268566,0
3.51510008,0
3.104339309,0
3.107180642,0
1.67196923,0
2.937665725,0
1.679886068,0
3.726437173,0
3.097484139,0
3.710781318,0
3.113028256,0
1.546274105,0
3.110918747,0
3.056172166,0
1.672200634,0
3.028580773,0
1.679929414,0
3.052329592,0
1.679824382,0
3.784594993,0
3.110768138,0
3.731599243,0
3.1133953,0
3.056353246,0
3.113250928,0
0.67435537,0
0.616139573,0
1.386919308,0
1.329636468,0
1.386625764,0
1.330261887,0
1.409822658,0
1.329618058,0
1.386920632,0
1.329449787,0
1.386929457,0
1.329992379,0
1.386941959,0
1.412366877,0
1.329459908,0
1.412119235,0
1.329586259,0
1.386793544,0
0.616097873,0
1.386915041,0
1.329525039,0
1.386819346,0
1.32948485,0
1.38692591,0
1.329622226,0
0.674361497,0
1.329914154,0
1.386822396,0
1.329564025,0
1.386921757,0
0.633443655,0
0.674334323,0
1.330014238,0
1.345548769,0
1.386924599,0
1.329345994,0
1.38660586,0
1.329448406,0
1.386843754,0
1.329526948,0
1.386809921,0
1.330409183,0
1.412147755,0
1.329619792,0
0.674317928,0
1.343632478,0
1.386937722,0
1.343117261,0
1.386817513,0
0.616142627,0
1.411970464,0
1.32949019,0
1.386742702,0
1.412500068,0
0.633659716,0
0.674361849,0
1.329560217,0
1.412128264,0
0.633631697,0
1.41195747,0
1.343244882,0
1.386771404,0
0.633652185,0
1.41394879,0
1.343530338,0
1.387042737,0
1.329340892,0
0.703130122,0
0.616194778,0
1.386805074,0
1.329912312,0
0.674419618,0
1.340135344,0
0.633658941,0
1.412007316,0
1.32944714,0
1.41197097,0
1.343212358,0
1.386682543,0
1.329693979,0
1.41202728,0
1.329524544,0
1.412289421,0
0.633598963,0
1.412017802,0
0.633658363,0
1.412076423,0
0.633599381,0
0.703341631,0
0.633633944,0
0.703740527,0
1.343287212,0
0.703435065,0
1.413885743,0
0.633563589,0
1.413619278,0
1.329346641,0
1.38713357,0
1.329499883,0
1.386821854,0
1.330141626,0
1.386930641,0
0.633576134,0
1.386818196,0
1.329517984,0
1.386924153,0
0.616176293,0
1.412424981,0
0.616090822,0
1.387063605,0
1.329518143,0
1.387367508,0
0.616099428,0
1.344119071,0
1.411983865,0
1.329338397,0
1.386741958,0
1.329358258,0
1.386813974,0
1.329316237,0
1.386876022,0
1.329443421,0
1.386915598,0
0.616143077,0
1.386812599,0
1.33003986,0
0.674300622,0
1.330164139,0
1.386925038,0
1.329224167,0
1.412052698,0
0.616108868,0
1.386921643,0
0.703501729,0
1.329176315,0
1.410434287,0
1.329460059,0
1.386817137,0
0.633597043,0
0.703188185,0
0.616100209,0
1.386903856,0
1.330402201,0
1.386838256,0
1.329531798,0
1.411999297,0
1.329433839,0
1.41198091,0
1.343034401,0
1.386856753,0
1.343596385,0
1.386761191,0
1.340392271,0
1.344015191,0
1.386938296,0
1.329917032,0
0.67437695,0
1.329441275,0
1.386833033,0
0.61602776,0
1.412117766,0
1.343581391,0
1.412110734,0
1.343603506,0
1.411981836,0
1.344127349,0
0.70310936,0
1.343434474,0
1.412064934,0
0.633538151,0
1.410282919,0
1.329875958,0
1.38692392,0
0.703506502,0
1.32962961,0
1.386921616,0
1.329768614,0
0.674400147,0
1.329207007,0
1.41213487,0
1.329916917,0
1.412120476,0
1.343441848,0
1.412021954,0
0.633672984,0
1.412051161,0
1.343204193,0
1.412000604,0
0.633631289,0
1.413320172,0
1.344007478,0
1.38703402,0
0.616158531,0
1.344369895,0
1.386629316,0
1.343276148,0
1.38688277,0
0.616095174,0
1.412012995,0
1.343480098,0
1.386914888,0
0.616130972,0
0.674412696,0
1.329966121,0
0.703176828,0
1.329638126,0
1.412010414,0
1.329507432,0
1.386817852,0
1.343033203,0
1.387170836,0
0.633667027,0
1.41071952,0
0.703481652,0
1.34360617,0
1.411998613,0
1.343896346,0
1.412001382,0
1.329453958,0
1.386869536,0
0.63366364,0
1.386935524,0
1.329428018,0
1.41212542,0
1.330347529,0
1.412029336,0
1.343613371,0
1.410487393,0
1.343595344,0
1.387061823,0
1.329274706,0
1.386926123,0
1.329883001,0
1.344001349,0
1.411981457,0
1.343621014,0
0.674294285,0
1.343592347,0
1.411944391,0
1.342947841,0
1.387361994,0
1.329605176,0
0.703145366,0
1.343573873,0
1.412101157,0
1.329833488,0
1.412005164,0
0.633627161,0
1.412175558,0
1.329347252,0
1.386849879,0
0.633592169,0
1.386629063,0
1.413763927,0
1.343229817,0
1.386823278,0
1.329470926,0
1.386899899,0
1.34360625,0
1.386880784,0
0.61608615,0
1.386920701,0
1.343480098,0
1.387073733,0
1.329543309,0
0.674358196,0
1.329597606,0
1.412095476,0
1.340650519,0
1.411961303,0
1.343237004,0
0.674409745,0
1.343237185,0
0.633678297,0
1.412072015,0
1.343492799,0
1.412111043,0
1.343020396,0
1.411993225,0
1.343123686,0
1.412029016,0
0.616031418,0
1.412123326,0
1.329769657,0
0.674372311,0
1.343115635,0
1.412099347,0
1.329536978,0
1.412151449,0
0.633654261,0
1.41213552,0
0.633557784,0
1.412017057,0
0.70319371,0
1.343139675,0
1.41228316,0
0.633623635,0
0.703486,0
1.344391866,0
1.413705835,0
1.343478071,0
1.387009781,0
1.343111552,0
0.703113785,0
1.343104493,0
1.412110549,0
1.343587381,0
1.412137528,0
0.616082522,0
1.411955475,0
1.329539355,0
1.412147378,0
1.32975484,0
1.343956276,0
1.38706593,0
1.340998668,0
1.386937683,0
1.329888656,0
1.38707267,0
1.343157971,0
1.412031607,0
1.343587381,0
1.387028489,0
1.329342541,0
1.386958476,0
1.329386126,0
1.410774295,0
1.34357903,0
1.412088404,0
1.343470339,0
1.41203721,0
1.32950453,0
1.412054729,0
1.412094713,0
1.343033883,0
1.412145471,0
1.34350686,0
1.412058735,0
1.329801135,0
1.412121069,0
1.329561407,0
1.412104167,0
1.329598385,0
1.412099346,0
1.34347148,0
0.674394891,0
1.329696596,0
1.410116544,0
1.343603977,0
1.412021772,0
1.341010398,0
1.386609668,0
0.616207412,0
1.343080803,0
1.412122632,0
1.330029301,0
1.412118644,0
1.34348883,0
1.4123817,0
1.343594955,0
1.412110982,0
1.329786939,0
1.412146218,0
1.343129696,0
1.38681733,0
0.616133871,0
1.412122385,0
1.343234903,0
1.412043793,0
1.330477922,0
1.411980932,0
1.3432302,0
1.412105582,0
1.412127056,0
1.34316906,0
1.412077612,0
0.633654777,0
1.41357953,0
1.343980911,0
1.411962793,0
1.343224319,0
1.412108538,0
1.341254705,0
0.703130304,0
0.633518491,0
0.703589551,0
0.633699909,0
1.412127639,0
0.633580777,0
1.41211847,0
1.343147834,0
1.412111219,0
1.329812304,0
0.633654811,0
1.412360082,0
1.329436894,0
1.412117782,0
0.633693326,0
1.41225819,0
1.345436808,0
1.411956829,0
1.344119169,0
1.413883816,0
1.34438745,0
1.413916585,0
0.633621952,0
1.413553329,0
1.344222352,0
1.412668085,0
1.344045111,0
1.413789146,0
0.633782869,0
1.413727882,0
1.412131206,0
1.344107044,0
1.412015074,0
1.343583523,0
1.412041145,0
0.633600384,0
1.412616245,0
1.412156479,0
1.412286139,0
3.230307858,0
3.185726189,0
3.230331204,0
3.185977689,0
3.408368777,0
3.186785193,0
1.652923089,0
3.589005154,0
3.229926012,0
3.185676686,0
3.408216684,0
3.18667271,0
3.230428553,0
3.186656093,0
3.235452691,0
3.186670218,0
3.230478657,0
3.185309488,0
3.23031377,0
3.58511428,0
3.230203245,0
3.186893305,0
3.230034728,0
3.185399022,0
1.666691344,0
3.185532193,0
1.805473024,0
3.186539778,0
3.230593656,0
3.583346031,0
3.230522566,0
3.185200201,0
3.235077987,0
3.5851346,0
1.652843486,0
3.185427617,0
3.229858298,0
3.187125677,0
3.990412586,0
3.185735751,0
1.652841579,0
3.185389577,0
3.230449732,0
3.186711947,0
3.229998661,0
1.660096408,0
3.230375686,0
3.186532703,0
1.652873175,0
1.660179491,0
3.230960897,0
3.186782182,0
3.230721349,0
3.185893354,0
3.230153504,0
3.584843181,0
3.230677673,0
3.186592801,0
3.230495907,0
3.186059115,0
3.230193233,0
3.185803249,0
3.229958635,0
1.660074949,0
3.390518392,0
3.588994174,0
1.653372321,0
3.185634669,0
3.230635637,0
3.553477355,0
3.230532258,0
3.1852581,0
3.230357504,0
3.186974881,0
3.23015835,0
3.187511951,0
3.229828528,0
1.660362846,0
3.229977229,0
3.186910627,0
3.230476018,0
3.185835591,0
3.230222852,0
1.660450433,0
3.230527731,0
3.186855392,0
3.231161958,0
3.186507399,0
3.23048037,0
3.185210015,0
3.229748684,0
3.18680393,0
3.230580384,0
3.186771003,0
3.253796351,0
1.660433268,0
1.763318914,0
3.186669436,0
3.230440487,0
3.186030411,0
3.230463779,0
3.186261194,0
3.230587601,0
3.186054251,0
1.65352082,0
3.185109426,0
3.230185742,0
1.660254751,0
3.230405561,0
3.186726106,0
3.229973205,0
3.185818008,0
4.084255715,0
3.186350145,0
3.230096845,0
3.18652524,0
3.230113944,0
3.185186195,0
3.230268751,0
3.186871135,0
3.230506129,0
3.186001787,0
3.408402604,0
3.186738136,0
3.230091737,0
3.18695573,0
1.652765769,0
3.186759759,0
3.230422905,0
3.186962215,0
3.230015952,0
3.187049092,0
1.652901042,0
3.185359932,0
1.652772829,0
3.186214253,0
3.230378632,0
3.186213288,0
3.230434507,0
3.186206567,0
3.229858788,0
1.660479252,0
3.230505876,0
3.186803626,0
3.230481762,0
3.186795542,0
3.23108841,0
3.558525578,0
3.229898808,0
3.186099111,0
3.230674732,0
1.66041969,0
3.230139695,0
3.184924551,0
3.230016112,0
3.186769293,0
3.253987106,0
3.186262501,0
3.404803854,0
1.660199799,0
3.230044416,0
3.184846473,0
3.230394211,0
3.186870731,0
3.230183108,0
3.584174996,0
3.253010743,0
1.660392088,0
1.65267626,0
3.18651931,0
3.23049115,0
3.186034829,0
3.230568425,0
1.660159831,0
3.230548654,0
3.185967346,0
1.667419268,0
3.186461561,0
3.230140868,0
3.18635309,0
1.653026793,0
3.186208841,0
3.229976818,0
3.18625067,0
3.22978132,0
3.185694467,0
3.230524695,0
1.660456565,0
3.230458713,0
3.185986495,0
3.230183847,0
3.187288342,0
3.229733586,0
1.660362098,0
3.253102289,0
3.186226158,0
3.253733616,0
3.186911067,0
1.652541404,0
3.187437653,0
1.771524923,0
3.186085666,0
1.653038301,0
1.660265092,0
1.652433128,0
3.18678157,0
3.230477392,0
3.185970439,0
3.253771734,0
3.186350636,0
3.230320847,0
3.186225866,0
3.230314048,0
3.584985399,0
3.432046844,0
3.185524619,0
3.230281207,0
3.185882182,0
3.230329157,0
1.660215349,0
3.230023065,0
3.186818937,0
3.230117837,0
1.660160979,0
3.230382891,0
3.186175543,0
3.230435094,0
3.186832703,0
3.230112282,0
3.564231581,0
3.230568277,0
3.185212237,0
3.229736783,0
1.94376967,0
3.230520861,0
1.660492082,0
1.653325547,0
3.18567243,0
1.652923987,0
3.185398774,0
3.230446967,0
3.185278696,0
1.652894556,0
3.186114065,0
3.230533073,0
3.187544839,0
3.230547438,0
1.660492173,0
3.229935272,0
3.186219236,0
3.229901067,0
3.186231382,0
3.23013158,0
3.185835836,0
3.229937417,0
3.18617895,0
3.230263247,0
3.185798083,0
3.25296691,0
1.660441708,0
1.652443435,0
3.575289225,0
1.652854453,0
3.185784482,0
3.230002533,0
3.184885831,0
3.230178349,0
3.185941753,0
3.229845864,0
3.186624313,0
3.230119967,0
3.186446872,0
2.900319078,0
1.660363326,0
3.230002014,0
3.186764448,0
3.230336969,0
3.18598903,0
3.23034392,0
3.18639539,0
1.652971442,0
3.186899712,0
3.230019911,0
1.660924768,0
3.399129594,0
3.186238638,0
3.230508836,0
3.185615425,0
3.230387427,0
3.186662446,0
3.253156711,0
3.185953518,0
3.230382193,0
3.186348684,0
3.230489985,0
3.185915213,0
1.652813992,0
3.184949113,0
3.229721546,0
3.186663028,0
3.229462023,0
3.185607432,0
3.230355786,0
3.186747342,0
3.229957198,0
3.186891589,0
3.229810674,0
3.185586494,0
3.230340398,0
1.660399706,0
3.23045997,0
3.186190366,0
3.230378825,0
3.185546433,0
1.652908731,0
1.660479929,0
3.229944427,0
3.18578597,0
3.230033325,0
3.185974556,0
3.230516381,0
3.186273859,0
3.230145988,0
3.186486178,0
3.230214255,0
1.660190609,0
1.652586525,0
3.186077825,0
3.229999479,0
3.186639278,0
3.230055393,0
3.18564868,0
3.39905845,0
3.186209529,0
3.230554104,0
3.18549607,0
3.231324625,0
3.185693686,0
3.230791317,0
3.18549207,0
3.230152054,0
3.186770848,0
3.23003063,0
3.184777338,0
3.230548565,0
3.18671171,0
3.229863435,0
3.185060834,0
3.23045438,0
3.186132971,0
3.229767358,0
1.660143203,0
3.230037097,0
3.18614089,0
3.230419784,0
3.186908775,0
3.229878216,0
3.187072215,0
3.230068498,0
3.185409555,0
3.230095749,0
3.185673063,0
3.229683867,0
3.186626824,0
3.230549036,0
3.186189703,0
3.231011696,0
3.186357194,0
3.231301942,0
3.186036553,0
3.230113403,0
3.18587338,0
3.230749218,0
3.185629855,0
3.229920182,0
1.660716862,0
3.23061855,0
3.186780536,0
3.229911692,0
1.661008306,0
1.653037042,0
3.186799112,0
3.231063226,0
1.934764569,0
3.230483113,0
3.185600707,0
3.230503997,0
3.185584019,0
3.230117768,0
3.186234056,0
3.230406378,0
3.186705783,0
3.230210271,0
3.186545139,0
4.084395261,0
3.186269714,0
3.231085221,0
3.186020038,0
3.230108208,0
3.185566185,0
3.230438463,0
3.186695077,0
3.230015369,0
3.186388667,0
3.411407977,0
3.186689163,0
1.652830901,0
3.185302806,0
3.229938324,0
3.185367489,0
3.230035693,0
3.185194017,0
3.230595337,0
3.185968261,0
1.653363133,0
3.186507621,0
3.23043149,0
3.185542731,0
3.230163906,0
3.185666577,0
3.230063258,0
3.186580668,0
3.408328442,0
3.186597829,0
3.23045788,0
3.18500076,0
3.23067499,0
3.187284614,0
3.230548311,0
3.185706236,0
3.4082716,0
3.185128749,0
3.230218125,0
3.186664892,0
3.231028111,0
3.185813626,0
3.230600553,0
1.660178516,0
3.230549325,0
3.185506789,0
3.230541368,0
3.18676121,0
3.231097446,0
3.185686789,0
3.230099842,0
3.187019752,0
3.230457607,0
3.186817319,0
3.230601885,0
1.660251966,0
3.23052888,0
3.185813746,0
3.230566111,0
3.186663744,0
3.230406689,0
3.187037162,0
3.230207675,0
3.185921191,0
3.231028095,0
3.185859586,0
3.434741984,0
3.185488797,0
1.652697136,0
3.186008329,0
3.230623983,0
3.186002894,0
3.230644849,0
3.186461314,0
3.230310935,0
3.18587692,0
3.230354501,0
3.187039596,0
3.229678405,0
3.186619844,0
3.23053963,0
3.185369703,0
3.230957025,0
1.660217916,0
3.428426217,0
1.660180405,0
3.230063507,0
3.185604786,0
1.652592541,0
3.187614961,0
3.230559202,0
3.186992603,0
3.230378876,0
3.185453871,0
3.230321089,0
3.185190906,0
3.230700955,0
3.185962413,0
3.22962807,0
1.660893532,0
3.230124576,0
3.185977725,0
3.2299322,0
3.185247051,0
1.652385826,0
3.185140161,0
3.230542438,0
3.186593525,0
3.230639672,0
3.186512286,0
3.230667447,0
3.185480931,0
3.390230122,0
3.186694061,0
3.253501158,0
1.660407076,0
3.229729327,0
3.186695941,0
3.230677897,0
3.18602733,0
3.230297368,0
3.186451628,0
1.653637955,0
1.660349604,0
1.652216822,0
1.66059986,0
3.230518453,0
3.186621732,0
1.652750028,0
3.186125189,0
1.652459171,0
3.185900562,0
3.229916273,0
3.185611105,0
3.230128649,0
1.660415119,0
3.229956922,0
3.185211049,0
1.652763256,0
3.187148878,0
3.229883496,0
3.185458961,0
3.230764901,0
3.186432942,0
3.230435809,0
3.186774637,0
3.231177225,0
3.185355579,0
3.230715757,0
1.660439256,0
3.230599699,0
1.661280229,0
3.22967388,0
3.185984498,0
3.230123265,0
3.185784776,0
3.229681507,0
3.186957379,0
3.230456241,0
1.660399057,0
3.230676348,0
3.186767693,0
1.652676557,0
3.186665485,0
1.652518628,0
3.18633084,0
3.230139777,0
3.185368261,0
4.090836883,0
3.185320467,0
3.230502749,0
3.185082685,0
3.230404116,0
3.186127917,0
3.230399702,0
3.184837084,0
3.230451485,0
3.185604815,0
3.230057635,0
3.186063914,0
3.230276988,0
3.186105948,0
3.230054079,0
3.185383375,0
3.231015298,0
3.576307577,0
3.230173893,0
3.186688087,0
1.652644662,0
3.186687608,0
3.229858583,0
1.660089112,0
3.22966519,0
2.138399214,0
3.186790514,0
3.229902622,0
3.185488334,0
3.230026307,0
3.186321743,0
3.230015571,0
3.18626762,0
3.22997484,0
3.184703674,0
3.229879792,0
3.186770316,0
3.229670885,0
5.056667449,0
5.02846893,0
4.93756388,0
5.028690677,0
5.02381917,0
4.937944619,0
4.942392763,0
5.057055511,0
5.024619357,0
5.057046927,0
5.034122364,0
4.973185762,0
5.019624419,0
4.942392731,0
4.973265783,0
4.973269598,0
5.028432206,0
4.905003756,0
5.05713262,0
5.056628713,0
5.052166496,0
5.028200965,0
4.926251165,0
4.937676051,0
4.942764737,0
5.052620726,0
5.028635404,0
5.05216838,0
5.052550706,0
4.942392445,0
5.056872082,0
5.052292217,0
5.028318249,0
5.028210856,0
5.028439136,0
5.052628018,0
4.999837397,0
5.056634233,0
4.937593014,0
5.056867805,0
5.057003169,0
5.028691135,0
5.056637237,0
5.05654032,0
5.028242365,0
5.028221327,0
5.028191013,0
4.973034612,0
5.052550706,0
5.052860622,0
5.01962396,0
5.028565456,0
5.052957541,0
5.023579031,0
4.977811573,0
4.937731132,0
5.057006037,0
4.942392445,0
4.973149725,0
4.948359653,0
5.058501531,0
5.052418697,0
5.023878303,0
5.052086865,0
5.028324691,0
5.052541653,0
4.937944619,0
4.977812045,0
5.056988382,0
4.973132352,0
4.973035085,0
5.028691135,0
5.057006037,0
5.052279062,0
4.973034896,0
5.024483663,0
5.057135199,0
4.972920257,0
5.023606732,0
5.028168058,0
4.937807772,0
4.942490191,0
5.028316174,0
5.040902359,0
5.052415476,0
5.056734669,0
5.056891465,0
5.028565456,0
5.028423628,0
4.942392445,0
5.024483663,0
5.028201484,0
4.999614981,0
4.977690416,0
5.019624419,0
5.028559778,0
4.977946077,0
4.942627321,0
5.057132924,0
4.94261912,0
4.942412185,0
5.05272521,0
5.056997422,0
4.983330774,0
4.942392445,0
5.023739246,0
5.05675833,0
5.024619632,0
5.057123611,0
5.028701148,0
4.977666821,0
4.977904967,0
5.05689101,0
5.028210856,0
4.942764166,0
4.972898187,0
5.056861586,0
4.913140727,0
5.023718913,0
4.942531353,0
5.028449606,0
4.926624148,0
5.024483663,0
4.942509741,0
4.942392445,0
5.056864559,0
5.019642824,0
5.062029135,0
5.05699724,0
5.056999515,0
4.977807229,0
5.028201942,0
5.05240624,0
5.056658865,0
5.028220365,0
5.057132924,0
5.056855398,0
5.056629168,0
5.023999199,0
5.028332841,0
5.028434099,0
5.02843358,0
5.023819446,0
4.942627036,0
5.056642363,0
4.961383127,0
5.052414383,0
4.937690475,0
5.05686826,0
4.978199725,0
5.024076922,0
4.937807772,0
5.052052534,0
5.056750989,0
5.05308518,0
5.05668113,0
5.052085498,0
5.012501715,0
5.056865075,0
5.057123884,0
5.052957541,0
5.052415294,0
5.056684315,0
5.028490818,0
4.977795142,0
4.942764356,0
5.056764396,0
4.942627512,0
5.057124066,0
5.05699724,0
5.056757875,0
4.942392445,0
5.062247225,0
5.028133318,0
5.052717645,0
4.972937346,0
5.053015692,0
5.05674292,0
4.978046145,0
5.052423892,0
4.937573464,0
5.052184969,0
5.052464118,0
5.024251045,0
5.028701148,0
5.028200965,0
5.028201942,0
5.056638207,0
5.052279153,0
4.926329844,0
5.053085935,0
5.028221205,0
5.056635386,0
5.024086155,0
4.942392922,0
5.04124582,0
4.948867243,0
5.052159964,0
5.057124066,0
5.028263484,0
4.977926341,0
5.028418563,0
5.028333299,0
5.028326705,0
4.973032437,0
4.942451569,0
5.028546529,0
4.937573178,0
5.056990809,0
5.05309587,0
5.057132651,0
4.977675023,0
5.028559778,0
4.978182821,0
5.02855932,0
4.942627321,0
5.052173819,0
4.926486245,0
5.02855932,0
5.052173636,0
5.056987927,0
5.052719442,0
5.056757875,0
5.028468808,0
5.028565456,0
5.056766914,0
4.942764166,0
5.056869837,0
4.942549981,0
5.052418029,0
5.028424086,0
5.056996967,0
5.057005794,0
5.023819629,0
5.052339187,0
4.978043343,0
5.028569546,0
4.977889764,0
5.057126614,0
5.012405064,0
4.942529575,0
5.061930735,0
5.052720531,0
5.023576921,0
5.052181687,0
5.056980404,0
4.977830963,0
5.056758481,0
4.942530623,0
5.028432481,0
5.028690677,0
5.05673206,0
5.019992737,0
5.028191013,0
5.05228292,0
4.937866898,0
4.926114314,0
5.052054873,0
4.937807772,0
4.926114314,0
5.028201759,0
5.052553714,0
5.05678375,0
4.977912428,0
5.052853786,0
4.926348916,0
5.028245995,0
5.056755327,0
5.052270281,0
5.056759846,0
4.97767474,0
4.942392445,0
5.056996967,0
5.056764366,0
5.041245363,0
5.056987927,0
5.062385178,0
4.942451569,0
5.012398009,0
5.028191471,0
5.05662298,0
4.937807518,0
4.937807772,0
5.052415294,0
5.056651858,0
4.978042273,0
5.056764821,0
5.028296972,0
5.052405967,0
5.04824689,0
5.04824689,0
5.028162074,0
5.056777258,0
4.937573178,0
4.977792309,0
5.028322371,0
4.977677384,0
5.023955323,0
5.041106961,0
5.056990475,0
5.056628986,0
4.977577474,0
5.023824735,0
4.942627036,0
5.024157026,0
5.023945355,0
5.01252156,0
5.028567898,0
4.942627036,0
4.977677384,0
4.942490477,0
5.056745438,0
5.052287234,0
5.028337176,0
5.052047004,0
5.056632747,0
5.056738825,0
5.056535315,0
5.028259638,0
5.056764366,0
5.056635599,0
5.052046549,0
5.056867744,0
5.012877491,0
5.052277056,0
5.056990748,0
5.028191013,0
5.028333116,0
5.04814221,0
5.057123884,0
5.056987927,0
5.028127791,0
4.942404079,0
5.052173363,0
5.028333116,0
5.028419293,0
5.056891465,0
5.023727536,0
5.053095961,0
5.052717645,0
5.028565731,0
5.056784205,0
5.028191013,0
4.973033036,0
5.052050772,0
5.052389257,0
5.056657075,0
5.052415294,0
4.97767474,0
5.056634689,0
4.948637032,0
5.052165889,0
4.942392445,0
4.977909154,0
4.978002706,0
4.926330163,0
5.023621989,0
4.942627321,0
5.052341071,0
5.052389257,0
5.02381969,0
4.937573178,0
5.028322645,0
4.972894655,0
4.999721266,0
5.0521819,0
4.937573178,0
5.052184969,0
5.056923225,0
5.028225448,0
5.041015587,0
4.942392445,0
4.942823861,0
4.937711582,0
5.02357686,0
4.937615424,0
4.977812203,0
5.056632413,0
5.028336932,0
4.94276388,0
4.942509741,0
4.913258032,0
5.056770888,0
4.948617483,0
5.024180004,0
5.057132651,0
5.05227417,0
5.028419751,0
4.942412471,0
5.028432664,0
4.97767474,0
4.978043627,0
4.942808437,0
5.056734427,0
5.052043996,0
4.972917545,0
5.056777258,0
5.052204352,0
5.028565914,0
5.053096052,0
5.028565456,0
5.056764366,0
5.052184969,0
5.056654072,0
4.977945605,0
4.937573178,0
5.052724937,0
5.023818895,0
5.057003489,0
4.973265057,0
5.028284184,0
5.056856239,0
5.02845852,0
4.973129704,0
5.052270281,0
5.033979079,0
5.052240568,0
5.028338336,0
4.977946077,0
4.942392731,0
5.056631412,0
5.028567898,0
5.052727944,0
5.028136688,0
4.942392922,0
4.977677384,0
4.937944619,0
4.999737359,0
4.977670396,0
4.973265247,0
5.028342213,0
5.052405967,0
5.056994904,0
5.056637237,0
4.942392922,0
5.052424348,0
5.056997422,0
5.02843358,0
4.94276388,0
5.056997422,0
5.024619632,0
5.062275361,0
4.942392922,0
5.057057665,0
5.056614204,0
4.942783905,0
5.028201942,0
5.041235336,0
5.05699724,0
4.937711582,0
5.023809203,0
5.0569882,0
5.05699093,0
5.028237903,0
5.052420641,0
4.913471106,0
5.028690677,0
5.057132651,0
5.052291427,0
5.024619816,0
5.057124066,0
5.028554985,0
5.056868139,0
5.052524092,0
5.028632836,0
5.028326705,0
4.972917735,0
5.056880666,0
5.056764366,0
5.012635603,0
4.942392445,0
5.056968817,0
5.023945355,0
5.023587072,0
4.99990611,0
5.024251504,0
5.052282282,0
4.973037671,0
4.978049261,0
5.056764821,0
5.056757875,0
5.056786571,0
4.948105233,0
5.052542108,0
4.983611413,0
5.056861313,0
5.052724937,0
5.057123611,0
5.051953337,0
5.056731423,0
2.711018028,1
2.052179653,1
2.711015464,1
2.711014814,1
2.711022901,1
2.711017082,1
2.05222003,1
2.711015316,1
2.711017513,1
2.052193846,1
2.735109938,1
2.051825666,1
2.711015578,1
2.711017148,1
2.052192875,1
2.711015453,1
2.051825637,1
2.711017484,1
2.711017259,1
2.052193033,1
2.711014792,1
2.052197667,1
2.625709164,1
2.71101723,1
2.05223558,1
2.711029086,1
2.051846401,1
2.652744824,1
2.711031201,1
2.052194203,1
2.711017929,1
2.050427852,1
2.625707569,1
2.735116805,1
2.052203185,1
2.711027386,1
2.052198839,1
2.625717909,1
2.711017128,1
2.711017663,1
2.051588548,1
2.625706254,1
2.711017506,1
2.052236414,1
2.71102292,1
2.051439541,1
2.625707814,1
2.711016403,1
2.052194027,1
2.711026279,1
2.051576112,1
2.052196323,1
2.711019827,1
2.052194396,1
2.711035849,1
2.051845572,1
2.052250656,1
2.711015772,1
2.052195711,1
2.051844782,1
2.625715702,1
2.711015533,1
2.052232421,1
2.711019783,1
2.625705891,1
2.711017653,1
2.052202731,1
2.052192712,1
2.051826535,1
2.711015005,1
2.711026535,1
2.711015474,1
2.052230517,1
2.711017481,1
2.71102866,1
2.711015993,1
2.052196533,1
2.052249518,1
2.711016873,1
2.052192898,1
2.711014858,1
2.052379699,1
2.711018314,1
2.707263477,1
2.052203007,1
1.706152647,1
2.711017252,1
2.052195526,1
2.711018996,1
2.711016348,1
2.432937768,1
2.625708797,1
2.711015461,1
2.71101592,1
2.71101895,1
2.052192319,1
2.625724752,1
2.71101582,1
2.052253959,1
2.0522333,1
2.052193566,1
2.625709007,1
2.711022756,1
2.711015688,1
2.052194112,1
2.625708178,1
2.052193535,1
2.05219247,1
2.711015341,1
2.052192703,1
2.625708194,1
2.052193134,1
2.052193352,1
2.05220268,1
2.048805307,1
2.625704934,1
2.052192412,1
2.052984813,1
2.711015961,1
2.052192827,1
2.05220491,1
2.052193496,1
2.051826509,1
2.05224276,1
2.052221133,1
2.625709596,1
2.052194163,1
2.051415669,1
2.71101905,1
2.052192066,1
2.711024813,1
2.052193359,1
2.052192056,1
2.052250102,1
2.052192957,1
2.052231459,1
2.051411996,1
2.051827148,1
2.62570964,1
2.052192675,1
2.052193595,1
2.711030282,1
2.633122267,1
2.711032028,1
2.711017297,1
2.052193377,1
2.625708961,1
2.052195386,1
2.711015618,1
2.052222819,1
2.711030937,1
2.711024845,1
2.047515045,1
2.711023238,1
2.052192318,1
2.709932338,1
2.051399251,1
2.711020629,1
2.05219312,1
2.051845499,1
2.62570796,1
2.709745208,1
2.052229731,1
2.051065149,1
2.711016183,1
2.711019614,1
2.053981072,1
2.711015403,1
2.625706102,1
2.711017133,1
2.052220354,1
2.050045224,1
2.711015934,1
2.711015746,1
2.052237791,1
2.711015694,1
2.051845436,1
2.625706601,1
2.052255482,1
2.709758105,1
2.625706141,1
2.711015317,1
2.052193178,1
2.711017729,1
2.051826132,1
2.711015994,1
2.711018533,1
2.052193678,1
2.051845093,1
2.622148484,1
2.711015145,1
2.052194655,1
2.711019386,1
2.051846276,1
2.711014898,1
2.711031378,1
2.711016794,1
2.051155017,1
2.711015855,1
2.052191925,1
2.052189812,1
2.711015075,1
2.052218659,1
2.711016535,1
2.052196976,1
2.711027461,1
2.711015767,1
2.711019796,1
2.711015455,1
2.051045416,1
2.711020612,1
2.71101597,1
2.063202506,1
2.71101581,1
2.052221945,1
2.711014471,1
2.709933882,1
2.7072388,1
2.052469163,1
2.71101949,1
2.711015632,1
2.052193641,1
2.711016385,1
2.05181746,1
2.625710136,1
2.711016816,1
2.052223263,1
2.711016899,1
2.051846466,1
2.711018037,1
2.711016652,1
2.063213086,1
2.633147125,1
2.62571551,1
2.052230496,1
2.711014661,1
2.053255248,1
2.625707374,1
2.711017311,1
2.052215416,1
2.71101675,1
2.05158832,1
2.625706526,1
2.711040485,1
2.711017358,1
2.05158854,1
2.62570688,1
2.711025543,1
2.711015716,1
2.051984411,1
2.64941758,1
2.711017471,1
2.05223014,1
2.711018197,1
2.051825816,1
2.052192896,1
2.711015241,1
2.05219285,1
2.711016578,1
2.051588254,1
2.71102974,1
2.709757081,1
2.052202876,1
2.051829614,1
2.625717512,1
2.711015781,1
2.052191888,1
2.711015854,1
2.052230664,1
2.052192903,1
2.711015055,1
2.707241143,1
2.711015708,1
2.052235725,1
2.711016511,1
2.051845496,1
2.625707877,1
2.711021738,1
1.99333125,1
2.653021695,1
2.711017966,1
2.052214242,1
2.711027237,1
2.711015559,1
2.711015653,1
2.625708335,1
2.711018042,1
2.052194101,1
2.711019957,1
2.71101562,1
2.711017027,1
2.711018377,1
2.052192577,1
2.707253897,1
2.735110383,1
2.711016971,1
2.71101416,1
2.052192643,1
2.711017366,1
2.711016163,1
2.711017056,1
2.7110155,1
2.052193573,1
2.732548041,1
2.711015379,1
2.709932079,1
2.711029193,1
2.052194296,1
2.711015079,1
2.711014779,1
2.711015199,1
2.711015888,1
2.052192837,1
2.711017344,1
2.711018181,1
2.711019649,1
2.709934574,1
2.05222121,1
2.711015972,1
2.711016223,1
2.711014311,1
2.711019587,1
2.049335406,1
2.625721389,1
2.052256389,1
2.052194091,1
2.711015857,1
2.0628469,1
2.625707413,1
2.711015456,1
2.711023646,1
2.711015531,1
2.0521965,1
2.62570775,1
2.711015922,1
2.71101774,1
2.711025071,1
2.051845411,1
2.649417957,1
2.711016071,1
2.711015826,1
2.711024599,1
2.051846045,1
2.625715296,1
2.711016647,1
2.051433276,1
2.707237998,1
2.052222233,1
2.625717856,1
2.711018531,1
2.052193051,1
2.735115728,1
2.051306991,1
2.625706619,1
2.052202791,1
2.052192907,1
2.711029769,1
2.056205846,1
2.052230778,1
2.711018778,1
2.052207295,1
2.708662766,1
2.052222217,1
2.052194149,1
2.052238212,1
2.711032135,1
2.711016212,1
2.051588927,1
2.711017435,1
2.711017793,1
2.052203835,1
2.052249373,1
2.051827184,1
2.052253719,1
2.711017861,1
2.052193845,1
2.711016031,1
2.052193264,1
2.711016395,1
2.711018384,1
2.052199414,1
2.052194374,1
2.053165003,1
2.625708184,1
2.711023798,1
2.711049633,1
2.711014756,1
2.052221178,1
2.711015717,1
2.711022453,1
2.711032412,1
2.711014562,1
2.052196392,1
2.625714166,1
2.711014715,1
2.052203382,1
2.711018516,1
2.052191971,1
2.7110161,1
2.732548065,1
2.7110274,1
2.718340513,1
2.052877813,1
2.71101812,1
2.711017343,1
2.052252502,1
2.711017266,1
2.052193295,1
2.711015749,1
2.71102382,1
2.711030687,1
2.711015076,1
2.052220574,1
2.625707347,1
2.711014602,1
2.052222603,1
2.711020127,1
2.052193781,1
2.635216582,1
2.711019646,1
2.711016646,1
2.711017972,1
2.052191789,1
2.711024903,1
2.250258961,1
2.316985664,1
2.05398061,1
2.625707205,1
2.052193237,1
2.71101566,1
2.7110292,1
2.05219331,1
2.711015494,1
2.052230529,1
2.711015986,1
2.707241043,1
2.052194318,1
2.711014255,1
2.052193479,1
2.711016115,1
2.711015034,1
2.732547612,1
2.625705879,1
2.711014967,1
2.052193837,1
2.05225566,1
2.711030179,1
2.711016798,1
2.711034542,1
2.052192209,1
2.711019143,1
2.711017267,1
2.625708147,1
2.711029647,1
2.052192939,1
2.711016839,1
2.711014899,1
2.722721057,1
2.052194597,1
2.052192581,1
2.711016111,1
2.711021779,1
2.711015443,1
2.711016161,1
2.052193717,1
2.711014913,1
2.735112661,1
2.711019118,1
2.711015785,1
2.052197449,1
2.317232175,1
2.711018046,1
2.05219268,1
2.052228923,1
2.711014614,1
2.711020179,1
2.051410797,1
2.711016672,1
2.052230575,1
2.711016931,1
2.052235684,1
2.052197203,1
2.711030052,1
2.052224518,1
2.052205195,1
2.711015677,1
2.711016463,1
2.711017635,1
2.709746695,1
2.052195278,1
2.711017248,1
2.711015741,1
2.732547673,1
2.711016254,1
2.052191953,1
2.711017633,1
2.711017028,1
2.722721143,1
2.711020576,1
2.05219228,1
2.711021724,1
2.71101705,1
2.711016399,1
2.711026275,1
2.052192283,1
2.711014855,1
2.711040282,1
2.728836217,1
2.71101616,1
2.052221826,1
2.711017793,1
2.71101429,1
2.711015856,1
2.711017916,1
2.052202517,1
2.711018135,1
2.052235021,1
2.711031347,1
2.711015356,1
2.052192478,1
2.052231593,1
2.71101525,1
2.709931915,1
2.711016188,1
2.052222912,1
2.711014935,1
2.711014681,1
2.052257509,1
2.720562082,1
2.051827356,1
2.711015458,1
2.711015875,1
2.052193594,1
2.711019444,1
2.052193238,1
2.625707731,1
2.052214703,1
2.051448829,1
2.711015337,1
2.046360491,1
2.625705815,1
2.711017864,1
2.711016268,1
2.711030248,1
2.052193259,1
2.052230754,1
2.711016223,1
2.052191953,1
2.711016854,1
2.05149883,1
2.62570905,1
2.711015751,1
2.052230549,1
2.711016249,1
2.711015575,1
2.711030481,1
2.052251715,1
2.711016797,1
2.711016299,1
2.711016923,1
2.711014917,1
2.052192034,1
2.711018631,1
2.709892386,1
2.71101898,1
2.709747424,1
2.052193192,1
2.711015565,1
2.711014499,1
2.711017501,1
2.711015646,1
2.052192873,1
2.711016232,1
2.711018135,1
2.057414125,1
1.935000041,0
2.183075733,0
2.189938412,0
2.435536515,0
2.443594969,0
2.231080093,0
2.10729674,0
2.275308671,0
2.235091456,0
2.351097466,0
2.211274869,0
2.154866697,0
2.53692575,0
2.518037218,0
2.262224505,0
2.397887234,0
2.379401291,0
2.379360112,0
1.898977187,0
2.183073655,0
2.510162617,0
2.425407505,0
2.507092921,0
2.423806755,0
2.424014216,0
2.156580965,0
2.156917154,0
2.421823397,0
2.220080446,0
2.276774993,0
2.432483289,0
2.515265391,0
1.96712526,0
2.377503485,0
2.436728221,0
2.497356456,0
2.164035713,0
2.113621498,0
2.17430616,0
2.379297422,0
2.480447681,0
2.251561951,0
2.342325662,0
2.472316907,0
2.170417723,0
2.051988509,0
2.398500113,0
2.180913158,0
2.065881809,0
2.526372448,0
2.3874593,0
2.56590731,0
2.211996915,0
2.15801081,0
2.38230711,0
2.086028275,0
2.234587979,0
2.011437081,0
2.37549347,0
1.959115489,0
2.395698376,0
2.523079094,0
2.133170017,0
2.500056666,0
2.111644095,0
2.173495797,0
2.137112423,0
2.147163956,0
2.406182838,0
2.521815923,0
1.981754881,0
2.200355453,0
2.121263399,0
1.952003284,0
2.423818028,0
2.146077446,0
2.459608053,0
2.551017256,0
2.203433907,0
2.128498149,0
1.941837516,0
2.428370399,0
2.446082293,0
2.580915062,0
2.499650541,0
2.227111256,0
2.493724116,0
1.988116149,0
2.583245992,0
2.409573739,0
2.389625128,0
2.387921251,0
2.263882352,0
2.007562157,0
2.419266661,0
2.184665884,0
2.414217944,0
2.110685306,0
2.104762413,0
2.398454772,0
2.502818454,0
2.161750485,0
1.930484057,0
2.25162705,0
2.556440345,0
2.187411227,0
2.52327712,0
2.440767308,0
1.999178975,0
2.384964683,0
2.077513786,0
1.984529762,0
2.167377946,0
2.447127687,0
1.963171873,0
2.401063343,0
2.396183107,0
2.436405515,0
1.989486877,0
2.531508096,0
2.116902697,0
2.120561068,0
1.870677732,0
2.187762952,0
2.079507708,0
2.089126253,0
1.89876209,0
1.904080113,0
2.496171255,0
2.113240438,0
2.224920453,0
2.419381246,0
2.428391933,0
2.342350998,0
2.16416389,0
2.516613175,0
2.239666506,0
2.29814476,0
2.534798556,0
2.080914405,0
2.378521781,0
2.091888812,0
2.523094267,0
2.105981033,0
2.103694326,0
2.50543894,0
2.535708112,0
2.447755496,0
2.394234863,0
2.576529569,0
2.424228396,0
1.981487129,0
2.24932387,0
2.120405706,0
2.540702506,0
2.606170757,0
2.40740014,0
2.218621446,0
2.462056939,0
2.070229461,0
1.980933287,0
2.433498637,0
2.460863122,0
2.262039742,0
2.203104414,0
1.920310185,0
2.001800375,0
2.399872779,0
1.991342586,0
2.123459906,0
1.982430856,0
2.392687111,0
2.179146869,0
2.15798312,0
2.145778385,0
2.275887353,0
2.424741321,0
1.983365336,0
2.526553096,0
2.200125992,0
2.585671774,0
2.184635732,0
1.914003751,0
2.380936961,0
2.2091866,0
2.479714641,0
2.57310625,0
2.494749969,0
2.108539704,0
2.509064715,0
2.464082074,0
2.504411158,0
2.501176945,0
2.031592503,0
2.47071785,0
2.158470764,0
2.170535261,0
2.005066684,0
1.97784246,0
1.87030012,0
1.96078823,0
2.376494575,0
2.163149669,0
2.481133801,0
2.319458579,0
2.417089092,0
2.037636279,0
2.216484196,0
2.503355818,0
2.401455946,0
2.46573742,0
2.14910868,0
2.393466933,0
2.373887963,0
2.172348142,0
2.550663532,0
2.173214792,0
2.110547592,0
2.172608553,0
2.17458041,0
2.29873059,0
2.181163449,0
2.067963931,0
2.181371952,0
2.477506077,0
2.086080019,0
1.904740411,0
2.502389458,0
2.364426457,0
2.388154632,0
1.950499843,0
2.475564168,0
1.982779221,0
2.154101121,0
2.522768886,0
2.479039484,0
1.976053097,0
2.539817241,0
2.203019275,0
2.218064866,0
2.439844455,0
2.540043583,0
2.307373769,0
2.561878731,0
2.197043918,0
2.253505404,0
2.44703519,0
2.155904499,0
1.987308787,0
2.336910332,0
2.173164464,0
2.378973118,0
2.182720326,0
2.542646411,0
2.470246631,0
2.21149335,0
2.608352914,0
2.422855934,0
2.131801281,0
2.481345666,0
2.439262409,0
2.238426551,0
0,0
0.453647723,0
2.157947058,0
0.479763484,0
2.112523308,0
0.442725786,0
0.459573787,0
0.477317695,0
2.332789155,0
0.486258518,0
0.463097333,0
2.409132946,0
0.445310617,0
2.006383821,0
0.453471337,0
2.477409186,0
0.430592843,0
2.468699929,0
0.438444947,0
2.302077349,0
0.438444947,0
2.117992592,0
2.369085088,0
0.473162536,0
2.419447747,0
0.461120988,0
0.462324192,0
0.461385627,0
0,0
1.846759874,0
0.483267325,0
2.388015192,0
0.497068241,0
2.129803631,0
2.030579962,0
2.249429641,0
2.428356323,0
2.275571808,0
2.506729828,0
2.048845186,0
2.520285133,0
2.469138718,0
1.886951994,0
1.944188153,0
2.443237245,0
2.432993308,0
2.197734882,0
2.103878052,0
2.52276025,0
2.48968669,0
2.309068447,0
2.543775167,0
2.451941786,0
2.172835879,0
2.181672798,0
2.577339713,0
2.531597409,0
2.217650438,0
2.38650127,0
2.089740433,0
2.417926984,0
2.36064415,0
2.548022665,0
2.107100886,0
2.219902188,0
2.12895837,0
2.214521988,0
2.428793094,0
2.499501747,0
2.193654086,0
2.445950474,0
2.498726247,0
2.530813969,0
2.185609069,0
2.014411338,0
2.557780735,0
2.450198722,0
2.039878202,0
2.166608711,0
2.06735432,0
2.437989359,0
2.200732338,0
2.0871383,0
1.97095203,0
2.01434203,0
2.266042625,0
2.520846546,0
1.973638429,0
2.525910031,0
2.096423048,0
2.551957847,0
2.178140362,0
2.080980884,0
2.415072398,0
1.867448352,0
2.447836426,0
1.865777863,0
2.4015306,0
2.443479307,0
2.514832268,0
2.107977125,0
2.296940475,0
2.50582034,0
2.199924433,0
2.420025773,0
2.446644444,0
2.425836482,0
2.432062064,0
2.389390393,0
2.407855409,0
2.381555598,0
2.414924446,0
2.399438512,0
2.158740783,0
1.938237509,0
2.233190719,0
2.486076476,0
2.436528663,0
2.445825474,0
2.363801721,0
2.402124464,0
2.020855257,0
2.495977734,0
2.443855048,0
2.576292022,0
2.644912538,0
2.425806644,0
2.067612699,0
1.973896527,0
2.167645415,0
2.04793291,0
2.455235406,0
2.024983293,0
2.118483168,0
2.216830395,0
2.433932443,0
2.413711759,0
2.49511223,0
2.225861786,0
2.410956674,0
2.494925958,0
1.905742322,0
2.229963907,0
2.532822877,0
2.519739669,0
2.170862599,0
2.212603693,0
2.113405484,0
2.370991545,0
2.429413003,0
2.402131453,0
2.307034543,0
2.076476158,0
2.046204673,0
2.487102459,0
2.415790539,0
