RMC,CCC
7.5,1.660180405
5,3.230063507
6.666666667,3.185604786
6.666666667,1.652592541
5,3.187614961
6.666666667,3.230559202
5,3.186992603
6.666666667,3.230378876
8.333333333,3.185453871
5,3.230321089
5,3.185190906
5.833333333,3.230700955
5.833333333,3.185962413
5.833333333,3.22962807
5,1.660893532
6.666666667,3.230124576
5,3.185977725
5,3.2299322
5,3.185247051
5.833333333,1.652385826
5.833333333,3.185140161
5,3.230542438
5,3.186593525
5,3.230639672
5.833333333,3.186512286
5,3.230667447
6.666666667,3.185480931
5.833333333,3.390230122
7.5,3.186694061
5,3.253501158
6.666666667,1.660407076
6.666666667,3.229729327
8.333333333,3.186695941
6.666666667,3.230677897
5.833333333,3.18602733
5,3.230297368
8.333333333,3.186451628
5.833333333,1.653637955
5.833333333,1.660349604
5.833333333,1.652216822
5.833333333,1.66059986
5.833333333,3.230518453
5,3.186621732
6.666666667,1.652750028
6.666666667,3.186125189
6.666666667,1.652459171
5,3.185900562
5.833333333,3.229916273
5,3.185611105
5,3.230128649
6.666666667,1.660415119
5.833333333,3.229956922
5,3.185211049
5,1.652763256
5.833333333,3.187148878
5.833333333,3.229883496
5,3.185458961
6.666666667,3.230764901
5.833333333,3.186432942
6.666666667,3.230435809
7.5,3.186774637
4.166666667,3.231177225
8.333333333,3.185355579
5,3.230715757
8.333333333,1.660439256
6.666666667,3.230599699
5,1.661280229
5.833333333,3.22967388
6.666666667,3.185984498
6.666666667,3.230123265
5,3.185784776
5.833333333,3.229681507
5,3.186957379
5,3.230456241
4.166666667,1.660399057
5,3.230676348
5,3.186767693
6.666666667,1.652676557
5.833333333,3.186665485
5.833333333,1.652518628
6.666666667,3.18633084
5,3.230139777
5,3.185368261
5,4.090836883
5,3.185320467
6.666666667,3.230502749
5,3.185082685
5,3.230404116
5.833333333,3.186127917
5,3.230399702
5,3.184837084
10.83333333,3.230451485
7.5,3.185604815
5.833333333,3.230057635
10.83333333,3.186063914
11.66666667,3.230276988
6.666666667,3.186105948
5.833333333,3.230054079
4.166666667,3.185383375
5.833333333,3.231015298
6.666666667,3.576307577
5.833333333,3.230173893
5.833333333,3.186688087
5.833333333,1.652644662
5.833333333,3.186687608
5,3.229858583
5,1.660089112
5,3.22966519
6.666666667,2.138399214
5,3.186790514
6.666666667,3.229902622
5.833333333,3.185488334
5.833333333,3.230026307
8.333333333,3.186321743
7.5,3.230015571
5,3.18626762
5,3.22997484
5,3.184703674
5,3.229879792
5,3.186770316
5,3.229670885
32,5.052546453
30,5.028632836
33,5.052418089
24,5.053084906
57,5.052418089
28,5.023692649
43.5,4.978046428
39.5,5.052405329
55,5.028423628
31,4.999624336
44,4.948994217
26,4.937807009
45.5,5.057006037
45.5,5.023954864
45.5,4.913089386
62,5.052167074
24.5,4.942913024
45.5,5.019838391
49.5,5.048878801
32,5.033987643
45.5,5.056825693
45.5,4.937475717
51,5.024475618
37,5.041381053
54,5.056990748
22,4.933147329
56,5.052414109
22,4.942627512
49.5,4.999983377
24,4.999963591
45.5,5.02825959
62,5.052054174
23,5.028326705
54,5.056864559
33.5,5.057115291
49,5.028624
31,5.05254147
45.5,5.028691135
45.5,5.028561198
45.5,5.023576585
45.5,5.056996997
56,5.023954864
30.5,4.942784032
59,5.052290789
27.5,5.028671292
47.5,4.999643014
27,5.028329147
61,5.023587347
39,4.973804392
51.5,4.937810156
33.5,4.913216466
43.5,5.028288211
41.5,5.052550372
42.5,4.926251165
35,5.05219302
42.5,4.937934017
36.5,5.028352501
43.5,4.978018206
26,5.052418879
47,4.937710756
24,5.05662298
57.5,5.052550706
27.5,4.942765023
45.5,4.949414334
54,5.041439206
22,4.942764356
53,5.057003489
37.5,5.028252691
45.5,5.05218348
53,5.0523672
36.5,4.9999847
42.5,4.926115749
31.5,5.052429604
32,5.052541653
47.5,4.948917829
22,4.942783905
47.5,5.019915503
26,4.942403603
51.5,4.972888223
32.5,5.052424409
45,5.057113722
22,4.93793691
52,4.942901581
27,5.052061588
58,5.041013575
27,5.024251045
30.5,4.948731826
34.5,5.024677512
62,5.057001032
25.5,5.064319123
57,5.028628188
39,5.028643109
51,5.024638834
30,5.048329905
23.5,5.028691135
53.5,5.048267856
23,4.973259635
52.5,5.057126159
30.5,4.937799555
43.5,5.012907459
22,4.942764166
48.5,5.028381108
36.5,5.052396609
27,4.972898187
50.5,5.05228848
38.5,5.041249905
49.5,4.972890872
33,5.052282677
50.5,5.057006037
39,5.028391106
49,5.057126311
29.5,5.052388345
42.5,5.023945478
31,5.028623144
60.5,5.028570065
30.5,4.961851154
31,5.028701422
35.5,5.000002763
48.5,5.028500475
40.5,5.052194721
44.5,5.028587282
22.5,4.913238321
34.5,5.052424166
38,5.05294157
50,5.028561304
28,5.056850445
31,5.000106371
33,4.948734968
58,5.052442577
35.5,4.961775332
43,4.938084898
28,5.052412286
57,5.041248807
39,4.961614136
47.5,5.024342561
29,5.056855125
56,5.028220808
26,4.943174413
34,4.937848429
62,5.029099902
32.5,5.028486869
49.5,5.028221566
33.5,5.052549977
58.5,5.0525446
27,5.028326705
50,5.029039918
23,5.029108498
24,5.02896667
24,5.056855125
59,5.057539702
34.5,5.020389673
44.5,4.995620444
25,4.978452585
47.5,5.024005039
30.5,5.028691135
63,5.024106794
22.5,4.94276388
54.5,5.028342213
29.5,5.041788122
28,5.04849033
48.5,5.028893767
32,5.041238536
39.5,4.978049261
57,5.000115787
24.5,5.05677744
24,5.012887613
43.5,4.977670679
24,5.052806462
45,5.028693119
35,4.97818046
54,5.057115291
40,5.028493228
22,4.913470914
43.5,4.977779291
23,4.948864577
48,4.948866957
25,5.052560307
42.5,4.938344621
31.5,5.037332793
28,5.057401773
42.5,4.942755488
26,4.913119
38.5,5.057132651
55.5,4.999727482
30.5,4.942392922
51.5,5.052551557
22,4.937680987
42.5,4.942621183
26,4.926329366
45.5,5.052421279
26,4.937562577
50,5.02855932
34,5.023719311
57,5.056652131
27,5.006325899
52,4.961688755
152.5,5.040885535
62,5.028633295
23,5.023577043
42.5,5.028507691
49.5,5.023824735
49,5.056987927
49,5.05242055
49,5.056655043
49,4.961846979
46,4.996036972
47.5,5.057155037
49,5.057133106
49,5.056764639
49,5.05255098
49,5.028693102
49,5.024619694
49,5.01276489
49,5.012765074
49,5.008775879
42.5,4.937944619
43.5,5.052540863
53,5.052405147
45.5,5.052422039
57.5,5.013294983
43,4.942808723
43.5,5.05256052
43.5,5.052156197
42.5,4.942765023
53,5.057143449
43.5,5.028570065
56.5,5.052544205
42.5,5.041779314
46,5.056990748
42.5,5.024353232
42.5,4.938004348
46,5.033700664
42.5,5.02000197
65,5.057059364
61,5.048132685
43,5.024011949
56,5.024013539
45.5,5.028497998
42.5,4.926485767
52.5,5.023944897
42.5,5.057193045
46.5,4.937945096
42.5,5.028559778
44.5,5.028569974
43,5.041250057
61.5,4.937944619
58,5.028502646
42.5,4.978199725
55.5,4.973394074
65,4.938354618
42.5,5.052541288
44.5,5.028712211
59.5,4.926348916
54.5,5.056992711
121.5,5.052253571
49.5,5.052469982
64,4.926348916
57,5.012509874
26.5,4.937935321
59.5,5.052412742
42.5,5.0131522
50.5,5.052588957
65.5,5.056654861
59.5,5.052423892
42.5,4.942764166
64,5.057510005
61,5.02849066
131.5,4.978049072
59.5,5.028578888
48.5,5.023953764
64.5,5.024361946
55.5,5.024096643
56.5,5.057182793
45.5,5.057124603
64,4.978061349
51.5,5.024076463
64.5,5.028371722
141.5,5.024483663
47.5,5.023809478
59.5,5.052544478
22.5,4.938072771
53.5,5.056975339
56.5,5.056770993
50,5.028672187
65,4.978041801
23,5.056986129
47,5.052417846
56.5,5.023719097
45.5,4.999982854
58,5.057000759
42.5,5.052183055
48,4.97781151
43.5,5.02357686
47.5,4.973265152
64,5.041393305
54.5,5.052287234
64,5.056906222
44.5,5.041636371
29,5.048500464
56.5,5.048352315
65,4.973127938
42.5,4.913460851
42.5,4.977926058
46,5.028225723
46,4.961870418
42.5,4.97767474
43,5.041312157
46,5.052821855
46.5,4.937690952
50.5,5.041372397
42.5,5.023585452
114.5,4.913471106
61.5,4.977669465
55.5,5.057123884
61.5,5.028567898
56.5,4.973815994
47,5.019614267
148.5,4.913609753
65,5.04177843
59.5,4.972893646
43.5,5.028578704
64,5.052423193
56.5,4.937934081
42.5,5.052270555
42.5,4.942775323
64,5.041243626
43.5,5.012888656
63.5,5.000086308
64.5,4.978182223
57,5.057181761
56.5,5.028571714
61,5.028434557
42.5,4.942529575
56.5,5.012377887
43.5,5.057143714
52.5,5.037176068
65,5.052137725
45.5,4.942627036
38.5,5.052947343
34,4.942764737
47.5,5.024344548
31,5.052939018
54,4.942392731
40.5,5.028319776
46.5,4.926485767
35,5.02408695
43.5,5.023809203
32,5.057123611
42.5,4.937944905
34.5,5.000380206
43.5,5.028191349
37,5.02414538
44,5.024086614
36.5,5.052541653
42.5,4.913470626
23,5.02855932
47.5,5.023944897
23,4.927013971
45,5.05712433
28,5.028977141
48.5,5.012754185
30,5.023935204
22,4.942814421
45.5,5.052938228
27.5,4.973403659
52,5.023954589
24,5.057000243
58,5.057124066
23,4.93793513
53,5.056994198
27,5.023857665
54,5.057412967
31,5.052534513
23,5.033979536
58,5.057003944
31.5,5.057401955
33.5,5.056990475
35,4.978172258
53,5.028623725
31,5.05257009
42.5,4.942757551
34,4.942902406
43.5,4.937944619
31,4.943166021
41.5,5.052552833
27,4.973265089
34.5,5.041788122
55,5.057136564
33,5.052414838
53.5,5.041300255
37.5,5.041258576
40.5,5.056992711
52,5.052540559
28,5.048489128
48.5,5.053093226
27,4.978046145
42.5,4.937797521
37.5,5.052413714
53,5.052406423
24,5.03731176
36.5,5.05281591
58.5,5.052550706
22,4.938355158
58,5.052831223
23.5,5.028690952
47.5,5.025026897
36.5,5.052830737
51.5,5.056662132
30.5,5.028491088
50.5,5.056996967
22,4.942764166
33,5.04125155
58,5.052531961
22.5,4.942901581
44.5,5.023954589
35,5.041373342
42.5,4.913460851
38.5,5.023945172
47,4.977830963
30,5.057126614
48.5,4.978051591
24,5.028490721
57.5,5.056900505
41,5.056996967
48.5,4.938082546
31.5,5.019963659
34,5.041382882
44,5.012745934
36.5,5.040975264
30,5.028633111
56.5,5.057046077
31,5.052473172
49.5,5.028568173
30,5.056871202
42.5,4.926348916
26,4.937798284
37,5.052173484
48,4.97818046
35,5.02855526
54,5.056538287
23,4.948731826
29.5,5.062153035
40.5,5.056847451
47.5,4.948517261
37.5,5.052551162
42.5,4.942627512
25,5.028624183
64,5.056637843
54,5.028623419
42.5,4.961844227
55.5,5.052074986
42.5,5.052163671
45,4.937820058
42.5,4.973264774
42.5,4.937934081
42.5,5.052541015
46.5,5.028423628
42.5,5.057115291
42.5,4.93834745
42.5,4.942549696
46,5.052072707
43.5,5.052398614
49.5,5.052279153
42.5,4.93756601
42.5,5.028553951
39,4.973383291
50,5.02833552
31.5,5.024362741
43.5,4.913470914
25.5,5.052414474
51.5,5.02406677
36.5,5.028565456
54.5,5.052405329
38.5,5.028652221
54,5.056999151
35.5,5.056634689
43.5,4.942764356
23.5,5.028419751
48.5,5.0281894
30,5.052415021
53,4.824551226
52,5.057007675
35,4.938083023
44.5,4.977909311
22,4.937944619
43.5,4.948869147
29,5.057123611
28,4.937945096
44.5,5.023712554
24,5.023954864
54.5,5.056816025
39.5,5.052285594
61,5.028134609
24,4.968493037
43.5,4.973265121
29.5,5.041371361
32,5.041244418
54.5,5.056693354
22,4.937573655
46.5,5.052423832
34.5,5.041228844
58,5.056656893
23,5.019992553
44.5,5.056990809
41,5.056997422
48.5,5.00016339
34,5.000512615
31,5.052957764
28,5.028554985
55,5.05739949
36.5,5.028505673
42.5,4.942392445
45,5.056636903
29.5,5.052181627
48.5,5.041290928
25,5.052405177
44.5,5.056855398
35.5,5.024351153
58.5,5.052543567
33,5.040882457
49.5,5.05213417
32,5.052957035
47.5,5.052334752
39.5,5.057123611
52.5,5.012503555
37.5,5.056777531
34,4.913609465
34,5.056639208
51.5,5.024075851
30.5,5.05705812
52,5.028493534
29,5.028701422
22,4.942764166
42.5,4.942392445
22,4.942771401
35.5,5.052718404
44.5,5.052030659
27,4.97790544
55,5.02425132
36.5,5.037314599
27.5,4.977906793
29.5,5.056758148
52,4.977808772
36,5.024065975
36.5,5.056749229
37.5,5.000116064
50,4.93757553
32.5,5.052414352
25.5,5.057005733
47.5,5.023945172
32.5,5.028322645
57.5,5.028283909
27,4.973266665
53,5.052421614
30,5.052415476
48.5,5.048363011
34,5.056867805
60,5.058336635
27,4.973269408
43,4.942901581
22,4.926124089
29,5.023955659
22.5,4.942432401
33,5.052414838
60,5.06216197
22,5.03406896
43.5,4.978048191
35.5,5.056719715
48.5,5.02436057
36.5,5.034120956
32,5.028322371
56,5.056861313
23,5.019643804
49.5,4.977970882
36,5.052541926
46.5,4.942392731
38.5,5.05254147
43.5,4.977670868
22,4.926476789
54.5,5.041381053
22,4.937573178
48,4.961711878
23,4.942627385
45.5,5.028122654
35.5,5.056622525
59,5.052424166
25.5,5.057126159
51.5,5.012761056
39,5.057124066
35.5,5.052183328
60.5,5.056747279
22,4.937573655
57.5,5.052550706
49,4.899407039
59.5,4.977878715
31.5,5.052030051
57.5,5.041380992
26,4.937690952
42.5,4.937662232
35.5,5.028488764
49,5.056968817
26,4.942392731
44.5,5.057003428
38.5,5.057006037
44.5,5.023808377
33,5.057154734
57,5.052419578
27,4.973098616
56,5.048403863
35,5.024087409
42.5,4.942627512
23.5,5.023708151
48.5,5.048498881
29.5,5.041103151
56.5,5.028737994
32.5,4.973406496
44.5,5.008409209
28.5,5.057123611
33,5.052521813
48,4.973256765
41.5,5.048195638
50,5.0411133
31.5,5.048197534
28,4.999605104
58,5.041381236
24.5,5.052418697
50,5.056747006
38,5.041788122
46.5,5.023945355
31,4.978042084
61,5.052541653
29.5,4.942392445
22,4.937934621
56,5.056723537
28,5.056786753
34.5,5.052182417
49.5,5.048122993
32,5.052399313
58,5.062129564
31,4.961480237
39.5,5.028200965
33,5.05719532
34.5,5.052549917
46.5,4.926545214
22,4.942451093
32,5.052541318
58.5,5.057135199
56.5,5.056647845
51,5.052413957
56.5,4.942392731
64,5.04137197
51,4.977690416
23,4.961841854
62,5.057003246
42.5,5.052279335
48.5,5.019643345
45.5,5.048489007
42.5,5.0477961
48,5.052533632
42.5,5.028201484
56.5,5.02835784
57.5,5.056996967
42.5,5.05203795
42.5,5.028438678
45.5,5.01998185
42.5,5.024076463
52.5,4.961843752
42.5,4.942775323
54,5.052398037
27,4.999634367
31.5,5.052589383
50,5.028497142
23,4.978046145
62,5.05241341
30.5,5.023945936
48,4.926370188
26,5.052417816
63,5.012888073
22,4.94276388
45,4.937937196
22.5,5.012877859
57.5,5.028284306
36,4.949006467
42.5,4.937934304
36,5.056971092
57,5.028246179
32,4.978049135
58,5.052176036
26,4.937573655
45.5,5.052175277
31.5,4.973132289
38.5,5.04138471
51.5,5.023901999
33.5,4.999594795
57,5.052541653
26,4.942764356
42.5,4.937573464
29.5,4.913462067
46.5,5.028423903
32,5.028490477
46.5,5.04177843
24.5,4.948635826
50,5.052172725
38.5,5.052553714
49,5.041006504
23.5,5.028624948
43.5,4.999972823
37.5,5.052421614
50.5,5.056637692
24,5.028632836
42.5,5.023945355
24.5,5.052163154
22,4.942764293
54.5,5.062289437
37.5,5.048910022
47.5,5.024251504
22,5.028191013
50,5.023954589
30,5.057006037
41,5.056755782
50.5,4.942392922
36,5.028383799
42.5,4.926485767
26,5.056867107
42.5,4.93756369
28,5.052412286
37.5,4.912991633
50.5,4.933157104
28.5,5.0569882
43.5,5.028412326
22,5.023954589
22.5,4.926242921
47,4.938083023
36,5.05681375
54,5.056774983
25,5.048132685
31,5.052406088
49.5,5.057143267
25,5.028565456
61,5.028136199
23,4.973259382
42.5,4.937944619
27.5,5.023698764
43.5,4.961846789
32,4.978046428
33.5,4.942766229
58,5.052050316
27,5.008427336
51,4.942392445
25,5.057132924
59,5.052176796
28,4.973212215
25,5.052160299
33.5,5.052551162
33,5.057124785
59,5.056999515
22,4.937690094
62,5.052551162
31.5,5.033619617
33,5.052293068
58,5.057005521
24,5.019721529
43.5,4.937808249
22.5,5.024076463
55,5.028261008
35,5.02448382
55,5.024599972
26.5,5.02831405
43.5,5.028562037
23,5.028701606
27.5,4.949004277
30.5,5.052283376
33,5.056996997
38.5,5.052598376
48.5,5.023708151
59.5,5.028692814
27,4.977857153
54,5.052175915
26.5,5.000105694
27,5.028559778
47,4.942550108
38.5,4.973269125
42.5,4.937689712
35,5.052173454
48.5,5.052399222
31,5.02370384
37,5.052389713
29,5.048139821
35.5,5.040890077
52.5,4.973236681
26,4.942384054
31.5,5.048498881
42.5,4.937945096
33,5.057001032
35,5.012877369
35.5,4.973037198
49.5,5.052532417
39.5,5.028496103
48.5,5.056841809
26,4.938354872
26,4.942394984
23,5.02357579
56,5.012407732
22,4.937993206
62,5.05654129
27,5.019749228
24,5.024172838
23,5.028551274
51,4.942509741
28,5.052039865
46.5,5.041251276
27,5.024348245
56,5.048193538
33,5.052431032
57,5.012755627
26,5.028183151
54,5.023737228
29.5,5.041245363
22,4.942755488
50.5,5.028449606
23,5.024251137
30.5,5.056864286
49.5,5.028031142
39.5,4.973272057
35.5,5.056843923
39.5,5.052049283
54,5.041099981
34,5.052284348
46.5,4.94241228
34.5,4.978046145
46.5,4.942764356
64,5.04137197
48.5,5.023818375
26,5.052172694
45.5,5.023738298
45,4.973402555
61.5,4.942392922
47,4.91325784
34.5,5.057132924
43.5,5.024483663
32,5.028221327
43.5,5.052097712
35,4.913609465
56.5,5.02834295
44.5,5.056855125
23,4.977762544
33,5.028352501
26,4.937934844
46.5,5.052560246
31.5,5.048491121
43.5,5.028540393
29.5,5.02896667
41.5,5.057132924
59,5.057008918
38.5,5.057135472
51,5.056913275
23,4.942629099
48.5,5.012877553
33.5,4.999595257
60,5.057132651
22,4.937690952
50.5,5.056996967
23.5,5.012619929
53,5.057000698
22,4.937807772
26,4.937573655
59.5,4.999634706
34,4.942745188
58.5,5.056767187
29,5.048132351
43.5,5.023808958
23,4.995736762
43.5,5.023701791
24,5.052724937
40,4.633556546
45,5.028399268
37.5,5.024096643
51,5.024003816
22,4.942470928
48.5,5.052412286
26,4.94276388
50.5,5.056734154
38.5,5.052182417
25,5.056745013
45.5,5.041245363
22,4.937866421
52.5,5.023586552
35.5,4.999605811
45.5,5.057000243
32.5,4.978180177
43.5,5.024154121
38,5.028451248
34.5,5.056659463
47,5.02855814
27,4.942627036
43.5,5.019643345
28,4.999722435
48.5,5.01250923
27,5.056637752
43.5,5.023944163
29.5,4.942392731
22,5.023944897
57.5,5.05675833
32.5,5.023719097
28,5.012620389
30.5,5.019643131
49.5,5.056626165
22.5,4.93770079
25,5.056923164
22,4.937857059
27,4.937808249
47,5.052601991
23,5.024464278
58,5.012577447
31.5,5.028201362
49.5,4.91325784
43.5,4.977792026
42.5,5.028701331
46.5,4.942764356
43.5,4.942451379
51,4.983256922
30,5.052244426
25,4.978049261
55.5,4.977808772
22,4.942510217
22,5.023577043
47,4.815694881
22,4.937825955
50,4.942294985
34.5,5.056784205
48,5.028341755
25.5,5.052182417
25,5.056764821
48.5,5.052185424
31,5.023944897
48.5,5.041242468
36.5,5.028236376
45.5,5.052105945
35,5.028156287
36,5.056757875
23,5.024367354
30.5,5.041083736
46.5,4.913099162
43,4.928744482
44.5,5.056989201
35.5,5.056845176
32.5,5.023951256
43,5.028555443
33,5.057132651
52,5.019643804
29,5.028229447
45.5,5.052173819
25.5,5.056764366
51.5,5.05219223
30.5,5.024185028
47.5,5.028191288
22,4.94239527
35.5,5.056991264
44.5,5.056680948
22.5,5.0284591
46.5,4.942451569
30,5.052182872
57,5.056632929
34,5.028322371
52.5,4.977909595
40,5.057124066
22,4.926349394
55.5,5.056667904
23,5.033611235
44,5.028438678
29,5.028449423
46.5,4.94239546
23,4.977904967
57,5.028333116
22,4.926212543
52,5.056852517
29,5.056634507
52.5,5.028105111
37.5,5.056764366
46.5,5.056868078
36.5,5.041372153
27,4.937807772
22,4.937944905
50.5,5.056764639
27,5.028191288
58.5,5.056764821
34,5.028298682
32,5.052046427
34,5.056637055
31,5.019643804
48,5.028322828
26,5.056637055
54,5.056900323
37.5,5.057132651
28.5,5.023998924
49.5,5.052182386
41,5.056757875
56,5.05241256
36.5,5.056865348
52,5.056865014
22.5,4.913609753
49,5.056755509
23,5.023809478
57,5.023951532
34,5.028267092
44.5,5.052415294
28,4.977892691
48.5,5.056990809
36.5,5.057002973
26,4.937710502
24,5.029701333
48.5,5.056990809
36.5,5.056632474
50.5,5.052014739
32.5,5.048362463
37.5,5.052288207
54.5,5.023611685
22.5,4.942901867
54.5,5.057005521
22,5.028191777
42.5,5.019992737
52.5,5.056855125
42.5,5.056658683
64,4.942412471
49.5,5.04100367
43,4.977772478
57,5.028565456
41,5.056721868
57,5.057123611
43.5,4.938082546
57,5.056643681
42.5,5.028690952
46,5.057181761
42.5,5.028237862
43.5,5.008408011
43.5,4.942574704
43.5,5.057002518
36.5,5.05686826
58,5.052415021
45.5,4.942392731
53,5.0520769
35.5,5.052318102
56,5.056622798
29,5.023587072
62,5.056734154
35.5,5.028134273
44,5.024075668
41.5,5.056874448
37,4.94252929
49.5,4.978046145
30,5.056870535
50.5,5.056861283
24.5,5.057133106
46.5,5.023576585
22,4.942392445
57,5.056732121
36,5.056978038
30,5.05678375
23,4.937575244
52.5,4.999883155
34,5.05705539
37,5.052273107
57,5.028341694
29.5,5.028423628
56.5,5.05677471
27,5.024483663
54.5,5.057133106
31.5,5.02855526
33.5,4.942764229
33.5,4.999750222
49.5,5.056873461
31,5.034110228
53,5.057123611
30.5,4.942532305
43.5,5.028182693
39.5,5.028570065
50.5,4.937947766
32,5.052957541
53.5,5.052285654
34.5,5.028210398
48.5,5.036936585
36.5,5.05204427
52.5,5.052172634
36.5,5.062025773
25.5,5.056891405
51,5.023945172
26.5,5.057135654
49.5,5.056708582
24,4.978048789
31.5,5.028191471
51.5,5.056742738
26,4.942764356
57,5.052405967
26,4.942529766
48,4.973804581
34.5,5.024621528
59,5.056636782
31,5.052831405
41.5,5.052346358
31,5.028423628
29.5,4.942574132
24,5.05282225
55,4.961851344
28,5.023488252
22,5.028191013
49,5.056990475
34.5,4.977788154
43.5,4.999972823
24,5.056859038
27,4.942392636
56,5.052040624
36.5,5.056764669
28,5.028322828
55.5,5.052173363
33.5,5.056863194
42.5,4.942783429
33.5,5.023623549
24,4.972900646
22,4.937944619
23,5.052408641
63,5.056767369
29,5.052960093
33.5,4.942492254
36,5.057026967
23,4.942764166
27,5.028424086
32,4.973185762
43.5,5.03004998
30,5.056812415
27,5.056757875
46.5,4.94853318
29,5.028569791
61,5.056634689
28.5,5.057123884
54.5,5.028565914
33.5,5.056869837
44,4.942554742
34.5,5.057006037
42.5,4.942671593
31.5,5.028434099
29.5,5.052176371
31,5.023945172
59,5.056667449
23,5.02846893
22,4.93756388
55.5,5.028690677
36.5,5.02381917
26,4.937944619
26,4.942392763
51.5,5.057055511
23,5.024619357
62,5.057046927
24.5,5.034122364
34.5,4.973185762
51,5.019624419
27,4.942392731
44,4.973265783
30.5,4.973269598
56,5.028432206
64.5,4.905003756
55,5.05713262
31.5,5.056628713
28.5,5.052166496
47.5,5.028200965
22,4.926251165
46.5,4.937676051
22.5,4.942764737
53.5,5.052620726
26,5.028635404
36.5,5.05216838
50.5,5.052550706
22,4.942392445
52.5,5.056872082
31.5,5.052292217
52.5,5.028318249
29.5,5.028210856
43,5.028439136
24,5.052628018
22,4.999837397
63,5.056634233
22,4.937593014
49.5,5.056867805
41.5,5.057003169
52.5,5.028691135
34,5.056637237
30,5.05654032
49,5.028242365
36.5,5.028221327
42.5,5.028191013
24.5,4.973034612
59,5.052550706
28,5.052860622
49.5,5.01962396
36.5,5.028565456
24,5.052957541
23,5.023579031
48,4.977811573
23.5,4.937731132
55.5,5.057006037
23,4.942392445
59.5,4.973149725
22,4.948359653
53.5,5.058501531
29,5.052418697
36.5,5.023878303
58,5.052086865
28,5.028324691
52.5,5.052541653
27,4.937944619
57,4.977812045
36,5.056988382
53,4.973132352
47,4.973035085
42.5,5.028691135
42.5,5.057006037
42.5,5.052279062
28.5,4.973034896
51,5.024483663
43.5,5.057135199
52,4.972920257
29,5.023606732
46,5.028168058
26,4.937807772
42.5,4.942490191
24,5.028316174
37.5,5.040902359
50.5,5.052415476
31,5.056734669
31,5.056891465
50.5,5.028565456
23,5.028423628
43.5,4.942392445
23,5.024483663
53.5,5.028201484
38.5,4.999614981
43.5,4.977690416
23,5.019624419
34.5,5.028559778
31,4.977946077
42.5,4.942627321
26,5.057132924
22,4.94261912
22,4.942412185
24,5.05272521
50,5.056997422
23,4.983330774
50,4.942392445
41.5,5.023739246
29.5,5.05675833
43.5,5.024619632
36,5.057123611
60.5,5.028701148
23,4.977666821
47.5,4.977904967
38.5,5.05689101
47.5,5.028210856
22,4.942764166
55,4.972898187
41.5,5.056861586
47,4.913140727
26,5.023718913
22,4.942531353
44.5,5.028449606
22.5,4.926624148
55,5.024483663
22,4.942509741
22,4.942392445
52,5.056864559
34.5,5.019642824
53,5.062029135
31,5.05699724
30.5,5.056999515
47.5,4.977807229
25,5.028201942
49.5,5.05240624
36,5.056658865
47.5,5.028220365
25,5.057132924
32,5.056855398
39.5,5.056629168
23.5,5.023999199
24.5,5.028332841
48.5,5.028434099
23,5.02843358
56,5.023819446
23,4.942627036
51,5.056642363
27,4.961383127
37.5,5.052414383
23,4.937690475
57,5.05686826
23.5,4.978199725
56.5,5.024076922
22,4.937807772
45.5,5.052052534
45.5,5.056750989
32,5.05308518
44.5,5.05668113
33,5.052085498
60,5.012501715
29,5.056865075
32.5,5.057123884
25,5.052957541
25,5.052415294
45.5,5.056684315
52.5,5.028490818
31.5,4.977795142
50,4.942764356
29,5.056764396
22,4.942627512
52.5,5.057124066
41,5.05699724
27,5.056757875
50,4.942392445
36.5,5.062247225
51,5.028133318
31.5,5.052717645
28.5,4.972937346
28,5.053015692
31.5,5.05674292
38.5,4.978046145
27,5.052423892
43.5,4.937573464
56,5.052184969
42.5,5.052464118
47.5,5.024251045
42.5,5.028701148
34.5,5.028200965
53,5.028201942
37.5,5.056638207
49.5,5.052279153
26,4.926329844
28,5.053085935
39.5,5.028221205
29,5.056635386
29.5,5.024086155
22,4.942392922
27,5.04124582
27.5,4.948867243
24,5.052159964
49,5.057124066
29,5.028263484
51.5,4.977926341
33,5.028418563
60.5,5.028333299
23,5.028326705
46,4.973032437
22,4.942451569
29,5.028546529
23,4.937573178
28,5.056990809
37.5,5.05309587
50,5.057132651
27,4.977675023
51,5.028559778
28.5,4.978182821
55,5.02855932
26,4.942627321
53.5,5.052173819
22,4.926486245
48.5,5.02855932
25.5,5.052173636
40,5.056987927
58,5.052719442
25.5,5.056757875
24,5.028468808
57,5.028565456
34,5.056766914
42.5,4.942764166
36.5,5.056869837
47,4.942549981
32,5.052418029
47.5,5.028424086
30,5.056996967
32,5.057005794
47.5,5.023819629
31.5,5.052339187
27.5,4.978043343
35.5,5.028569546
43.5,4.977889764
41,5.057126614
32,5.012405064
42.5,4.942529575
25,5.061930735
56,5.052720531
22,5.023576921
55.5,5.052181687
32,5.056980404
50,4.977830963
28,5.056758481
26.5,4.942530623
44.5,5.028432481
30,5.028690677
40.5,5.05673206
51,5.019992737
23,5.028191013
36.5,5.05228292
26,4.937866898
22,4.926114314
54,5.052054873
27,4.937807772
26,4.926114314
48.5,5.028201759
34.5,5.052553714
45.5,5.05678375
35.5,4.977912428
32,5.052853786
22,4.926348916
29,5.028245995
23.5,5.056755327
49,5.052270281
29.5,5.056759846
47.5,4.97767474
22,4.942392445
37.5,5.056996967
34.5,5.056764366
57.5,5.041245363
33,5.056987927
61.5,5.062385178
22,4.942451569
48.5,5.012398009
29.5,5.028191471
49.5,5.05662298
22,4.937807518
22,4.937807772
44.5,5.052415294
40.5,5.056651858
34.5,4.978042273
50,5.056764821
25,5.028296972
49,5.052405967
25,5.04824689
52.5,5.04824689
29.5,5.028162074
29.5,5.056777258
52.5,4.937573178
39.5,4.977792309
44.5,5.028322371
33,4.977677384
44.5,5.023955323
37,5.041106961
36.5,5.056990475
43.5,5.056628986
34,4.977577474
46.5,5.023824735
28,4.942627036
29.5,5.024157026
56,5.023945355
27,5.01252156
37,5.028567898
44.5,4.942627036
26,4.977677384
38.5,4.942490477
36.5,5.056745438
38,5.052287234
30,5.028337176
29,5.052047004
32,5.056632747
57,5.056738825
24,5.056535315
44.5,5.028259638
33.5,5.056764366
57.5,5.056635599
29,5.052046549
27.5,5.056867744
32,5.012877491
53.5,5.052277056
28,5.056990748
28.5,5.028191013
24,5.028333116
33,5.04814221
29,5.057123884
50.5,5.056987927
22,5.028127791
24.5,4.942404079
43.5,5.052173363
31.5,5.028333116
23.5,5.028419293
43,5.056891465
25,5.023727536
48.5,5.053095961
23,5.052717645
30.5,5.028565731
51.5,5.056784205
35,5.028191013
50.5,4.973033036
35.5,5.052050772
58,5.052389257
30,5.056657075
43.5,5.052415294
29,4.97767474
52,5.056634689
34.5,4.948637032
42.5,5.052165889
42.5,4.942392445
42.5,4.977909154
51,4.978002706
42.5,4.926330163
42.5,5.023621989
43,4.942627321
42.5,5.052341071
64.5,5.052389257
42.5,5.02381969
44,4.937573178
42.5,5.028322645
42.5,4.972894655
64.5,4.999721266
43.5,5.0521819
42.5,4.937573178
53,5.052184969
52,5.056923225
43.5,5.028225448
26,5.041015587
26.5,4.942392445
26.5,4.942823861
42.5,4.937711582
43,5.02357686
36,4.937615424
57,4.977812203
29,5.056632413
22,5.028336932
54,4.94276388
30,4.942509741
44,4.913258032
28,5.056770888
56,4.948617483
29.5,5.024180004
27,5.057132651
44,5.05227417
23,5.028419751
60,4.942412471
23,5.028432664
48,4.97767474
22,4.978043627
55,4.942808437
36.5,5.056734427
30.5,5.052043996
61.5,4.972917545
26.5,5.056777258
54.5,5.052204352
33,5.028565914
50.5,5.053096052
33.5,5.028565456
35,5.056764366
24,5.052184969
31,5.056654072
26,4.977945605
52.5,4.937573178
36.5,5.052724937
34,5.023818895
27,5.057003489
58,4.973265057
31.5,5.028284184
35,5.056856239
27.5,5.02845852
62,4.973129704
22,5.052270281
31.5,5.033979079
32,5.052240568
35,5.028338336
42.5,4.977946077
35.5,4.942392731
55,5.056631412
25,5.028567898
27,5.052727944
26,5.028136688
44.5,4.942392922
26,4.977677384
35,4.937944619
47.5,4.999737359
27,4.977670396
44,4.973265247
33,5.028342213
47.5,5.052405967
33,5.056994904
43.5,5.056637237
37.5,4.942392922
31,5.052424348
44.5,5.056997422
22,5.02843358
53,4.94276388
23,5.056997422
58,5.024619632
22,5.062275361
32,4.942392922
60,5.057057665
23,5.056614204
39,4.942783905
36.5,5.028201942
54.5,5.041235336
26.5,5.05699724
30.5,4.937711582
37,5.023809203
38,5.0569882
40.5,5.05699093
45.5,5.028237903
22,5.052420641
53,4.913471106
41,5.028690677
49,5.057132651
24,5.052291427
29,5.024619816
27.5,5.057124066
50.5,5.028554985
28.5,5.056868139
34,5.052524092
33.5,5.028632836
56,5.028326705
30,4.972917735
37.5,5.056880666
49,5.056764366
22,5.012635603
25,4.942392445
43.5,5.056968817
28,5.023945355
47.5,5.023587072
23,4.99990611
30.5,5.024251504
60,5.052282282
24,4.973037671
33,4.978049261
33,5.056764821
25,5.056757875
34.5,5.056786571
53,4.948105233
39.5,5.052542108
37.5,4.983611413
35.5,5.056861313
31,5.052724937
53.5,5.057123611
29,5.051953337
40,5.056731423
1,2.709971412
1,2.711019813
1,2.711020059
1,2.711019799
1,2.711017242
1,2.7110158
1,2.052252581
1,2.728835283
1,2.711015445
1,2.711017376
1,2.711028875
1,2.711016415
1,2.052234522
1,2.711018237
1,2.711015915
1,2.711016567
1,2.711015868
1,2.711016706
1,1.163438403
1,2.652094014
1,2.052255842
1,2.711016345
1,2.711016061
1,2.711016411
1,2.711034196
1,2.711015437
1,2.711015431
1,2.711028203
1,2.709934877
1,2.709941083
1,2.711019192
1,2.711023852
1,2.711017181
1,2.052196683
1,2.711028066
1,2.711015257
1,2.711024007
1,2.052204456
1,2.711019253
1,2.711029369
1,2.711018203
1,2.711016859
1,2.711014418
1,2.711027854
1,2.707251157
1,2.711030689
1,2.71102764
1,2.711015249
1,2.711015594
1,2.71101461
1,2.711025384
1,2.711016023
1,2.052192032
1,2.711015882
1,2.052180652
1,2.052234597
1,2.048805843
1,2.052199515
1,2.052191754
1,2.057409765
1,2.711015948
1,2.711016725
1,2.052192954
1,2.71101674
1,2.052249907
1,2.052229966
1,2.710486408
1,2.052192839
1,2.718342001
1,2.05223474
1,2.711015466
1,2.05223351
1,2.0522099
1,2.052230699
1,2.71102038
1,2.052230485
1,2.711027449
1,2.711027949
1,2.711016706
1,2.05219302
1,2.709759663
1,2.052193254
1,2.711016508
1,2.052194499
1,2.711016441
1,2.052224659
1,2.711019291
1,2.052193404
1,2.711019204
1,2.052192492
1,2.755008079
1,2.052193254
1,2.052233448
1,1.536586001
1,2.316627666
1,2.052233584
1,2.052193623
1,2.711016501
1,2.707273638
1,2.052214637
1,2.718348172
1,2.711016354
1,2.051448827
1,2.052233785
1,2.711014658
1,2.711016678
1,2.709749091
1,2.052235131
1,2.052208069
1,2.0521945
1,2.711018342
1,2.711017734
1,2.052194204
1,2.711015031
1,2.052192991
1,2.711016815
1,2.711030756
1,2.052231386
1,2.735111092
1,2.052203149
1,2.052223098
1,2.052193184
1,2.711017082
1,2.052192606
1,2.711019162
1,2.711020643
1,2.051825451
1,2.054018148
1,2.052200524
1,2.05219291
1,2.711020171
1,2.711015964
1,2.711017077
1,2.711019194
1,2.710280833
1,2.722728192
1,2.711017471
1,2.711015242
1,2.711015743
1,2.71101535
1,2.711018974
1,2.711015305
1,2.709749818
1,2.052234883
1,2.711015012
1,2.052229242
1,2.711016055
1,2.711019294
1,2.625707555
1,2.052192421
1,2.052192297
1,2.73511401
1,2.711016472
1,2.052192457
1,2.711021074
1,2.052193752
1,2.711015775
1,2.052192789
1,2.625706307
1,2.051845921
1,2.625712508
1,2.052191973
1,2.052194098
1,2.052193651
1,2.05106542
1,2.05219278
1,2.052194576
1,2.0518452
1,2.052192332
2,2.0510652
1,2.052246117
1,2.052193079
1,2.05141257
1,2.711023713
1,2.051845063
1,2.056907317
1,2.052191836
1,2.052248498
1,2.052193318
1,2.052192073
1,2.051412147
1,2.711016828
1,2.711018276
1,2.735112067
1,2.05184517
1,2.711016012
1,2.052192652
1,2.711031844
1,2.05219261
1,2.052192757
1,2.052202759
1,2.051438152
1,2.052193299
1,2.711022196
1,2.052192503
1,2.059823594
1,2.625721067
1,2.7110157
1,2.052241511
1,2.05219351
1,2.625707537
1,2.052193617
1,2.711017061
1,2.052237621
1,2.052192826
1,2.711016323
1,2.711016172
1,2.625707937
1,2.711017236
1,2.052193255
1,2.711016607
1,2.052194306
1,2.711025829
1,2.711041373
1,2.625731022
1,2.052229172
1,2.711017765
2,2.05219461
1,2.625720082
1,2.052193279
1,2.720560026
1,2.052191578
1,2.052231568
1,2.711026793
1,2.052193466
1,2.711016447
1,2.052244627
1,2.051451351
1,2.711016908
1,2.052192634
1,2.711016971
1,2.71102747
1,2.625709527
1,2.052192091
1,2.052193532
1,2.711019886
1,2.711017834
1,2.625726838
1,2.711014944
1,2.052192972
1,2.052244815
1,2.711018523
1,2.625708088
1,2.052234586
1,2.052251384
1,2.052256886
1,2.051411798
1,2.0522303
1,2.052230007
1,2.052193653
1,2.711018365
1,2.71102061
1,2.709747195
1,2.052250817
1,2.052192955
1,2.711018038
1,2.052230987
1,2.625706069
1,2.052220494
1,2.05219237
1,2.711016107
1,2.052192773
1,2.711017573
1,2.05219613
1,2.711015143
1,2.052230937
1,2.052236568
1,2.622164671
1,2.052233114
1,2.711017511
1,1.750960781
1,2.315217436
1,2.052192264
1,2.051826313
1,2.052193829
1,2.05219315
1,2.051782458
1,2.625706168
1,2.051845849
1,2.052203297
1,2.052203091
1,2.05219409
1,2.709750714
1,2.052197457
1,2.052249169
1,2.71102473
1,2.05220345
1,2.711016178
1,2.05182649
1,2.052224946
1,2.052228106
1,2.052194371
1,2.052246178
1,2.051826685
1,2.625722526
1,2.711028591
1,2.052193058
1,2.711019192
1,2.052380403
1,2.625713739
1,2.720559436
1,2.05219298
1,2.711017368
1,2.052192565
1,2.625708035
1,2.711015023
1,2.05224354
1,2.625706585
1,2.052787634
1,2.052195277
1,2.649417628
1,2.711027297
1,2.71101695
1,2.052222862
1,2.711015307
1,2.052234021
1,2.052232841
1,2.711018487
1,2.052877717
1,2.052231534
1,2.722725777
1,2.625708736
1,2.711016058
1,2.052193277
1,2.625708947
1,2.711017745
1,2.709752942
1,2.711017597
1,2.052193802
1,2.625710815
1,2.052239388
1,2.052221914
1,2.625719801
1,2.052193803
1,2.624409453
1,2.0521937
1,2.625707101
1,2.735105726
1,2.05223309
1,2.62571397
1,2.711034663
1,2.711028457
1,2.052193339
1,2.625721933
1,2.625706575
1,2.052229418
1,2.625706704
1,2.052193865
1,2.052253147
1,2.711016302
1,2.052217255
1,2.625707678
1,2.625707464
1,2.052197407
1,2.625715562
1,2.624404387
1,2.711033892
1,2.728835343
1,2.052197182
1,2.625715278
1,2.711026879
1,2.052194346
1,2.711016721
1,2.052192482
1,2.720560623
1,2.625709929
1,2.711016965
1,2.052230112
1,2.052192531
1,2.052241498
1,2.711016545
1,2.052221899
1,2.052201999
1,2.052192488
1,2.711016246
1,2.711024097
1,2.052236138
1,2.052194518
1,2.05219199
1,2.625714675
1,2.052194311
1,2.052229955
1,2.05398508
1,2.052193722
1,2.052192464
1,2.051448447
1,2.052228267
1,2.711032422
1,2.051589083
1,2.052237399
1,2.051410438
1,2.711014866
1,2.052198766
1,2.052192941
1,2.05219365
1,2.052192881
1,2.052194593
1,2.711026827
1,2.05219408
1,2.052195965
1,2.052192948
1,2.625714692
1,2.711019239
1,2.052195131
1,2.711021876
1,2.63585857
1,2.711023935
1,2.052247893
1,2.052193567
1,2.711016209
1,2.052193135
1,2.052192159
1,2.711029336
1,2.052229281
1,2.051412121
1,2.052191683
1,2.052192643
1,2.052193272
1,2.052194014
1,2.052192837
1,2.711018707
1,2.052194152
1,2.625708157
1,2.625707678
1,2.052192409
1,2.05224252
1,2.051411705
2,2.711032051
1,2.711033033
1,2.711016861
1,2.052195411
1,2.711031099
1,2.052206844
1,2.052249695
1,2.71101922
1,2.052222352
1,2.052193087
1,2.625705465
1,2.052193423
1,2.735111635
1,2.711020119
1,2.052194393
1,2.711029274
1,2.052194254
1,2.052193423
1,2.711031759
1,2.052192102
1,2.625717812
1,2.052192887
1,2.052193789
1,2.052192039
1,2.052192178
1,2.052191803
1,2.052245745
1,2.051411545
1,2.625706239
2,2.048438023
1,2.052203532
1,2.052193477
1,2.052234505
1,2.711027469
1,2.052192528
1,2.624409608
1,2.052193605
1,2.71101706
1,2.048816004
1,2.051411274
1,2.052194139
1,2.052193568
1,2.052193829
1,2.711029094
1,2.051253593
1,2.625706164
1,2.051846024
1,2.71101863
1,2.052193496
1,2.052192278
1,2.052192513
1,2.711018332
1,2.052231189
1,2.711016426
1,2.052195344
1,2.711016517
1,2.052193423
1,2.052253722
1,2.7110176
1,2.052214743
1,2.625715802
1,2.052242771
1,2.625709492
1,2.052204472
1,2.052191521
1,2.052237015
1,2.711025985
1,2.711025172
1,2.052230982
1,2.05219327
1,2.625708024
1,2.052233756
1,2.711016026
1,2.711017023
1,2.052192302
1,2.625710248
1,2.732551786
1,2.711029377
1,2.625706656
1,2.052192039
1,2.625706607
1,2.711027984
1,2.052192154
1,1.702729742
1,2.652927579
1,2.711025655
1,2.051836312
1,2.052239048
1,2.052254659
1,2.052193166
1,2.711016364
1,2.051825991
1,2.05223191
1,2.052193705
1,2.052193719
1,2.052236846
1,2.051043896
1,2.052202924
1,2.711025912
1,2.707237036
1,2.72272107
1,2.053101017
1,2.625707639
1,2.052204192
1,2.052193328
1,2.711015888
1,2.052222795
1,2.052230627
1,2.624420298
1,2.0522548
1,2.052192389
1,2.711015039
1,1.879922161
1,2.711027191
1,2.052192224
1,2.051846178
1,2.052207055
1,2.052222906
1,2.052194278
1,2.707249631
1,2.051411467
1,2.052223634
1,2.051064696
1,2.625727364
1,2.711017096
1,2.711025345
1,2.05237775
1,2.052211348
1,2.711015291
1,2.052193746
1,2.7110237
1,2.05184509
1,2.625708811
1,2.052193108
1,2.052193356
1,2.625713874
1,2.051846744
1,2.625706714
1,2.711018882
1,2.052193081
1,2.052228816
1,2.051825908
1,2.052246357
1,2.05219325
1,2.317358263
1,2.052194264
1,2.711029403
1,2.052208746
1,2.052241414
1,2.057360238
1,2.625709402
1,2.711017615
1,2.625710923
1,2.052194426
1,2.711016132
1,2.711031106
1,2.048806406
1,2.625706942
1,2.711022346
1,2.711021121
1,2.625708387
1,2.051387556
1,2.625708666
1,2.711015816
1,2.633115102
1,2.649419323
1,2.052192089
1,2.711016854
1,2.711018979
1,2.711016972
1,2.052194403
1,2.711015445
1,2.052193343
1,2.711020935
1,2.052194285
1,2.052192317
1,2.05219256
1,2.052195899
1,2.05219348
1,2.711015399
1,2.052222236
1,2.625716051
1,2.052193147
1,2.711015156
1,2.05222188
1,2.052192876
1,2.052193364
1,2.052192896
1,2.052202432
2,2.62572805
1,2.052192913
1,2.711020923
1,2.711014535
1,2.052192982
1,2.052222401
1,2.052195463
1,2.05225243
1,2.051411431
1,2.625707422
1,2.052192905
1,2.711029303
1,2.052229867
1,2.052191797
1,2.052255934
1,2.052192912
1,2.052194091
1,2.052229225
1,2.052192615
1,2.052249969
1,2.052193633
1,2.711018272
1,2.052193109
1,2.052219978
1,2.052194085
1,2.052230847
1,2.052193408
1,2.711041382
1,2.052192559
1,2.625711283
1,2.052233172
1,2.711020488
1,1.63376314
1,2.655283709
1,2.709747673
1,2.054478889
1,2.649418689
1,2.052192695
1,2.052193428
1,2.625707465
1,2.052192533
1,2.05222307
1,2.711015693
1,2.052192567
1,2.720561776
1,2.051844692
1,1.706070184
1,2.655259462
1,2.711018867
1,2.052223006
1,2.711016545
1,2.04967861
1,2.052229027
1,2.052193015
1,2.052193172
1,2.05219293
1,2.052232583
1,2.052192227
1,2.052193226
1,2.052222738
1,2.052192766
1,2.052193384
1,2.052223137
1,2.052253526
1,2.052193983
1,2.052194011
1,2.05221337
1,2.0521934
1,2.05223585
1,2.052203185
1,2.052237272
1,2.052191504
1,2.052193395
1,2.052195261
1,2.052194132
1,2.052194322
1,2.052234243
1,2.711015323
1,2.052192817
1,2.6257068
1,2.052201557
1,2.051416393
1,2.709759959
1,2.052235362
1,2.052248377
1,2.711024457
1,2.05220269
1,2.711016362
1,2.052197828
1,2.625719624
1,2.052192474
1,2.052230511
1,2.052229761
1,2.052192237
1,2.052193296
1,2.711017624
1,2.052193529
1,2.052235489
1,2.052194601
1,2.711016095
1,2.711022593
1,2.052193148
1,2.711024044
1,2.052216675
1,2.052244564
1,2.052203399
1,2.052193154
1,2.625707169
1,2.052192888
1,2.052207294
1,2.052236847
1,2.711028842
1,2.72056179
1,2.052242705
1,2.034377565
1,2.314752159
1,2.052229694
1,2.05219467
1,2.052192106
1,2.052195948
1,2.052223231
1,2.052237381
1,2.052193489
1,2.052379454
1,2.052193958
1,2.052218101
1,2.052192748
1,2.052193592
1,2.051845413
1,2.625708422
1,2.056475515
1,2.625711757
1,2.052197299
1,2.052192821
1,2.052192157
1,2.052192661
1,2.05219249
1,2.0521916
1,2.052194167
1,2.051589588
1,2.052195123
1,2.711021345
1,2.048806265
1,2.054010168
1,2.052192834
1,2.052257311
1,2.052193554
1,2.051253792
1,2.052193071
1,2.711027225
1,2.052201377
1,2.711018619
1,2.051112666
1,2.052231765
1,2.625723394
1,2.052203721
1,2.0528777
1,2.05219307
1,2.05141219
1,2.052233621
1,2.711019054
1,2.051845371
1,2.052255728
1,2.052245704
1,2.052192312
1,2.625707502
1,2.051234173
1,2.625707764
1,2.711034686
1,2.734433993
1,2.711016105
1,2.052202313
1,2.052193484
1,2.707240519
1,2.052191906
2,2.711020485
1,2.052081799
1,2.6257139
1,2.711017871
1,2.052193154
1,2.052230078
1,2.05219227
1,2.711017352
1,2.711032338
1,2.711015253
1,2.711016776
1,2.052192616
1,2.711015839
1,2.711029066
1,2.711019232
1,2.711032322
1,2.05219293
1,2.052191858
1,2.625708843
1,2.052193327
1,2.711025617
1,2.05219201
1,2.625716026
1,2.735110975
1,2.052254572
1,2.711025398
1,1.993366561
1,2.314858682
1,2.711023605
1,2.711030649
1,2.052192374
1,2.05223019
1,2.711016178
1,2.052198031
1,2.052230098
1,2.052192743
1,2.625707158
1,2.711038224
1,2.052238329
1,2.052240003
1,2.052193252
1,2.052195456
1,2.711016344
1,2.051410482
1,2.711019162
1,2.052312593
1,2.625706022
1,2.052191857
1,2.051845568
2,2.052192986
1,2.051043844
1,2.052193689
1,2.052193561
1,2.049913307
1,2.625715105
1,2.051868475
1,2.625727625
1,2.052193356
1,2.052192936
1,1.53036072
1,2.316821253
1,2.052252523
1,2.052232016
1,2.052230234
1,2.052194366
1,2.711016771
1,2.052194665
1,2.7110234
1,2.625714073
1,2.052193725
1,2.711016344
1,2.052253132
1,2.62570799
1,2.711028451
1,2.05219245
1,2.052218762
1,2.052232262
1,2.052236985
1,2.711018393
1,2.05225122
1,2.052193038
1,2.71102309
1,2.05219327
1,2.052192361
1,2.052192078
1,2.711023497
1,2.048805968
1,2.052231208
1,2.053008179
1,2.711016309
1,2.052192232
1,2.052252378
1,2.052193808
1,2.052205555
1,2.048816141
1,2.711015288
1,2.71102021
1,2.711015388
1,2.052192573
1,2.625707449
1,2.05219459
1,2.052228642
1,2.05219658
1,2.051411752
1,2.052204223
1,2.052193313
1,2.711016233
1,2.711038055
1,2.052195691
1,2.711016491
1,2.048805544
1,2.052192777
1,2.052228689
2,2.052193602
1,2.052195136
1,2.711022642
1,2.0522022
1,2.711014937
1,2.052193005
1,2.711025331
1,2.052193435
1,2.711018583
1,2.052243612
1,2.05219434
1,2.71101636
1,2.052193284
1,2.711018787
1,2.71102207
1,2.051688066
1,2.625708585
1,2.052232101
1,2.711016041
1,2.711028795
1,2.052191555
1,2.625714804
1,2.052192894
1,2.711018021
1,2.711017695
1,2.052193487
1,2.711016046
1,2.05219345
1,2.711014999
1,2.052255199
1,2.05219305
1,2.711030417
1,2.054018228
1,2.052193132
1,2.71101571
1,2.052197508
1,2.625715328
1,2.052193543
1,2.625708253
1,2.052193509
1,2.052220256
1,2.052219755
1,2.711030677
1,2.052192734
1,2.052230661
1,2.052222961
1,2.052230885
1,2.052194677
1,2.052236665
1,2.052195002
1,2.051408825
1,2.052203832
1,2.052192468
1,2.625706109
1,2.052193539
1,2.051412499
1,2.625708373
1,2.052192892
1,2.05219216
1,2.711016824
1,2.051431209
1,2.052194413
1,2.052193561
1,2.052191893
1,2.052194274
1,2.052198705
1,2.711013825
1,1.53036072
1,2.317470269
1,2.051411724
1,2.052193408
1,2.052192004
1,2.052195522
1,2.052206897
1,1.989420599
1,2.317019183
1,2.649414115
1,2.709747023
1,2.625724327
1,2.052251438
1,2.052207529
1,2.052193384
1,2.711031408
1,2.625722513
1,2.711015064
1,2.711018273
1,2.711017224
1,2.711016458
1,2.052193346
1,2.052248209
1,2.625707771
1,2.052193231
1,2.052194071
1,2.735129805
1,2.711016602
1,2.629555465
1,2.711017692
1,2.052191825
1,2.711015439
1,2.71101778
1,2.711016486
1,2.051421303
1,2.053980922
1,2.711016302
1,2.711015618
1,2.711024385
1,2.711015914
1,2.052192506
1,2.711018636
1,2.710149496
1,2.054036457
1,2.71101644
1,2.052192383
1,2.711015367
1,2.711015928
1,2.711017032
1,2.711016674
1,2.052193666
1,2.711025908
1,2.711016435
1,2.711016796
1,2.711016478
1,2.052192173
1,2.711018374
1,2.710475642
1,2.052236312
1,2.711016143
1,2.052193518
1,2.624424962
1,2.711015837
1,2.71101804
1,2.625716612
1,2.052191966
1,2.71101515
1,2.052226554
1,2.709746492
1,2.052192038
1,2.711016508
1,2.711015298
1,2.711016368
1,2.052221044
1,2.051846854
1,2.625706024
1,2.052249438
1,2.711016669
1,2.052206328
1,2.711017463
1,2.052192748
1,2.711024652
1,2.052206072
1,2.711025446
1,2.711029194
1,2.05222288
1,2.052236252
1,2.051825905
1,2.711014298
1,2.052204274
1,2.711016504
1,2.05222191
1,2.625708819
1,2.052192216
1,2.71101817
1,2.625707928
1,2.711029992
1,2.052195577
1,2.050642205
1,2.62570639
1,2.711014781
1,2.052235445
1,2.71102553
1,2.051754751
1,2.625721583
1,2.711021818
1,2.052203461
1,2.051589081
1,2.625707049
1,2.711018435
1,2.052194656
1,2.71101661
1,2.316181815
1,2.711015452
1,2.711017731
1,2.05219256
1,2.711015959
1,2.711016559
1,2.711014842
1,2.052236699
1,2.052220065
1,2.709747591
1,2.052235583
1,2.625706935
1,2.711029825
1,2.625709377
1,2.052236613
1,2.052194275
1,2.711016108
1,2.052194406
1,2.711016466
1,2.711030927
1,2.052192663
1,2.711029117
1,2.711014936
1,2.052230957
1,2.052194637
1,2.711016771
1,2.05223288
1,2.711033151
1,1.530277781
1,2.709745989
1,2.711015869
1,2.052192203
1,2.625707993
1,2.711016556
1,2.052192875
1,2.052193573
1,2.625706019
1,2.711014895
1,2.052231763
1,2.625708736
1,2.052192846
1,2.625706708
1,2.722720479
1,2.052246454
1,2.711023517
1,2.652727537
1,2.71101626
1,2.052199494
1,2.052254367
1,2.052168626
1,2.711020481
1,2.711015463
1,2.711029094
1,2.625707468
1,2.052192193
1,2.625711576
1,2.711017333
1,2.711017166
1,2.052225733
1,2.625709884
1,2.711016128
1,2.711016427
1,2.711018192
1,2.052212615
1,2.048805264
1,2.722721895
1,2.052193571
1,2.710488315
1,2.051414708
1,2.625706323
1,2.052193456
1,2.711017604
1,2.052250358
1,2.625707448
1,2.051421567
1,2.052193292
1,2.711021956
1,2.051411996
1,2.052198115
1,2.063210987
1,2.052191811
1,2.711016734
1,2.051825637
1,2.625709648
1,2.722738203
1,2.052193163
1,2.711016553
1,2.052221618
1,2.052255827
1,2.711016516
1,2.711034714
1,1.157015951
1,2.316673426
1,2.711020139
1,2.052194557
1,2.709940533
1,2.711023655
1,2.625706227
1,2.711017595
1,2.052195694
1,2.711029451
1,2.711015198
1,2.052203024
1,2.711014729
1,2.052193313
1,2.711017284
1,2.711015767
1,2.711016549
1,2.711016123
1,2.05219425
1,2.711017125
1,2.711018174
1,2.711015059
1,2.052197794
1,2.711015661
1,2.711014754
1,2.711015385
1,2.711022975
1,2.052193673
1,2.625707088
1,2.711016063
1,2.711021672
1,2.728834604
1,2.052192975
1,2.711016436
1,2.711018301
1,2.709750176
1,2.735109923
1,2.052205536
1,2.711016095
1,2.711016813
1,2.711018058
1,2.711015646
1,2.052191747
1,2.722719501
1,2.71101828
1,2.048867337
1,2.711015817
1,2.052195597
1,2.711024457
1,2.052231708
1,2.735119292
1,2.722746721
1,2.048804794
1,2.052252734
1,2.711019722
1,2.711016264
1,2.711019187
1,2.052470888
1,2.711016199
1,2.71102939
1,2.052231227
1,2.711015136
1,2.052197329
1,2.625707117
1,2.052192154
1,2.625706398
1,2.052193812
1,2.711019707
1,2.711017342
1,2.05219341
1,2.625727852
1,2.05219278
1,2.711018188
1,2.711017715
1,2.052246495
1,2.711018145
1,2.732549234
1,2.711016786
1,2.711015736
1,2.711015577
1,2.052203222
1,2.052197371
1,2.711024928
1,2.711017492
1,2.711016603
1,2.711023713
1,2.052249293
1,2.063211004
1,2.711015895
1,2.71102754
1,2.052226881
1,2.711036611
1,2.052192439
1,2.711016495
1,2.711016205
1,2.711015725
1,2.711016904
1,2.052193
1,2.71101759
1,2.711017737
1,2.711016237
1,2.711016038
1,2.052193115
1,2.711016329
1,2.711016888
1,2.711015133
1,2.71101714
1,2.052193124
1,2.711026269
1,2.73256652
1,2.052234242
1,2.735111707
1,2.052193439
1,2.699081727
1,2.709946383
1,2.711016905
1,2.052247795
1,2.052193025
1,2.711016606
1,2.711025365
1,2.711015566
1,2.711016167
1,2.052193539
1,2.711035687
1,2.711017413
1,2.711022875
1,2.05219588
1,2.728836445
1,2.711014767
1,2.711015904
1,2.711025663
1,2.052191662
1,2.711014865
1,2.711022897
1,2.709884074
1,2.052249685
1,2.052193061
1,2.735112224
1,2.711029768
1,2.711017964
1,2.052229861
1,2.052193422
1,2.052234309
1,2.711022748
1,2.711015602
1,2.711015189
1,2.052193429
1,2.711017174
1,2.71101578
1,2.711016728
1,2.711018153
1,2.052193179
1,2.711016028
1,2.711016842
1,2.052235992
1,2.711025351
1,2.052203582
1,2.62516064
1,2.720579942
1,2.052240139
1,2.711015756
1,2.051848417
1,2.711015566
1,2.711029574
1,2.052204809
1,2.711014609
1,2.051848198
1,2.711015293
1,2.711015023
1,2.711026803
1,2.711018028
1,2.052179653
1,2.711015464
1,2.711014814
1,2.711022901
1,2.711017082
1,2.05222003
1,2.711015316
1,2.711017513
1,2.052193846
1,2.735109938
1,2.051825666
1,2.711015578
1,2.711017148
1,2.052192875
1,2.711015453
1,2.051825637
1,2.711017484
1,2.711017259
1,2.052193033
1,2.711014792
1,2.052197667
1,2.625709164
1,2.71101723
1,2.05223558
1,2.711029086
1,2.051846401
1,2.652744824
1,2.711031201
1,2.052194203
1,2.711017929
1,2.050427852
1,2.625707569
1,2.735116805
1,2.052203185
1,2.711027386
1,2.052198839
1,2.625717909
1,2.711017128
1,2.711017663
1,2.051588548
1,2.625706254
1,2.711017506
1,2.052236414
1,2.71102292
1,2.051439541
1,2.625707814
1,2.711016403
1,2.052194027
1,2.711026279
1,2.051576112
1,2.052196323
1,2.711019827
1,2.052194396
1,2.711035849
1,2.051845572
1,2.052250656
1,2.711015772
1,2.052195711
1,2.051844782
1,2.625715702
1,2.711015533
1,2.052232421
1,2.711019783
1,2.625705891
1,2.711017653
1,2.052202731
1,2.052192712
1,2.051826535
1,2.711015005
1,2.711026535
1,2.711015474
1,2.052230517
1,2.711017481
1,2.71102866
1,2.711015993
1,2.052196533
1,2.052249518
1,2.711016873
1,2.052192898
1,2.711014858
1,2.052379699
1,2.711018314
1,2.707263477
1,2.052203007
1,1.706152647
1,2.711017252
1,2.052195526
1,2.711018996
1,2.711016348
1,2.432937768
1,2.625708797
1,2.711015461
1,2.71101592
1,2.71101895
1,2.052192319
1,2.625724752
1,2.71101582
1,2.052253959
1,2.0522333
1,2.052193566
1,2.625709007
1,2.711022756
1,2.711015688
1,2.052194112
1,2.625708178
1,2.052193535
1,2.05219247
1,2.711015341
1,2.052192703
1,2.625708194
1,2.052193134
1,2.052193352
1,2.05220268
1,2.048805307
1,2.625704934
1,2.052192412
1,2.052984813
1,2.711015961
1,2.052192827
1,2.05220491
1,2.052193496
1,2.051826509
1,2.05224276
1,2.052221133
1,2.625709596
1,2.052194163
1,2.051415669
2,2.71101905
1,2.052192066
1,2.711024813
1,2.052193359
1,2.052192056
1,2.052250102
1,2.052192957
1,2.052231459
1,2.051411996
1,2.051827148
1,2.62570964
1,2.052192675
1,2.052193595
1,2.711030282
1,2.633122267
1,2.711032028
1,2.711017297
1,2.052193377
1,2.625708961
1,2.052195386
1,2.711015618
1,2.052222819
1,2.711030937
1,2.711024845
1,2.047515045
1,2.711023238
1,2.052192318
1,2.709932338
1,2.051399251
1,2.711020629
1,2.05219312
1,2.051845499
1,2.62570796
1,2.709745208
1,2.052229731
1,2.051065149
1,2.711016183
1,2.711019614
1,2.053981072
1,2.711015403
1,2.625706102
1,2.711017133
1,2.052220354
1,2.050045224
1,2.711015934
1,2.711015746
1,2.052237791
1,2.711015694
1,2.051845436
1,2.625706601
1,2.052255482
1,2.709758105
1,2.625706141
1,2.711015317
1,2.052193178
1,2.711017729
1,2.051826132
1,2.711015994
1,2.711018533
1,2.052193678
1,2.051845093
1,2.622148484
1,2.711015145
1,2.052194655
1,2.711019386
1,2.051846276
1,2.711014898
1,2.711031378
1,2.711016794
1,2.051155017
1,2.711015855
1,2.052191925
1,2.052189812
1,2.711015075
1,2.052218659
1,2.711016535
1,2.052196976
1,2.711027461
1,2.711015767
1,2.711019796
1,2.711015455
1,2.051045416
1,2.711020612
1,2.71101597
1,2.063202506
1,2.71101581
1,2.052221945
1,2.711014471
1,2.709933882
1,2.7072388
1,2.052469163
1,2.71101949
1,2.711015632
1,2.052193641
1,2.711016385
1,2.05181746
1,2.625710136
1,2.711016816
1,2.052223263
1,2.711016899
1,2.051846466
1,2.711018037
1,2.711016652
1,2.063213086
2,2.633147125
1,2.62571551
1,2.052230496
1,2.711014661
1,2.053255248
1,2.625707374
1,2.711017311
1,2.052215416
1,2.71101675
1,2.05158832
1,2.625706526
1,2.711040485
1,2.711017358
2,2.05158854
1,2.62570688
1,2.711025543
1,2.711015716
1,2.051984411
1,2.64941758
1,2.711017471
1,2.05223014
1,2.711018197
1,2.051825816
1,2.052192896
1,2.711015241
1,2.05219285
1,2.711016578
1,2.051588254
1,2.71102974
1,2.709757081
1,2.052202876
1,2.051829614
1,2.625717512
1,2.711015781
1,2.052191888
1,2.711015854
1,2.052230664
1,2.052192903
1,2.711015055
1,2.707241143
1,2.711015708
1,2.052235725
1,2.711016511
1,2.051845496
1,2.625707877
1,2.711021738
1,1.99333125
1,2.653021695
1,2.711017966
1,2.052214242
1,2.711027237
1,2.711015559
1,2.711015653
1,2.625708335
1,2.711018042
1,2.052194101
1,2.711019957
1,2.71101562
1,2.711017027
1,2.711018377
1,2.052192577
1,2.707253897
1,2.735110383
1,2.711016971
1,2.71101416
1,2.052192643
1,2.711017366
1,2.711016163
1,2.711017056
1,2.7110155
1,2.052193573
1,2.732548041
1,2.711015379
1,2.709932079
1,2.711029193
1,2.052194296
1,2.711015079
1,2.711014779
1,2.711015199
1,2.711015888
1,2.052192837
1,2.711017344
1,2.711018181
1,2.711019649
1,2.709934574
1,2.05222121
1,2.711015972
1,2.711016223
1,2.711014311
1,2.711019587
1,2.049335406
1,2.625721389
1,2.052256389
1,2.052194091
1,2.711015857
1,2.0628469
1,2.625707413
1,2.711015456
1,2.711023646
1,2.711015531
1,2.0521965
1,2.62570775
1,2.711015922
1,2.71101774
1,2.711025071
1,2.051845411
1,2.649417957
1,2.711016071
1,2.711015826
1,2.711024599
1,2.051846045
1,2.625715296
1,2.711016647
1,2.051433276
1,2.707237998
1,2.052222233
1,2.625717856
1,2.711018531
1,2.052193051
1,2.735115728
1,2.051306991
1,2.625706619
1,2.052202791
1,2.052192907
1,2.711029769
1,2.056205846
1,2.052230778
1,2.711018778
1,2.052207295
1,2.708662766
1,2.052222217
1,2.052194149
1,2.052238212
1,2.711032135
1,2.711016212
1,2.051588927
1,2.711017435
1,2.711017793
1,2.052203835
1,2.052249373
1,2.051827184
1,2.052253719
1,2.711017861
1,2.052193845
1,2.711016031
1,2.052193264
1,2.711016395
1,2.711018384
1,2.052199414
1,2.052194374
1,2.053165003
1,2.625708184
1,2.711023798
1,2.711049633
1,2.711014756
1,2.052221178
1,2.711015717
1,2.711022453
1,2.711032412
1,2.711014562
1,2.052196392
1,2.625714166
1,2.711014715
1,2.052203382
1,2.711018516
1,2.052191971
1,2.7110161
1,2.732548065
1,2.7110274
1,2.718340513
1,2.052877813
1,2.71101812
1,2.711017343
1,2.052252502
1,2.711017266
1,2.052193295
1,2.711015749
1,2.71102382
1,2.711030687
1,2.711015076
1,2.052220574
1,2.625707347
1,2.711014602
1,2.052222603
2,2.711020127
1,2.052193781
1,2.635216582
1,2.711019646
1,2.711016646
1,2.711017972
1,2.052191789
1,2.711024903
1,2.250258961
1,2.316985664
1,2.05398061
1,2.625707205
1,2.052193237
1,2.71101566
1,2.7110292
1,2.05219331
1,2.711015494
1,2.052230529
1,2.711015986
1,2.707241043
1,2.052194318
1,2.711014255
1,2.052193479
1,2.711016115
1,2.711015034
1,2.732547612
1,2.625705879
1,2.711014967
1,2.052193837
1,2.05225566
1,2.711030179
1,2.711016798
1,2.711034542
1,2.052192209
1,2.711019143
1,2.711017267
1,2.625708147
1,2.711029647
1,2.052192939
1,2.711016839
1,2.711014899
1,2.722721057
1,2.052194597
1,2.052192581
1,2.711016111
1,2.711021779
1,2.711015443
1,2.711016161
1,2.052193717
1,2.711014913
1,2.735112661
1,2.711019118
1,2.711015785
1,2.052197449
1,2.317232175
1,2.711018046
1,2.05219268
1,2.052228923
1,2.711014614
1,2.711020179
1,2.051410797
1,2.711016672
1,2.052230575
1,2.711016931
1,2.052235684
1,2.052197203
1,2.711030052
1,2.052224518
1,2.052205195
1,2.711015677
1,2.711016463
1,2.711017635
1,2.709746695
1,2.052195278
1,2.711017248
1,2.711015741
1,2.732547673
1,2.711016254
1,2.052191953
1,2.711017633
1,2.711017028
1,2.722721143
2,2.711020576
1,2.05219228
1,2.711021724
1,2.71101705
1,2.711016399
2,2.711026275
1,2.052192283
1,2.711014855
1,2.711040282
1,2.728836217
1,2.71101616
1,2.052221826
1,2.711017793
1,2.71101429
1,2.711015856
1,2.711017916
1,2.052202517
1,2.711018135
1,2.052235021
1,2.711031347
1,2.711015356
1,2.052192478
1,2.052231593
1,2.71101525
1,2.709931915
1,2.711016188
1,2.052222912
1,2.711014935
1,2.711014681
1,2.052257509
1,2.720562082
1,2.051827356
1,2.711015458
1,2.711015875
1,2.052193594
2,2.711019444
1,2.052193238
1,2.625707731
1,2.052214703
1,2.051448829
1,2.711015337
1,2.046360491
1,2.625705815
1,2.711017864
1,2.711016268
1,2.711030248
1,2.052193259
1,2.052230754
1,2.711016223
1,2.052191953
1,2.711016854
1,2.05149883
1,2.62570905
1,2.711015751
1,2.052230549
1,2.711016249
1,2.711015575
1,2.711030481
1,2.052251715
1,2.711016797
1,2.711016299
1,2.711016923
1,2.711014917
1,2.052192034
1,2.711018631
1,2.709892386
1,2.71101898
1,2.709747424
1,2.052193192
1,2.711015565
1,2.711014499
1,2.711017501
1,2.711015646
1,2.052192873
1,2.711016232
1,2.711018135
1,2.057414125
4,2.496151928
4.5,2.468536559
2.5,2.34429793
3,2.120360574
3.5,2.036345195
3.5,2.063536391
4,2.20271215
2.5,2.473962775
3.5,2.032415762
2.5,2.508777976
2.5,2.51285367
2.5,2.410668033
2.5,2.419671574
4.5,2.262228301
2.5,2.438098138
4,1.956733424
2.5,2.527350096
4,1.994818533
5,2.44922246
4.5,2.486135062
2.5,2.14866521
3,2.106449147
2,2.548250968
3.5,2.415422147
2.5,2.233437607
5,2.472408516
4.5,2.182986553
3.5,2.193693799
2.5,1.945142321
2.5,2.475730322
2.5,2.459021162
4.5,2.196535936
4.5,2.285595301
5,2.463757957
3.5,2.440083076
2.5,2.445460854
4,2.242258157
3.5,2.076766847
4,2.414830201
5,2.273291204
5,2.497540592
4,2.390908742
4.5,1.911870999
2.5,2.519333007
2.5,2.440307293
2.5,2.416417911
3.5,2.358236869
2.5,2.635419318
2.5,2.459161223
4,2.444259418
3.5,2.192787095
2.5,2.44793467
4.5,2.236043738
3.5,2.195298983
2.5,2.52453655
2.5,2.390870511
3.5,2.166958499
2.5,2.502692234
2.5,2.172665944
2.5,2.448099075
5,2.497128629
3.5,2.309637533
3,1.957005426
2.5,2.519159386
4.5,2.542382115
3,2.091973509
3.5,2.389943265
4,2.150141905
3.5,1.952982255
5,2.504075215
3,1.992095465
2.5,1.977669908
3.5,2.005907889
3.5,2.143525622
4.5,2.571168084
2.5,2.451584675
3.5,2.403141173
3.5,2.177443155
5,2.500645897
2.5,2.551417567
4.5,2.322281346
2.5,2.38453799
4.5,2.519889455
2.5,2.457787395
2.5,2.462118659
3.5,2.372448117
2.5,2.501133231
2.5,2.201956243
2.5,2.521926315
4,2.012477705
4,1.936411257
2.5,2.425611502
3.5,2.160691294
3.5,2.193149952
2,2.589887527
2.5,2.39668362
4.5,2.44013885
3,2.086778956
2,2.516038751
2.5,2.135437266
5,2.4592036
3.5,2.35503352
4,2.404989081
5,2.220817726
3.5,2.19502893
3.5,2.360032243
2.5,2.442672022
3.5,2.155638472
4.5,2.393761818
4,2.211841685
2.5,2.343303952
3.5,1.869762294
2.5,2.196536932
4,1.989624012
4.5,2.076223443
3.5,2.247648997
3.5,2.523582035
4,1.911584589
3,2.12826526
2.5,1.982155262
3.5,2.411780615
3.5,2.028852004
2.5,1.95912185
2,2.527407746
3.5,2.470353503
2.5,2.502432071
3.5,2.546313369
4.5,2.455390606
2.5,2.548628441
2.5,2.580205483
2.5,2.558195209
4,2.18701401
3,2.069692046
2,2.204927814
3.5,2.529678231
3,2.013313653
4.5,2.427251051
2.5,2.209575233
3.5,2.175082202
4.5,2.250512446
4.5,2.445387016
4.5,2.464719927
2.5,2.570779075
3.5,2.233355465
3.5,2.262471828
3.5,1.94951663
5,1.885662109
5,2.467973762
3.5,1.977436724
2.5,2.447487544
2.5,2.503461173
3.5,2.030420201
2,2.418294021
3.5,2.463965813
4.5,2.48428111
2.5,2.584455626
2.5,2.18188742
4.5,2.589157279
2.5,2.443116928
2.5,2.224993683
2.5,2.376246887
2.5,2.542727461
2.5,2.416260763
2.5,2.411612059
3.5,2.506406975
3.5,2.000339712
3,2.11545569
2,2.1963654
3.5,1.966367731
2.5,2.524550902
4.5,2.16288992
2.5,2.179019496
3.5,2.440648419
3.5,2.069652851
2,2.508153482
2.5,2.507464772
3.5,2.471276097
3.5,2.076861698
2.5,2.536752637
4.5,2.541072828
3.5,2.215310503
2.5,2.338787225
4,2.394546281
4.5,2.145306419
4,2.368920572
4,2.108408851
2.5,2.535020119
3.5,2.114173517
3.5,2.129726513
4,2.057370481
2.5,2.351887749
2.5,2.17947832
2.5,2.428183575
3.5,2.141139375
4,1.970677815
2.5,2.420407304
3,2.071911298
2,2.425599117
2.5,2.409513546
3.5,2.242106477
3.5,2.454930811
3.5,2.206465568
3,2.110831423
2,2.541254354
3.5,2.139944463
2.5,2.520224228
2.5,2.520800299
3.5,1.984094567
2.5,2.517692994
3.5,2.541723828
4.5,2.223986536
3.5,2.3049713
4.5,2.224289424
2.5,2.432593713
4,2.002826062
4,2.126927946
3.5,2.432666067
3,2.174052868
2,2.443358988
3.5,2.211020605
4.5,2.563193055
3.5,2.121477671
3,2.220201471
4,2.446918758
5,2.386483952
4,2.196625577
3.5,2.210763216
4.5,2.539707893
4.5,2.162479837
2.5,2.443846934
4,2.400261715
2.5,2.495755411
2.5,2.472958418
3.5,2.167810425
2.5,1.929214041
3,2.232455645
2.5,2.113238986
5,2.369889705
3.5,2.144947291
4.5,2.323289934
4,2.070849759
2.5,2.546608383
2.5,2.445897488
3.5,2.091354611
3,1.983182837
3.5,2.162539239
2.5,2.437445409
3,2.124088606
4.5,2.224497269
2.5,2.223824841
3.5,2.15396816
2.5,2.533821526
4,2.09351743
2.5,2.482796503
2.5,2.338804491
3,2.02813297
2,2.199023159
2.5,2.400579234
2,2.544814005
2.5,2.442752872
3.5,1.978139285
2,2.088124691
5,2.545365025
3.5,2.084625742
3.5,2.02909528
4.5,2.482720054
3.5,1.989989891
2,2.161497859
3.5,2.151555223
3.5,2.566094225
2.5,2.154112603
2.5,2.424511768
3,2.088509765
3.5,2.442020374
2.5,2.508990913
4,2.441147183
2,2.482910704
3,2.214233123
2,2.521511019
3.5,2.55302958
2.5,2.435768289
4.5,2.546943972
3,1.980340996
2,1.933706144
3.5,1.883577269
4.5,2.476939839
3,2.177133232
3.5,2.206333614
3,2.152625158
3,2.552348175
2.5,2.527134063
5,2.493075439
2.5,2.416971177
3,1.978586464
4,2.149851822
2.5,2.412550569
3.5,2.36829948
2.5,2.532115546
4,2.469429261
2.5,2.419361201
2.5,2.420309119
4.5,1.973941796
2.5,2.161708758
3,2.09601687
2,2.434279035
4,2.359463941
3.5,2.078408812
2,2.541161425
4.5,2.501453429
3.5,2.500245577
2.5,2.506384192
3.5,2.190473573
2.5,2.528688297
4.5,2.491850334
3,2.175789812
3.5,2.440753597
4.5,2.045602465
4.5,2.297718394
5,2.213728206
3.5,2.225350105
2.5,2.367817922
4,2.190170807
4.5,2.073500473
2.5,2.607735881
4.5,2.402203829
3.5,2.419455747
4.5,2.285082379
4,2.053853058
3.5,2.196212557
5,2.535798527
3.5,2.089660633
4,2.191380422
5,2.423322812
2.5,2.229343498
2.5,2.551696314
5,2.52893101
2.5,2.43485687
4,2.21153817
3.5,2.122954691
3,2.034277384
3,2.126966426
2,2.408919912
2.5,2.408469707
5,2.411889468
2.5,2.434674436
4,2.185098145
5,2.516051608
2.5,2.213510916
3.5,2.107966761
2,2.442844748
2.5,2.237983694
4,1.996505212
3.5,2.1011958
4,2.53968512
3,2.468975719
3.5,2.221760649
2.5,2.424256649
3.5,2.014955391
2,2.521335186
3.5,1.967367382
2.5,2.37614006
3,2.455923359
3.5,2.182517469
3,2.364538766
2.5,2.393887108
4.5,2.503579252
4.5,2.457655514
3,2.020100061
3.5,2.227018064
4.5,2.437584757
2.5,2.46348135
3.5,2.146663002
5,2.168048754
2.5,2.137085331
4,2.169087107
2.5,2.441873106
2.5,2.542561824
5,2.452563422
3.5,1.919960262
4.5,2.418838163
3.5,2.217204381
3.5,2.160869477
3.5,2.113441611
3.5,2.495051673
3.5,2.513249911
2.5,2.451181006
4.5,2.398693812
3.5,2.051729466
3.5,2.420296853
4.5,2.217712942
4.5,2.200219596
4.5,2.503599938
4.5,2.313605908
2.5,2.41936528
3.5,2.094252288
4.5,2.094356585
3.5,2.117508207
3.5,2.103062706
2,2.413785227
2.5,2.380975911
2.5,2.377944382
3,2.07875526
3,2.169348275
3,2.1799456
2,2.537347969
2.5,2.523775897
2.5,2.474068884
3.5,2.184677792
2,2.448655984
2.5,2.457180656
2.5,2.453647372
2.5,2.219761115
3.5,2.396973462
3.5,2.147103403
2.5,2.378535933
3.5,2.116296545
2.5,2.006322007
2.5,2.458127621
3,2.075110822
3,2.169749797
2.5,2.446103296
3.5,2.114142741
2.5,1.906677969
4,2.352583337
4.5,2.095885986
2.5,2.465539752
4,2.302821483
3.5,2.439618019
3,2.066640045
2,2.481653107
2.5,2.248406488
3.5,2.078144429
2,2.211005815
2.5,2.509030833
3,2.052707239
2.5,2.513494353
4,2.442216199
4,2.417821155
3.5,2.160641654
3.5,2.18010476
4,2.269396747
3.5,2.206012517
3,1.968361702
2.5,2.467036575
3.5,2.088195909
4,2.267345423
4,2.117132111
4.5,2.033828894
3.5,2.012132229
4.5,2.421466844
3,2.074004399
4.5,2.482202371
3.5,2.414126766
2.5,2.44540857
4,2.383788292
3.5,2.134545863
2.5,2.423699588
4.5,2.164513774
4,2.43829737
3.5,2.452333783
4,2.504985033
4.5,1.99765015
5,2.131078561
2.5,2.424481235
5,2.432429326
2.5,2.451190815
5,2.538957705
3,2.035701441
2,2.521273066
3.5,2.441366078
2.5,2.442737267
4,2.506214297
5,2.441570012
3.5,2.023272619
3,1.990602393
2,2.416836494
3.5,2.124122506
2.5,1.994629913
2.5,2.553837282
3.5,2.475021137
2,2.466825494
2.5,2.528606353
3.5,2.431547278
4,1.933561105
2.5,2.442814801
2.5,2.446109522
4,2.270563457
2,2.383995324
3.5,2.389592368
3,2.356674783
2.5,2.337009002
3.5,2.17009333
3.5,2.388479423
3,1.984022021
3.5,1.907613699
4.5,2.24490452
2.5,2.360577229
2,2.544334272
3.5,2.25597308
4,2.443719881
4.5,2.440379242
3,1.999825985
2,2.158031271
3.5,2.330189907
3,2.22816391
2.5,2.152366317
4,2.408210259
3.5,2.57706712
2.5,2.547050117
4,2.478610554
2.5,2.506905277
3.5,2.206514446
3.5,2.100245848
3,2.017630109
2,2.442375829
3.5,2.009343559
3.5,2.249767477
3.5,1.994938331
3,2.17229809
3.5,2.160170029
2,2.204108365
3.5,1.988726962
3.5,2.031134529
3.5,2.292166468
2.5,2.428784363
3,2.015951635
2,2.539469035
2.5,2.219534157
2.5,2.483116513
3,2.199894112
2,2.608864203
3.5,2.02723106
4.5,2.258520103
3.5,2.217058871
2.5,2.420297512
2.5,2.506377762
2.5,2.527832734
3.5,2.033331458
3.5,2.411549317
2.5,2.200015537
4,2.427707355
2.5,2.451081757
5,2.566803573
2.5,2.473089447
4.5,2.21316533
2.5,2.426038736
3.5,2.240470348
4,2.378735402
3.5,2.051148955
2,2.446360007
2.5,2.413211188
4.5,2.450323941
2.5,1.937286314
4.5,2.293886141
5,2.478862824
3.5,2.249544333
2,2.506593462
3.5,2.274824412
4,2.110335171
4.5,2.182224113
4.5,2.417498696
2.5,2.257219269
3,1.962441964
3.5,2.468821202
3.5,2.057545146
3.5,1.932465927
4,2.441691454
4.5,2.447719225
2.5,2.1935802
4,2.442537524
3.5,2.01733319
3,1.887876819
3,2.031498511
4,2.38548341
3.5,2.375453364
3.5,2.187499594
2,2.491856495
5,2.471626682
2.5,2.401369627
2.5,2.470326911
2.5,2.377394474
3.5,2.165917373
3,1.890584745
2.5,2.39054173
2.5,2.522601148
4.5,1.987899128
2.5,2.22948847
3.5,2.071726656
4,2.416445956
2.5,2.20351012
3,2.131612996
2,2.446546424
4,2.245972613
3,1.867752494
4,2.498003486
2.5,2.441984332
4.5,2.445028056
2.5,2.520002473
4.5,2.308437654
2.5,2.400338896
2.5,2.01240948
5,2.471525352
3,2.025861996
3.5,2.16528977
2.5,2.495089781
2.5,2.422710701
3.5,2.197788042
2.5,2.407075178
3.5,2.240718888
4.5,2.474031001
3.5,2.035051591
3.5,2.417608465
3.5,1.993799639
3.5,2.403103931
3,2.074951725
4.5,2.510901502
3.5,2.226818058
3,2.445413173
3.5,2.466475357
3.5,2.015029003
3,2.564117468
2.5,2.457517646
4,2.471576762
4.5,2.378523547
5,2.395474353
2.5,2.415139964
4,2.46121657
2,2.473671135
3,1.931784115
2.5,2.456489773
3,2.110598474
3,2.408291247
4,2.122952264
3.5,2.125982692
3,2.015285578
3,2.088080551
3.5,1.907737756
2,2.376574131
3.5,2.108768199
3.5,2.22359398
3.5,2.196459889
2,2.547162077
3.5,2.221270018
2,2.417650199
2.5,2.201574941
3.5,2.438628712
3,2.066252649
4,2.448593395
3.5,2.188591655
3.5,2.403161071
4,2.129009077
2.5,2.420189991
3.5,1.915192547
2.5,2.216660019
3.5,2.439167975
3.5,2.154787206
3.5,2.152564073
4,2.241763362
3.5,2.226250291
3.5,2.220167824
2,2.315665836
2.5,2.216279229
2.5,2.195922006
3.5,2.144742094
2.5,2.417692826
2.5,2.51998265
3.5,2.167901512
2.5,2.505038379
2.5,2.553764653
2.5,2.394619418
2.5,2.2027536
2.5,2.427915811
3.5,2.252711332
2,2.536851027
2.5,1.852196135
4,1.978590901
2.5,2.472697775
4.5,2.503293691
5,2.193189667
3.5,2.155182361
2,2.461048909
2.5,2.446560517
2.5,2.454952053
2.5,2.432073732
3.5,2.172701549
2.5,1.892655153
4.5,2.226028792
3,2.012839702
2.5,2.515464586
4,1.993296004
3.5,2.415871156
2.5,2.414518257
2.5,2.395865691
3.5,2.025736536
5,2.446885482
3.5,2.220666243
3,2.496901887
3.5,2.235677676
2,2.42718076
3.5,2.544158223
2.5,2.384688463
2.5,2.413792466
3,2.05025547
4,1.981390823
5,2.161161982
4.5,2.195844576
3,2.416796904
2.5,2.414072427
2.5,2.522142523
3.5,2.107297895
2.5,1.933272655
4,2.2131812
2.5,2.518731203
3.5,1.982413979
4,2.16474032
3.5,2.487196044
2.5,2.526326405
3,2.084516557
3,2.227718335
4.5,2.229158951
3.5,2.035141777
4.5,2.254265881
5,2.384239221
2.5,2.398534295
3.5,2.373430117
2.5,2.188934609
4.5,2.227947288
2.5,2.462828895
3.5,2.230735468
2,2.446977514
3.5,2.002157719
2.5,2.416273553
2.5,2.501940678
2.5,2.374223007
2.5,2.443195255
5,2.621681191
3,2.167967688
4.5,2.584741792
2.5,2.440296548
3.5,2.169801667
3,1.974186114
2,2.380660006
2.5,2.518195233
2.5,2.447878485
2.5,2.396496225
3.5,2.200364109
2.5,2.542321733
2.5,2.439775782
3.5,2.509115185
4.5,2.534012202
3,1.977020651
2,2.379269517
2.5,2.537050633
3.5,2.236942246
3.5,2.445805428
2,2.483708998
5,1.8864721
3.5,2.038979908
3.5,2.101825762
3,2.208724909
3.5,2.136559094
2.5,1.932979295
3,2.055230123
2.5,1.953972163
4.5,2.424832675
4.5,2.502195758
2.5,2.408269583
4.5,2.183226488
3.5,2.276224419
3.5,2.297048661
3.5,2.131709967
4.5,2.387155059
2.5,2.41445977
3.5,2.183074019
5,2.494912565
4,2.491043897
2.5,2.596460629
2.5,2.445669679
2.5,2.422454115
4.5,2.03027111
2.5,2.43400425
4.5,2.142097857
4.5,2.244461773
2,2.41235408
2.5,2.42475424
4,2.172439678
5,2.468953078
3.5,1.979497829
3,2.138895613
2,2.542805275
3,2.129061129
3.5,2.110070101
3.5,2.135303708
2.5,2.204241035
3.5,1.925404956
4.5,2.285230161
2.5,2.434193112
3.5,2.380114965
3,2.015615993
4,2.477376181
2.5,2.421786291
5,2.518178716
2.5,2.588697641
2.5,2.501172036
3.5,2.352215991
2,2.503346538
3.5,2.265391602
2,0.476269551
4,0.445262772
4,0.454397877
2.5,0.4741872
3.5,2.072547373
4.5,0.484256371
4,0.453179465
4.5,0.496628145
3.5,0.432535643
2.5,2.508791192
3.5,0.475549905
3.5,0.447042042
2.5,0.454829681
2.5,0.478671441
4,0.430584687
5,0.475229396
2.5,0.495257164
4,1.878841387
3.5,0.450916015
4,2.105734227
3.5,2.149767198
4,2.188035486
3.5,0
2.5,1.860160389
2.5,0.469554935
4,0.493144928
2,2.415583118
3.5,2.129803631
3,0.445410335
2.5,2.07265147
2.5,0.472440159
4,0.474328566
5,0.479505616
3,0
2,0.476778056
5,0.433767504
2.5,0.470596614
3.5,0
3,2.188862084
4,2.088857662
3.5,1.985396265
3.5,1.966391432
2.5,2.510188367
4,1.884823752
3.5,2.466391537
2.5,2.440391134
2.5,2.202401467
2.5,2.521209211
2.5,2.498625178
2.5,2.494926259
4.5,2.453977014
2.5,2.455457675
4.5,2.424138244
4.5,2.26876451
4.5,2.364642234
3.5,1.885876673
3,1.996895461
2.5,1.9769041
4.5,2.430895913
3.5,2.397416881
4,2.233976979
3.5,2.199511452
3,2.120452131
4.5,2.427558625
4.5,2.193619559
3.5,2.405230006
2.5,2.186728221
2.5,2.120980679
4.5,2.181150966
4,2.418744067
3,2.419102326
3.5,2.133962939
4,2.154520644
3.5,2.031294903
3.5,2.441631647
3.5,2.095961066
3.5,2.080623667
3.5,1.917664202
4.5,2.168593882
3.5,2.175988528
3,2.206962137
3,2.034429673
4,2.052835314
4.5,2.452786563
2.5,2.176747847
2.5,2.166181668
4.5,2.09202566
3.5,2.013865111
3,2.203833248
4,2.223568899
4.5,2.51045931
4,2.129905491
2,2.518782497
3,2.16888342
4,2.167128683
2.5,2.41214113
2,2.469030518
2.5,2.391670118
2.5,2.181512728
3,2.053433211
2,2.179975175
5,2.524443346
3.5,2.085938303
2,2.21176158
3,2.009428598
3,2.020065498
4.5,2.386985546
3.5,2.398421632
4,2.210580135
3,2.114675107
2,2.475702774
2.5,2.521723457
3.5,2.004914898
3.5,2.236250356
3,2.134044523
3.5,2.444210468
2.5,2.436437465
3.5,2.170485685
2,2.47418301
3.5,1.918823633
3.5,2.100832235
2.5,2.414783931
3,1.982897161
3,2.245629942
4,2.225895214
4,2.45934082
2.5,2.506447238
2.5,2.45002299
2.5,2.451753577
4,2.155981099
3.5,2.146088455
2.5,2.437140018
3.5,2.123399011
2.5,2.422830533
3.5,2.404902039
5,2.440977056
3.5,2.287230034
5,2.44199945
3,1.998051591
2.5,1.938346568
2,2.504686981
4.5,2.590027369
2.5,2.499854115
3.5,2.349949996
3.5,2.160003468
4.5,2.303619598
2,2.470755228
5,2.524271202
3.5,2.030570495
3.5,2.222065994
2.5,2.523964096
3.5,2.195714943
4,2.515065704
2.5,2.451053461
3.5,2.451482308
2.5,2.388052304
3.5,2.37314944
4.5,2.271506542
2.5,2.470874182
2.5,2.546783627
2,2.217869202
3.5,2.551691377
3.5,2.193433282
2,2.52813789
3,1.975148294
4,2.295257485
4,2.358466919
2.5,1.935000041
3.5,2.183075733
3.5,2.189938412
5,2.435536515
2.5,2.443594969
4.5,2.231080093
3.5,2.10729674
2,2.275308671
3,2.235091456
4,2.351097466
2,2.211274869
3.5,2.154866697
2,2.53692575
3.5,2.518037218
4.5,2.262224505
4,2.397887234
5,2.379401291
4,2.379360112
3.5,1.898977187
3.5,2.183073655
4.5,2.510162617
3.5,2.425407505
2.5,2.507092921
5,2.423806755
4,2.424014216
3.5,2.156580965
3,2.156917154
4.5,2.421823397
3.5,2.220080446
4.5,2.276774993
2.5,2.432483289
2.5,2.515265391
2.5,1.96712526
2.5,2.377503485
2.5,2.436728221
2.5,2.497356456
2.5,2.164035713
4.5,2.113621498
4.5,2.17430616
4.5,2.379297422
4.5,2.480447681
3.5,2.251561951
4.5,2.342325662
2.5,2.472316907
4,2.170417723
3,2.051988509
2,2.398500113
4,2.180913158
3,2.065881809
2.5,2.526372448
5,2.3874593
3.5,2.56590731
4,2.211996915
4,2.15801081
2.5,2.38230711
3.5,2.086028275
3,2.234587979
3,2.011437081
2.5,2.37549347
3.5,1.959115489
3.5,2.395698376
2.5,2.523079094
3,2.133170017
4.5,2.500056666
4.5,2.111644095
3.5,2.173495797
2.5,2.137112423
3.5,2.147163956
4,2.406182838
2.5,2.521815923
3,1.981754881
4.5,2.200355453
3,2.121263399
3,1.952003284
4.5,2.423818028
4.5,2.146077446
5,2.459608053
2.5,2.551017256
2.5,2.203433907
4.5,2.128498149
3.5,1.941837516
4,2.428370399
3.5,2.446082293
2.5,2.580915062
2.5,2.499650541
3.5,2.227111256
4,2.493724116
3,1.988116149
4.5,2.583245992
4,2.409573739
2.5,2.389625128
2.5,2.387921251
2.5,2.263882352
3.5,2.007562157
4.5,2.419266661
4.5,2.184665884
2.5,2.414217944
3.5,2.110685306
3,2.104762413
4.5,2.398454772
2.5,2.502818454
2.5,2.161750485
3.5,1.930484057
3.5,2.25162705
2.5,2.556440345
3,2.187411227
2,2.52327712
2.5,2.440767308
3,1.999178975
4,2.384964683
3,2.077513786
4,1.984529762
2.5,2.167377946
2.5,2.447127687
4.5,1.963171873
2.5,2.401063343
2.5,2.396183107
4.5,2.436405515
3,1.989486877
5,2.531508096
3.5,2.116902697
3.5,2.120561068
2.5,1.870677732
3.5,2.187762952
3,2.079507708
3,2.089126253
3,1.89876209
3.5,1.904080113
2.5,2.496171255
3,2.113240438
3,2.224920453
4.5,2.419381246
3.5,2.428391933
4.5,2.342350998
3.5,2.16416389
2,2.516613175
3.5,2.239666506
4.5,2.29814476
2.5,2.534798556
3,2.080914405
2,2.378521781
3,2.091888812
2,2.523094267
3,2.105981033
3,2.103694326
2.5,2.50543894
2.5,2.535708112
2.5,2.447755496
3.5,2.394234863
2,2.576529569
2,2.424228396
3.5,1.981487129
4.5,2.24932387
3.5,2.120405706
4.5,2.540702506
5,2.606170757
2.5,2.40740014
3.5,2.218621446
3.5,2.462056939
3,2.070229461
3,1.980933287
2.5,2.433498637
2.5,2.460863122
2.5,2.262039742
3.5,2.203104414
2.5,1.920310185
3.5,2.001800375
4,2.399872779
4,1.991342586
4,2.123459906
4.5,1.982430856
4.5,2.392687111
4,2.179146869
3.5,2.15798312
3,2.145778385
4,2.275887353
2.5,2.424741321
3.5,1.983365336
2.5,2.526553096
3.5,2.200125992
5,2.585671774
3,2.184635732
3,1.914003751
2.5,2.380936961
2,2.2091866
3.5,2.479714641
2.5,2.57310625
2.5,2.494749969
3,2.108539704
3,2.509064715
2.5,2.464082074
4.5,2.504411158
2.5,2.501176945
4.5,2.031592503
2.5,2.47071785
3.5,2.158470764
2.5,2.170535261
3.5,2.005066684
3.5,1.97784246
2.5,1.87030012
3,1.96078823
4.5,2.376494575
4.5,2.163149669
2.5,2.481133801
4,2.319458579
4.5,2.417089092
3,2.037636279
3.5,2.216484196
2,2.503355818
3.5,2.401455946
4,2.46573742
3.5,2.14910868
3.5,2.393466933
5,2.373887963
3.5,2.172348142
4,2.550663532
3.5,2.173214792
3,2.110547592
4,2.172608553
3.5,2.17458041
3.5,2.29873059
3.5,2.181163449
4,2.067963931
4,2.181371952
2.5,2.477506077
3.5,2.086080019
3.5,1.904740411
2.5,2.502389458
4.5,2.364426457
3.5,2.388154632
4.5,1.950499843
4,2.475564168
2.5,1.982779221
3.5,2.154101121
2,2.522768886
3.5,2.479039484
3.5,1.976053097
4.5,2.539817241
3.5,2.203019275
4.5,2.218064866
2.5,2.439844455
4.5,2.540043583
3.5,2.307373769
2.5,2.561878731
3,2.197043918
4,2.253505404
2.5,2.44703519
3,2.155904499
4,1.987308787
4.5,2.336910332
3.5,2.173164464
2.5,2.378973118
3.5,2.182720326
4,2.542646411
4.5,2.470246631
4,2.21149335
2.5,2.608352914
3.5,2.422855934
2,2.131801281
2.5,2.481345666
2,2.439262409
3.5,2.238426551
3,0
3,0.453647723
4.5,2.157947058
2.5,0.479763484
3.5,2.112523308
3.5,0.442725786
2.5,0.459573787
2.5,0.477317695
2.5,2.332789155
4.5,0.486258518
3.5,0.463097333
2,2.409132946
3.5,0.445310617
3.5,2.006383821
3,0.453471337
2.5,2.477409186
4.5,0.430592843
4.5,2.468699929
4,0.438444947
4.5,2.302077349
3.5,0.438444947
4,2.117992592
4,2.369085088
2,0.473162536
2.5,2.419447747
3.5,0.461120988
2.5,0.462324192
2.5,0.461385627
4.5,0
2.5,1.846759874
5,0.483267325
2.5,2.388015192
3.5,0.497068241
3.5,2.129803631
2,2.030579962
2.5,2.249429641
4,2.428356323
2.5,2.275571808
2.5,2.506729828
3.5,2.048845186
2,2.520285133
4.5,2.469138718
3.5,1.886951994
3.5,1.944188153
3,2.443237245
3.5,2.432993308
2.5,2.197734882
4,2.103878052
2.5,2.52276025
3.5,2.48968669
4,2.309068447
3,2.543775167
2,2.451941786
4.5,2.172835879
2.5,2.181672798
3,2.577339713
2,2.531597409
2.5,2.217650438
2,2.38650127
2.5,2.089740433
3.5,2.417926984
5,2.36064415
2.5,2.548022665
3,2.107100886
3.5,2.219902188
3,2.12895837
2.5,2.214521988
3.5,2.428793094
2,2.499501747
3.5,2.193654086
3,2.445950474
3.5,2.498726247
2.5,2.530813969
4,2.185609069
2.5,2.014411338
3.5,2.557780735
2,2.450198722
4,2.039878202
3.5,2.166608711
2,2.06735432
3.5,2.437989359
3.5,2.200732338
2.5,2.0871383
2.5,1.97095203
4.5,2.01434203
4.5,2.266042625
3.5,2.520846546
3.5,1.973638429
4,2.525910031
3.5,2.096423048
3.5,2.551957847
2.5,2.178140362
4,2.080980884
2.5,2.415072398
4,1.867448352
4.5,2.447836426
3.5,1.865777863
2,2.4015306
3.5,2.443479307
3.5,2.514832268
3,2.107977125
4.5,2.296940475
4.5,2.50582034
2.5,2.199924433
4.5,2.420025773
4,2.446644444
2.5,2.425836482
3,2.432062064
2,2.389390393
4,2.407855409
4.5,2.381555598
2.5,2.414924446
2.5,2.399438512
3,2.158740783
3,1.938237509
5,2.233190719
4.5,2.486076476
2.5,2.436528663
3,2.445825474
3.5,2.363801721
3,2.402124464
3,2.020855257
5,2.495977734
2.5,2.443855048
5,2.576292022
2.5,2.644912538
2.5,2.425806644
3.5,2.067612699
4.5,1.973896527
2.5,2.167645415
2.5,2.04793291
3,2.455235406
3.5,2.024983293
3,2.118483168
3.5,2.216830395
3.5,2.433932443
3.5,2.413711759
3,2.49511223
3.5,2.225861786
4,2.410956674
5,2.494925958
2.5,1.905742322
4.5,2.229963907
2.5,2.532822877
2.5,2.519739669
3.5,2.170862599
3.5,2.212603693
3,2.113405484
3.5,2.370991545
3.5,2.429413003
3.5,2.402131453
3.5,2.307034543
3.5,2.076476158
4,2.046204673
5,2.487102459
2.5,2.415790539
