RMC,CCC,Cyclomatic Complexity
7.5,1.660180405,0
5,3.230063507,0
6.666666667,3.185604786,0
6.666666667,1.652592541,0
5,3.187614961,0
6.666666667,3.230559202,0
5,3.186992603,0
6.666666667,3.230378876,0
8.333333333,3.185453871,0
5,3.230321089,0
5,3.185190906,0
5.833333333,3.230700955,0
5.833333333,3.185962413,0
5.833333333,3.22962807,0
5,1.660893532,0
6.666666667,3.230124576,0
5,3.185977725,0
5,3.2299322,0
5,3.185247051,0
5.833333333,1.652385826,0
5.833333333,3.185140161,0
5,3.230542438,0
5,3.186593525,0
5,3.230639672,0
5.833333333,3.186512286,0
5,3.230667447,0
6.666666667,3.185480931,0
5.833333333,3.390230122,0
7.5,3.186694061,0
5,3.253501158,0
6.666666667,1.660407076,0
6.666666667,3.229729327,0
8.333333333,3.186695941,0
6.666666667,3.230677897,0
5.833333333,3.18602733,0
5,3.230297368,0
8.333333333,3.186451628,0
5.833333333,1.653637955,0
5.833333333,1.660349604,0
5.833333333,1.652216822,0
5.833333333,1.66059986,0
5.833333333,3.230518453,0
5,3.186621732,0
6.666666667,1.652750028,0
6.666666667,3.186125189,0
6.666666667,1.652459171,0
5,3.185900562,0
5.833333333,3.229916273,0
5,3.185611105,0
5,3.230128649,0
6.666666667,1.660415119,0
5.833333333,3.229956922,0
5,3.185211049,0
5,1.652763256,0
5.833333333,3.187148878,0
5.833333333,3.229883496,0
5,3.185458961,0
6.666666667,3.230764901,0
5.833333333,3.186432942,0
6.666666667,3.230435809,0
7.5,3.186774637,0
4.166666667,3.231177225,0
8.333333333,3.185355579,0
5,3.230715757,0
8.333333333,1.660439256,0
6.666666667,3.230599699,0
5,1.661280229,0
5.833333333,3.22967388,0
6.666666667,3.185984498,0
6.666666667,3.230123265,0
5,3.185784776,0
5.833333333,3.229681507,0
5,3.186957379,0
5,3.230456241,0
4.166666667,1.660399057,0
5,3.230676348,0
5,3.186767693,0
6.666666667,1.652676557,0
5.833333333,3.186665485,0
5.833333333,1.652518628,0
6.666666667,3.18633084,0
5,3.230139777,0
5,3.185368261,0
5,4.090836883,0
5,3.185320467,0
6.666666667,3.230502749,0
5,3.185082685,0
5,3.230404116,0
5.833333333,3.186127917,0
5,3.230399702,0
5,3.184837084,0
10.83333333,3.230451485,0
7.5,3.185604815,0
5.833333333,3.230057635,0
10.83333333,3.186063914,0
11.66666667,3.230276988,0
6.666666667,3.186105948,0
5.833333333,3.230054079,0
4.166666667,3.185383375,0
5.833333333,3.231015298,0
6.666666667,3.576307577,0
5.833333333,3.230173893,0
5.833333333,3.186688087,0
5.833333333,1.652644662,0
5.833333333,3.186687608,0
5,3.229858583,0
5,1.660089112,0
5,3.22966519,0
6.666666667,2.138399214,0
5,3.186790514,0
6.666666667,3.229902622,0
5.833333333,3.185488334,0
5.833333333,3.230026307,0
8.333333333,3.186321743,0
7.5,3.230015571,0
5,3.18626762,0
5,3.22997484,0
5,3.184703674,0
5,3.229879792,0
5,3.186770316,0
5,3.229670885,0
32,5.052546453,0
30,5.028632836,0
33,5.052418089,0
24,5.053084906,0
57,5.052418089,0
28,5.023692649,0
43.5,4.978046428,0
39.5,5.052405329,0
55,5.028423628,0
31,4.999624336,0
44,4.948994217,0
26,4.937807009,0
45.5,5.057006037,0
45.5,5.023954864,0
45.5,4.913089386,0
62,5.052167074,0
24.5,4.942913024,0
45.5,5.019838391,0
49.5,5.048878801,0
32,5.033987643,0
45.5,5.056825693,0
45.5,4.937475717,0
51,5.024475618,0
37,5.041381053,0
54,5.056990748,0
22,4.933147329,0
56,5.052414109,0
22,4.942627512,0
49.5,4.999983377,0
24,4.999963591,0
45.5,5.02825959,0
62,5.052054174,0
23,5.028326705,0
54,5.056864559,0
33.5,5.057115291,0
49,5.028624,0
31,5.05254147,0
45.5,5.028691135,0
45.5,5.028561198,0
45.5,5.023576585,0
45.5,5.056996997,0
56,5.023954864,0
30.5,4.942784032,0
59,5.052290789,0
27.5,5.028671292,0
47.5,4.999643014,0
27,5.028329147,0
61,5.023587347,0
39,4.973804392,0
51.5,4.937810156,0
33.5,4.913216466,0
43.5,5.028288211,0
41.5,5.052550372,0
42.5,4.926251165,0
35,5.05219302,0
42.5,4.937934017,0
36.5,5.028352501,0
43.5,4.978018206,0
26,5.052418879,0
47,4.937710756,0
24,5.05662298,0
57.5,5.052550706,0
27.5,4.942765023,0
45.5,4.949414334,0
54,5.041439206,0
22,4.942764356,0
53,5.057003489,0
37.5,5.028252691,0
45.5,5.05218348,0
53,5.0523672,0
36.5,4.9999847,0
42.5,4.926115749,0
31.5,5.052429604,0
32,5.052541653,0
47.5,4.948917829,0
22,4.942783905,0
47.5,5.019915503,0
26,4.942403603,0
51.5,4.972888223,0
32.5,5.052424409,0
45,5.057113722,0
22,4.93793691,0
52,4.942901581,0
27,5.052061588,0
58,5.041013575,0
27,5.024251045,0
30.5,4.948731826,0
34.5,5.024677512,0
62,5.057001032,0
25.5,5.064319123,0
57,5.028628188,0
39,5.028643109,0
51,5.024638834,0
30,5.048329905,0
23.5,5.028691135,0
53.5,5.048267856,0
23,4.973259635,0
52.5,5.057126159,0
30.5,4.937799555,0
43.5,5.012907459,0
22,4.942764166,0
48.5,5.028381108,0
36.5,5.052396609,0
27,4.972898187,0
50.5,5.05228848,0
38.5,5.041249905,0
49.5,4.972890872,0
33,5.052282677,0
50.5,5.057006037,0
39,5.028391106,0
49,5.057126311,0
29.5,5.052388345,0
42.5,5.023945478,0
31,5.028623144,0
60.5,5.028570065,0
30.5,4.961851154,0
31,5.028701422,0
35.5,5.000002763,0
48.5,5.028500475,0
40.5,5.052194721,0
44.5,5.028587282,0
22.5,4.913238321,0
34.5,5.052424166,0
38,5.05294157,0
50,5.028561304,0
28,5.056850445,0
31,5.000106371,0
33,4.948734968,0
58,5.052442577,0
35.5,4.961775332,0
43,4.938084898,0
28,5.052412286,0
57,5.041248807,0
39,4.961614136,0
47.5,5.024342561,0
29,5.056855125,0
56,5.028220808,0
26,4.943174413,0
34,4.937848429,0
62,5.029099902,0
32.5,5.028486869,0
49.5,5.028221566,0
33.5,5.052549977,0
58.5,5.0525446,0
27,5.028326705,0
50,5.029039918,0
23,5.029108498,0
24,5.02896667,0
24,5.056855125,0
59,5.057539702,0
34.5,5.020389673,0
44.5,4.995620444,0
25,4.978452585,0
47.5,5.024005039,0
30.5,5.028691135,0
63,5.024106794,0
22.5,4.94276388,0
54.5,5.028342213,0
29.5,5.041788122,0
28,5.04849033,0
48.5,5.028893767,0
32,5.041238536,0
39.5,4.978049261,0
57,5.000115787,0
24.5,5.05677744,0
24,5.012887613,0
43.5,4.977670679,0
24,5.052806462,0
45,5.028693119,0
35,4.97818046,0
54,5.057115291,0
40,5.028493228,0
22,4.913470914,0
43.5,4.977779291,0
23,4.948864577,0
48,4.948866957,0
25,5.052560307,0
42.5,4.938344621,0
31.5,5.037332793,0
28,5.057401773,0
42.5,4.942755488,0
26,4.913119,0
38.5,5.057132651,0
55.5,4.999727482,0
30.5,4.942392922,0
51.5,5.052551557,0
22,4.937680987,0
42.5,4.942621183,0
26,4.926329366,0
45.5,5.052421279,0
26,4.937562577,0
50,5.02855932,0
34,5.023719311,0
57,5.056652131,0
27,5.006325899,0
52,4.961688755,0
152.5,5.040885535,0
62,5.028633295,0
23,5.023577043,0
42.5,5.028507691,0
49.5,5.023824735,0
49,5.056987927,0
49,5.05242055,0
49,5.056655043,0
49,4.961846979,0
46,4.996036972,0
47.5,5.057155037,0
49,5.057133106,0
49,5.056764639,0
49,5.05255098,0
49,5.028693102,0
49,5.024619694,0
49,5.01276489,0
49,5.012765074,0
49,5.008775879,0
42.5,4.937944619,0
43.5,5.052540863,0
53,5.052405147,0
45.5,5.052422039,0
57.5,5.013294983,0
43,4.942808723,0
43.5,5.05256052,0
43.5,5.052156197,0
42.5,4.942765023,0
53,5.057143449,0
43.5,5.028570065,0
56.5,5.052544205,0
42.5,5.041779314,0
46,5.056990748,0
42.5,5.024353232,0
42.5,4.938004348,0
46,5.033700664,0
42.5,5.02000197,0
65,5.057059364,0
61,5.048132685,0
43,5.024011949,0
56,5.024013539,0
45.5,5.028497998,0
42.5,4.926485767,0
52.5,5.023944897,0
42.5,5.057193045,0
46.5,4.937945096,0
42.5,5.028559778,0
44.5,5.028569974,0
43,5.041250057,0
61.5,4.937944619,0
58,5.028502646,0
42.5,4.978199725,0
55.5,4.973394074,0
65,4.938354618,0
42.5,5.052541288,0
44.5,5.028712211,0
59.5,4.926348916,0
54.5,5.056992711,0
121.5,5.052253571,0
49.5,5.052469982,0
64,4.926348916,0
57,5.012509874,0
26.5,4.937935321,0
59.5,5.052412742,0
42.5,5.0131522,0
50.5,5.052588957,0
65.5,5.056654861,0
59.5,5.052423892,0
42.5,4.942764166,0
64,5.057510005,0
61,5.02849066,0
131.5,4.978049072,0
59.5,5.028578888,0
48.5,5.023953764,0
64.5,5.024361946,0
55.5,5.024096643,0
56.5,5.057182793,0
45.5,5.057124603,0
64,4.978061349,0
51.5,5.024076463,0
64.5,5.028371722,0
141.5,5.024483663,0
47.5,5.023809478,0
59.5,5.052544478,0
22.5,4.938072771,0
53.5,5.056975339,0
56.5,5.056770993,0
50,5.028672187,0
65,4.978041801,0
23,5.056986129,0
47,5.052417846,0
56.5,5.023719097,0
45.5,4.999982854,0
58,5.057000759,0
42.5,5.052183055,0
48,4.97781151,0
43.5,5.02357686,0
47.5,4.973265152,0
64,5.041393305,0
54.5,5.052287234,0
64,5.056906222,0
44.5,5.041636371,0
29,5.048500464,0
56.5,5.048352315,0
65,4.973127938,0
42.5,4.913460851,0
42.5,4.977926058,0
46,5.028225723,0
46,4.961870418,0
42.5,4.97767474,0
43,5.041312157,0
46,5.052821855,0
46.5,4.937690952,0
50.5,5.041372397,0
42.5,5.023585452,0
114.5,4.913471106,0
61.5,4.977669465,0
55.5,5.057123884,0
61.5,5.028567898,0
56.5,4.973815994,0
47,5.019614267,0
148.5,4.913609753,0
65,5.04177843,0
59.5,4.972893646,0
43.5,5.028578704,0
64,5.052423193,0
56.5,4.937934081,0
42.5,5.052270555,0
42.5,4.942775323,0
64,5.041243626,0
43.5,5.012888656,0
63.5,5.000086308,0
64.5,4.978182223,0
57,5.057181761,0
56.5,5.028571714,0
61,5.028434557,0
42.5,4.942529575,0
56.5,5.012377887,0
43.5,5.057143714,0
52.5,5.037176068,0
65,5.052137725,0
45.5,4.942627036,0
38.5,5.052947343,0
34,4.942764737,0
47.5,5.024344548,0
31,5.052939018,0
54,4.942392731,0
40.5,5.028319776,0
46.5,4.926485767,0
35,5.02408695,0
43.5,5.023809203,0
32,5.057123611,0
42.5,4.937944905,0
34.5,5.000380206,0
43.5,5.028191349,0
37,5.02414538,0
44,5.024086614,0
36.5,5.052541653,0
42.5,4.913470626,0
23,5.02855932,0
47.5,5.023944897,0
23,4.927013971,0
45,5.05712433,0
28,5.028977141,0
48.5,5.012754185,0
30,5.023935204,0
22,4.942814421,0
45.5,5.052938228,0
27.5,4.973403659,0
52,5.023954589,0
24,5.057000243,0
58,5.057124066,0
23,4.93793513,0
53,5.056994198,0
27,5.023857665,0
54,5.057412967,0
31,5.052534513,0
23,5.033979536,0
58,5.057003944,0
31.5,5.057401955,0
33.5,5.056990475,0
35,4.978172258,0
53,5.028623725,0
31,5.05257009,0
42.5,4.942757551,0
34,4.942902406,0
43.5,4.937944619,0
31,4.943166021,0
41.5,5.052552833,0
27,4.973265089,0
34.5,5.041788122,0
55,5.057136564,0
33,5.052414838,0
53.5,5.041300255,0
37.5,5.041258576,0
40.5,5.056992711,0
52,5.052540559,0
28,5.048489128,0
48.5,5.053093226,0
27,4.978046145,0
42.5,4.937797521,0
37.5,5.052413714,0
53,5.052406423,0
24,5.03731176,0
36.5,5.05281591,0
58.5,5.052550706,0
22,4.938355158,0
58,5.052831223,0
23.5,5.028690952,0
47.5,5.025026897,0
36.5,5.052830737,0
51.5,5.056662132,0
30.5,5.028491088,0
50.5,5.056996967,0
22,4.942764166,0
33,5.04125155,0
58,5.052531961,0
22.5,4.942901581,0
44.5,5.023954589,0
35,5.041373342,0
42.5,4.913460851,0
38.5,5.023945172,0
47,4.977830963,0
30,5.057126614,0
48.5,4.978051591,0
24,5.028490721,0
57.5,5.056900505,0
41,5.056996967,0
48.5,4.938082546,0
31.5,5.019963659,0
34,5.041382882,0
44,5.012745934,0
36.5,5.040975264,0
30,5.028633111,0
56.5,5.057046077,0
31,5.052473172,0
49.5,5.028568173,0
30,5.056871202,0
42.5,4.926348916,0
26,4.937798284,0
37,5.052173484,0
48,4.97818046,0
35,5.02855526,0
54,5.056538287,0
23,4.948731826,0
29.5,5.062153035,0
40.5,5.056847451,0
47.5,4.948517261,0
37.5,5.052551162,0
42.5,4.942627512,0
25,5.028624183,0
64,5.056637843,0
54,5.028623419,0
42.5,4.961844227,0
55.5,5.052074986,0
42.5,5.052163671,0
45,4.937820058,0
42.5,4.973264774,0
42.5,4.937934081,0
42.5,5.052541015,0
46.5,5.028423628,0
42.5,5.057115291,0
42.5,4.93834745,0
42.5,4.942549696,0
46,5.052072707,0
43.5,5.052398614,0
49.5,5.052279153,0
42.5,4.93756601,0
42.5,5.028553951,0
39,4.973383291,0
50,5.02833552,0
31.5,5.024362741,0
43.5,4.913470914,0
25.5,5.052414474,0
51.5,5.02406677,0
36.5,5.028565456,0
54.5,5.052405329,0
38.5,5.028652221,0
54,5.056999151,0
35.5,5.056634689,0
43.5,4.942764356,0
23.5,5.028419751,0
48.5,5.0281894,0
30,5.052415021,0
53,4.824551226,0
52,5.057007675,0
35,4.938083023,0
44.5,4.977909311,0
22,4.937944619,0
43.5,4.948869147,0
29,5.057123611,0
28,4.937945096,0
44.5,5.023712554,0
24,5.023954864,0
54.5,5.056816025,0
39.5,5.052285594,0
61,5.028134609,0
24,4.968493037,0
43.5,4.973265121,0
29.5,5.041371361,0
32,5.041244418,0
54.5,5.056693354,0
22,4.937573655,0
46.5,5.052423832,0
34.5,5.041228844,0
58,5.056656893,0
23,5.019992553,0
44.5,5.056990809,0
41,5.056997422,0
48.5,5.00016339,0
34,5.000512615,0
31,5.052957764,0
28,5.028554985,0
55,5.05739949,0
36.5,5.028505673,0
42.5,4.942392445,0
45,5.056636903,0
29.5,5.052181627,0
48.5,5.041290928,0
25,5.052405177,0
44.5,5.056855398,0
35.5,5.024351153,0
58.5,5.052543567,0
33,5.040882457,0
49.5,5.05213417,0
32,5.052957035,0
47.5,5.052334752,0
39.5,5.057123611,0
52.5,5.012503555,0
37.5,5.056777531,0
34,4.913609465,0
34,5.056639208,0
51.5,5.024075851,0
30.5,5.05705812,0
52,5.028493534,0
29,5.028701422,0
22,4.942764166,0
42.5,4.942392445,0
22,4.942771401,0
35.5,5.052718404,0
44.5,5.052030659,0
27,4.97790544,0
55,5.02425132,0
36.5,5.037314599,0
27.5,4.977906793,0
29.5,5.056758148,0
52,4.977808772,0
36,5.024065975,0
36.5,5.056749229,0
37.5,5.000116064,0
50,4.93757553,0
32.5,5.052414352,0
25.5,5.057005733,0
47.5,5.023945172,0
32.5,5.028322645,0
57.5,5.028283909,0
27,4.973266665,0
53,5.052421614,0
30,5.052415476,0
48.5,5.048363011,0
34,5.056867805,0
60,5.058336635,0
27,4.973269408,0
43,4.942901581,0
22,4.926124089,0
29,5.023955659,0
22.5,4.942432401,0
33,5.052414838,0
60,5.06216197,0
22,5.03406896,0
43.5,4.978048191,0
35.5,5.056719715,0
48.5,5.02436057,0
36.5,5.034120956,0
32,5.028322371,0
56,5.056861313,0
23,5.019643804,0
49.5,4.977970882,0
36,5.052541926,0
46.5,4.942392731,0
38.5,5.05254147,0
43.5,4.977670868,0
22,4.926476789,0
54.5,5.041381053,0
22,4.937573178,0
48,4.961711878,0
23,4.942627385,0
45.5,5.028122654,0
35.5,5.056622525,0
59,5.052424166,0
25.5,5.057126159,0
51.5,5.012761056,0
39,5.057124066,0
35.5,5.052183328,0
60.5,5.056747279,0
22,4.937573655,0
57.5,5.052550706,0
49,4.899407039,0
59.5,4.977878715,0
31.5,5.052030051,0
57.5,5.041380992,0
26,4.937690952,0
42.5,4.937662232,0
35.5,5.028488764,0
49,5.056968817,0
26,4.942392731,0
44.5,5.057003428,0
38.5,5.057006037,0
44.5,5.023808377,0
33,5.057154734,0
57,5.052419578,0
27,4.973098616,0
56,5.048403863,0
35,5.024087409,0
42.5,4.942627512,0
23.5,5.023708151,0
48.5,5.048498881,0
29.5,5.041103151,0
56.5,5.028737994,0
32.5,4.973406496,0
44.5,5.008409209,0
28.5,5.057123611,0
33,5.052521813,0
48,4.973256765,0
41.5,5.048195638,0
50,5.0411133,0
31.5,5.048197534,0
28,4.999605104,0
58,5.041381236,0
24.5,5.052418697,0
50,5.056747006,0
38,5.041788122,0
46.5,5.023945355,0
31,4.978042084,0
61,5.052541653,0
29.5,4.942392445,0
22,4.937934621,0
56,5.056723537,0
28,5.056786753,0
34.5,5.052182417,0
49.5,5.048122993,0
32,5.052399313,0
58,5.062129564,0
31,4.961480237,0
39.5,5.028200965,0
33,5.05719532,0
34.5,5.052549917,0
46.5,4.926545214,0
22,4.942451093,0
32,5.052541318,0
58.5,5.057135199,0
56.5,5.056647845,0
51,5.052413957,0
56.5,4.942392731,0
64,5.04137197,0
51,4.977690416,0
23,4.961841854,0
62,5.057003246,0
42.5,5.052279335,0
48.5,5.019643345,0
45.5,5.048489007,0
42.5,5.0477961,0
48,5.052533632,0
42.5,5.028201484,0
56.5,5.02835784,0
57.5,5.056996967,0
42.5,5.05203795,0
42.5,5.028438678,0
45.5,5.01998185,0
42.5,5.024076463,0
52.5,4.961843752,0
42.5,4.942775323,0
54,5.052398037,0
27,4.999634367,0
31.5,5.052589383,0
50,5.028497142,0
23,4.978046145,0
62,5.05241341,0
30.5,5.023945936,0
48,4.926370188,0
26,5.052417816,0
63,5.012888073,0
22,4.94276388,0
45,4.937937196,0
22.5,5.012877859,0
57.5,5.028284306,0
36,4.949006467,0
42.5,4.937934304,0
36,5.056971092,0
57,5.028246179,0
32,4.978049135,0
58,5.052176036,0
26,4.937573655,0
45.5,5.052175277,0
31.5,4.973132289,0
38.5,5.04138471,0
51.5,5.023901999,0
33.5,4.999594795,0
57,5.052541653,0
26,4.942764356,0
42.5,4.937573464,0
29.5,4.913462067,0
46.5,5.028423903,0
32,5.028490477,0
46.5,5.04177843,0
24.5,4.948635826,0
50,5.052172725,0
38.5,5.052553714,0
49,5.041006504,0
23.5,5.028624948,0
43.5,4.999972823,0
37.5,5.052421614,0
50.5,5.056637692,0
24,5.028632836,0
42.5,5.023945355,0
24.5,5.052163154,0
22,4.942764293,0
54.5,5.062289437,0
37.5,5.048910022,0
47.5,5.024251504,0
22,5.028191013,0
50,5.023954589,0
30,5.057006037,0
41,5.056755782,0
50.5,4.942392922,0
36,5.028383799,0
42.5,4.926485767,0
26,5.056867107,0
42.5,4.93756369,0
28,5.052412286,0
37.5,4.912991633,0
50.5,4.933157104,0
28.5,5.0569882,0
43.5,5.028412326,0
22,5.023954589,0
22.5,4.926242921,0
47,4.938083023,0
36,5.05681375,0
54,5.056774983,0
25,5.048132685,0
31,5.052406088,0
49.5,5.057143267,0
25,5.028565456,0
61,5.028136199,0
23,4.973259382,0
42.5,4.937944619,0
27.5,5.023698764,0
43.5,4.961846789,0
32,4.978046428,0
33.5,4.942766229,0
58,5.052050316,0
27,5.008427336,0
51,4.942392445,0
25,5.057132924,0
59,5.052176796,0
28,4.973212215,0
25,5.052160299,0
33.5,5.052551162,0
33,5.057124785,0
59,5.056999515,0
22,4.937690094,0
62,5.052551162,0
31.5,5.033619617,0
33,5.052293068,0
58,5.057005521,0
24,5.019721529,0
43.5,4.937808249,0
22.5,5.024076463,0
55,5.028261008,0
35,5.02448382,0
55,5.024599972,0
26.5,5.02831405,0
43.5,5.028562037,0
23,5.028701606,0
27.5,4.949004277,0
30.5,5.052283376,0
33,5.056996997,0
38.5,5.052598376,0
48.5,5.023708151,0
59.5,5.028692814,0
27,4.977857153,0
54,5.052175915,0
26.5,5.000105694,0
27,5.028559778,0
47,4.942550108,0
38.5,4.973269125,0
42.5,4.937689712,0
35,5.052173454,0
48.5,5.052399222,0
31,5.02370384,0
37,5.052389713,0
29,5.048139821,0
35.5,5.040890077,0
52.5,4.973236681,0
26,4.942384054,0
31.5,5.048498881,0
42.5,4.937945096,0
33,5.057001032,0
35,5.012877369,0
35.5,4.973037198,0
49.5,5.052532417,0
39.5,5.028496103,0
48.5,5.056841809,0
26,4.938354872,0
26,4.942394984,0
23,5.02357579,0
56,5.012407732,0
22,4.937993206,0
62,5.05654129,0
27,5.019749228,0
24,5.024172838,0
23,5.028551274,0
51,4.942509741,0
28,5.052039865,0
46.5,5.041251276,0
27,5.024348245,0
56,5.048193538,0
33,5.052431032,0
57,5.012755627,0
26,5.028183151,0
54,5.023737228,0
29.5,5.041245363,0
22,4.942755488,0
50.5,5.028449606,0
23,5.024251137,0
30.5,5.056864286,0
49.5,5.028031142,0
39.5,4.973272057,0
35.5,5.056843923,0
39.5,5.052049283,0
54,5.041099981,0
34,5.052284348,0
46.5,4.94241228,0
34.5,4.978046145,0
46.5,4.942764356,0
64,5.04137197,0
48.5,5.023818375,0
26,5.052172694,0
45.5,5.023738298,0
45,4.973402555,0
61.5,4.942392922,0
47,4.91325784,0
34.5,5.057132924,0
43.5,5.024483663,0
32,5.028221327,0
43.5,5.052097712,0
35,4.913609465,0
56.5,5.02834295,0
44.5,5.056855125,0
23,4.977762544,0
33,5.028352501,0
26,4.937934844,0
46.5,5.052560246,0
31.5,5.048491121,0
43.5,5.028540393,0
29.5,5.02896667,0
41.5,5.057132924,0
59,5.057008918,0
38.5,5.057135472,0
51,5.056913275,0
23,4.942629099,0
48.5,5.012877553,0
33.5,4.999595257,0
60,5.057132651,0
22,4.937690952,0
50.5,5.056996967,0
23.5,5.012619929,0
53,5.057000698,0
22,4.937807772,0
26,4.937573655,0
59.5,4.999634706,0
34,4.942745188,0
58.5,5.056767187,0
29,5.048132351,0
43.5,5.023808958,0
23,4.995736762,0
43.5,5.023701791,0
24,5.052724937,0
40,4.633556546,0
45,5.028399268,0
37.5,5.024096643,0
51,5.024003816,0
22,4.942470928,0
48.5,5.052412286,0
26,4.94276388,0
50.5,5.056734154,0
38.5,5.052182417,0
25,5.056745013,0
45.5,5.041245363,0
22,4.937866421,0
52.5,5.023586552,0
35.5,4.999605811,0
45.5,5.057000243,0
32.5,4.978180177,0
43.5,5.024154121,0
38,5.028451248,0
34.5,5.056659463,0
47,5.02855814,0
27,4.942627036,0
43.5,5.019643345,0
28,4.999722435,0
48.5,5.01250923,0
27,5.056637752,0
43.5,5.023944163,0
29.5,4.942392731,0
22,5.023944897,0
57.5,5.05675833,0
32.5,5.023719097,0
28,5.012620389,0
30.5,5.019643131,0
49.5,5.056626165,0
22.5,4.93770079,0
25,5.056923164,0
22,4.937857059,0
27,4.937808249,0
47,5.052601991,0
23,5.024464278,0
58,5.012577447,0
31.5,5.028201362,0
49.5,4.91325784,0
43.5,4.977792026,0
42.5,5.028701331,0
46.5,4.942764356,0
43.5,4.942451379,0
51,4.983256922,0
30,5.052244426,0
25,4.978049261,0
55.5,4.977808772,0
22,4.942510217,0
22,5.023577043,0
47,4.815694881,0
22,4.937825955,0
50,4.942294985,0
34.5,5.056784205,0
48,5.028341755,0
25.5,5.052182417,0
25,5.056764821,0
48.5,5.052185424,0
31,5.023944897,0
48.5,5.041242468,0
36.5,5.028236376,0
45.5,5.052105945,0
35,5.028156287,0
36,5.056757875,0
23,5.024367354,0
30.5,5.041083736,0
46.5,4.913099162,0
43,4.928744482,0
44.5,5.056989201,0
35.5,5.056845176,0
32.5,5.023951256,0
43,5.028555443,0
33,5.057132651,0
52,5.019643804,0
29,5.028229447,0
45.5,5.052173819,0
25.5,5.056764366,0
51.5,5.05219223,0
30.5,5.024185028,0
47.5,5.028191288,0
22,4.94239527,0
35.5,5.056991264,0
44.5,5.056680948,0
22.5,5.0284591,0
46.5,4.942451569,0
30,5.052182872,0
57,5.056632929,0
34,5.028322371,0
52.5,4.977909595,0
40,5.057124066,0
22,4.926349394,0
55.5,5.056667904,0
23,5.033611235,0
44,5.028438678,0
29,5.028449423,0
46.5,4.94239546,0
23,4.977904967,0
57,5.028333116,0
22,4.926212543,0
52,5.056852517,0
29,5.056634507,0
52.5,5.028105111,0
37.5,5.056764366,0
46.5,5.056868078,0
36.5,5.041372153,0
27,4.937807772,0
22,4.937944905,0
50.5,5.056764639,0
27,5.028191288,0
58.5,5.056764821,0
34,5.028298682,0
32,5.052046427,0
34,5.056637055,0
31,5.019643804,0
48,5.028322828,0
26,5.056637055,0
54,5.056900323,0
37.5,5.057132651,0
28.5,5.023998924,0
49.5,5.052182386,0
41,5.056757875,0
56,5.05241256,0
36.5,5.056865348,0
52,5.056865014,0
22.5,4.913609753,0
49,5.056755509,0
23,5.023809478,0
57,5.023951532,0
34,5.028267092,0
44.5,5.052415294,0
28,4.977892691,0
48.5,5.056990809,0
36.5,5.057002973,0
26,4.937710502,0
24,5.029701333,0
48.5,5.056990809,0
36.5,5.056632474,0
50.5,5.052014739,0
32.5,5.048362463,0
37.5,5.052288207,0
54.5,5.023611685,0
22.5,4.942901867,0
54.5,5.057005521,0
22,5.028191777,0
42.5,5.019992737,0
52.5,5.056855125,0
42.5,5.056658683,0
64,4.942412471,0
49.5,5.04100367,0
43,4.977772478,0
57,5.028565456,0
41,5.056721868,0
57,5.057123611,0
43.5,4.938082546,0
57,5.056643681,0
42.5,5.028690952,0
46,5.057181761,0
42.5,5.028237862,0
43.5,5.008408011,0
43.5,4.942574704,0
43.5,5.057002518,0
36.5,5.05686826,0
58,5.052415021,0
45.5,4.942392731,0
53,5.0520769,0
35.5,5.052318102,0
56,5.056622798,0
29,5.023587072,0
62,5.056734154,0
35.5,5.028134273,0
44,5.024075668,0
41.5,5.056874448,0
37,4.94252929,0
49.5,4.978046145,0
30,5.056870535,0
50.5,5.056861283,0
24.5,5.057133106,0
46.5,5.023576585,0
22,4.942392445,0
57,5.056732121,0
36,5.056978038,0
30,5.05678375,0
23,4.937575244,0
52.5,4.999883155,0
34,5.05705539,0
37,5.052273107,0
57,5.028341694,0
29.5,5.028423628,0
56.5,5.05677471,0
27,5.024483663,0
54.5,5.057133106,0
31.5,5.02855526,0
33.5,4.942764229,0
33.5,4.999750222,0
49.5,5.056873461,0
31,5.034110228,0
53,5.057123611,0
30.5,4.942532305,0
43.5,5.028182693,0
39.5,5.028570065,0
50.5,4.937947766,0
32,5.052957541,0
53.5,5.052285654,0
34.5,5.028210398,0
48.5,5.036936585,0
36.5,5.05204427,0
52.5,5.052172634,0
36.5,5.062025773,0
25.5,5.056891405,0
51,5.023945172,0
26.5,5.057135654,0
49.5,5.056708582,0
24,4.978048789,0
31.5,5.028191471,0
51.5,5.056742738,0
26,4.942764356,0
57,5.052405967,0
26,4.942529766,0
48,4.973804581,0
34.5,5.024621528,0
59,5.056636782,0
31,5.052831405,0
41.5,5.052346358,0
31,5.028423628,0
29.5,4.942574132,0
24,5.05282225,0
55,4.961851344,0
28,5.023488252,0
22,5.028191013,0
49,5.056990475,0
34.5,4.977788154,0
43.5,4.999972823,0
24,5.056859038,0
27,4.942392636,0
56,5.052040624,0
36.5,5.056764669,0
28,5.028322828,0
55.5,5.052173363,0
33.5,5.056863194,0
42.5,4.942783429,0
33.5,5.023623549,0
24,4.972900646,0
22,4.937944619,0
23,5.052408641,0
63,5.056767369,0
29,5.052960093,0
33.5,4.942492254,0
36,5.057026967,0
23,4.942764166,0
27,5.028424086,0
32,4.973185762,0
43.5,5.03004998,0
30,5.056812415,0
27,5.056757875,0
46.5,4.94853318,0
29,5.028569791,0
61,5.056634689,0
28.5,5.057123884,0
54.5,5.028565914,0
33.5,5.056869837,0
44,4.942554742,0
34.5,5.057006037,0
42.5,4.942671593,0
31.5,5.028434099,0
29.5,5.052176371,0
31,5.023945172,0
59,5.056667449,0
23,5.02846893,0
22,4.93756388,0
55.5,5.028690677,0
36.5,5.02381917,0
26,4.937944619,0
26,4.942392763,0
51.5,5.057055511,0
23,5.024619357,0
62,5.057046927,0
24.5,5.034122364,0
34.5,4.973185762,0
51,5.019624419,0
27,4.942392731,0
44,4.973265783,0
30.5,4.973269598,0
56,5.028432206,0
64.5,4.905003756,0
55,5.05713262,0
31.5,5.056628713,0
28.5,5.052166496,0
47.5,5.028200965,0
22,4.926251165,0
46.5,4.937676051,0
22.5,4.942764737,0
53.5,5.052620726,0
26,5.028635404,0
36.5,5.05216838,0
50.5,5.052550706,0
22,4.942392445,0
52.5,5.056872082,0
31.5,5.052292217,0
52.5,5.028318249,0
29.5,5.028210856,0
43,5.028439136,0
24,5.052628018,0
22,4.999837397,0
63,5.056634233,0
22,4.937593014,0
49.5,5.056867805,0
41.5,5.057003169,0
52.5,5.028691135,0
34,5.056637237,0
30,5.05654032,0
49,5.028242365,0
36.5,5.028221327,0
42.5,5.028191013,0
24.5,4.973034612,0
59,5.052550706,0
28,5.052860622,0
49.5,5.01962396,0
36.5,5.028565456,0
24,5.052957541,0
23,5.023579031,0
48,4.977811573,0
23.5,4.937731132,0
55.5,5.057006037,0
23,4.942392445,0
59.5,4.973149725,0
22,4.948359653,0
53.5,5.058501531,0
29,5.052418697,0
36.5,5.023878303,0
58,5.052086865,0
28,5.028324691,0
52.5,5.052541653,0
27,4.937944619,0
57,4.977812045,0
36,5.056988382,0
53,4.973132352,0
47,4.973035085,0
42.5,5.028691135,0
42.5,5.057006037,0
42.5,5.052279062,0
28.5,4.973034896,0
51,5.024483663,0
43.5,5.057135199,0
52,4.972920257,0
29,5.023606732,0
46,5.028168058,0
26,4.937807772,0
42.5,4.942490191,0
24,5.028316174,0
37.5,5.040902359,0
50.5,5.052415476,0
31,5.056734669,0
31,5.056891465,0
50.5,5.028565456,0
23,5.028423628,0
43.5,4.942392445,0
23,5.024483663,0
53.5,5.028201484,0
38.5,4.999614981,0
43.5,4.977690416,0
23,5.019624419,0
34.5,5.028559778,0
31,4.977946077,0
42.5,4.942627321,0
26,5.057132924,0
22,4.94261912,0
22,4.942412185,0
24,5.05272521,0
50,5.056997422,0
23,4.983330774,0
50,4.942392445,0
41.5,5.023739246,0
29.5,5.05675833,0
43.5,5.024619632,0
36,5.057123611,0
60.5,5.028701148,0
23,4.977666821,0
47.5,4.977904967,0
38.5,5.05689101,0
47.5,5.028210856,0
22,4.942764166,0
55,4.972898187,0
41.5,5.056861586,0
47,4.913140727,0
26,5.023718913,0
22,4.942531353,0
44.5,5.028449606,0
22.5,4.926624148,0
55,5.024483663,0
22,4.942509741,0
22,4.942392445,0
52,5.056864559,0
34.5,5.019642824,0
53,5.062029135,0
31,5.05699724,0
30.5,5.056999515,0
47.5,4.977807229,0
25,5.028201942,0
49.5,5.05240624,0
36,5.056658865,0
47.5,5.028220365,0
25,5.057132924,0
32,5.056855398,0
39.5,5.056629168,0
23.5,5.023999199,0
24.5,5.028332841,0
48.5,5.028434099,0
23,5.02843358,0
56,5.023819446,0
23,4.942627036,0
51,5.056642363,0
27,4.961383127,0
37.5,5.052414383,0
23,4.937690475,0
57,5.05686826,0
23.5,4.978199725,0
56.5,5.024076922,0
22,4.937807772,0
45.5,5.052052534,0
45.5,5.056750989,0
32,5.05308518,0
44.5,5.05668113,0
33,5.052085498,0
60,5.012501715,0
29,5.056865075,0
32.5,5.057123884,0
25,5.052957541,0
25,5.052415294,0
45.5,5.056684315,0
52.5,5.028490818,0
31.5,4.977795142,0
50,4.942764356,0
29,5.056764396,0
22,4.942627512,0
52.5,5.057124066,0
41,5.05699724,0
27,5.056757875,0
50,4.942392445,0
36.5,5.062247225,0
51,5.028133318,0
31.5,5.052717645,0
28.5,4.972937346,0
28,5.053015692,0
31.5,5.05674292,0
38.5,4.978046145,0
27,5.052423892,0
43.5,4.937573464,0
56,5.052184969,0
42.5,5.052464118,0
47.5,5.024251045,0
42.5,5.028701148,0
34.5,5.028200965,0
53,5.028201942,0
37.5,5.056638207,0
49.5,5.052279153,0
26,4.926329844,0
28,5.053085935,0
39.5,5.028221205,0
29,5.056635386,0
29.5,5.024086155,0
22,4.942392922,0
27,5.04124582,0
27.5,4.948867243,0
24,5.052159964,0
49,5.057124066,0
29,5.028263484,0
51.5,4.977926341,0
33,5.028418563,0
60.5,5.028333299,0
23,5.028326705,0
46,4.973032437,0
22,4.942451569,0
29,5.028546529,0
23,4.937573178,0
28,5.056990809,0
37.5,5.05309587,0
50,5.057132651,0
27,4.977675023,0
51,5.028559778,0
28.5,4.978182821,0
55,5.02855932,0
26,4.942627321,0
53.5,5.052173819,0
22,4.926486245,0
48.5,5.02855932,0
25.5,5.052173636,0
40,5.056987927,0
58,5.052719442,0
25.5,5.056757875,0
24,5.028468808,0
57,5.028565456,0
34,5.056766914,0
42.5,4.942764166,0
36.5,5.056869837,0
47,4.942549981,0
32,5.052418029,0
47.5,5.028424086,0
30,5.056996967,0
32,5.057005794,0
47.5,5.023819629,0
31.5,5.052339187,0
27.5,4.978043343,0
35.5,5.028569546,0
43.5,4.977889764,0
41,5.057126614,0
32,5.012405064,0
42.5,4.942529575,0
25,5.061930735,0
56,5.052720531,0
22,5.023576921,0
55.5,5.052181687,0
32,5.056980404,0
50,4.977830963,0
28,5.056758481,0
26.5,4.942530623,0
44.5,5.028432481,0
30,5.028690677,0
40.5,5.05673206,0
51,5.019992737,0
23,5.028191013,0
36.5,5.05228292,0
26,4.937866898,0
22,4.926114314,0
54,5.052054873,0
27,4.937807772,0
26,4.926114314,0
48.5,5.028201759,0
34.5,5.052553714,0
45.5,5.05678375,0
35.5,4.977912428,0
32,5.052853786,0
22,4.926348916,0
29,5.028245995,0
23.5,5.056755327,0
49,5.052270281,0
29.5,5.056759846,0
47.5,4.97767474,0
22,4.942392445,0
37.5,5.056996967,0
34.5,5.056764366,0
57.5,5.041245363,0
33,5.056987927,0
61.5,5.062385178,0
22,4.942451569,0
48.5,5.012398009,0
29.5,5.028191471,0
49.5,5.05662298,0
22,4.937807518,0
22,4.937807772,0
44.5,5.052415294,0
40.5,5.056651858,0
34.5,4.978042273,0
50,5.056764821,0
25,5.028296972,0
49,5.052405967,0
25,5.04824689,0
52.5,5.04824689,0
29.5,5.028162074,0
29.5,5.056777258,0
52.5,4.937573178,0
39.5,4.977792309,0
44.5,5.028322371,0
33,4.977677384,0
44.5,5.023955323,0
37,5.041106961,0
36.5,5.056990475,0
43.5,5.056628986,0
34,4.977577474,0
46.5,5.023824735,0
28,4.942627036,0
29.5,5.024157026,0
56,5.023945355,0
27,5.01252156,0
37,5.028567898,0
44.5,4.942627036,0
26,4.977677384,0
38.5,4.942490477,0
36.5,5.056745438,0
38,5.052287234,0
30,5.028337176,0
29,5.052047004,0
32,5.056632747,0
57,5.056738825,0
24,5.056535315,0
44.5,5.028259638,0
33.5,5.056764366,0
57.5,5.056635599,0
29,5.052046549,0
27.5,5.056867744,0
32,5.012877491,0
53.5,5.052277056,0
28,5.056990748,0
28.5,5.028191013,0
24,5.028333116,0
33,5.04814221,0
29,5.057123884,0
50.5,5.056987927,0
22,5.028127791,0
24.5,4.942404079,0
43.5,5.052173363,0
31.5,5.028333116,0
23.5,5.028419293,0
43,5.056891465,0
25,5.023727536,0
48.5,5.053095961,0
23,5.052717645,0
30.5,5.028565731,0
51.5,5.056784205,0
35,5.028191013,0
50.5,4.973033036,0
35.5,5.052050772,0
58,5.052389257,0
30,5.056657075,0
43.5,5.052415294,0
29,4.97767474,0
52,5.056634689,0
34.5,4.948637032,0
42.5,5.052165889,0
42.5,4.942392445,0
42.5,4.977909154,0
51,4.978002706,0
42.5,4.926330163,0
42.5,5.023621989,0
43,4.942627321,0
42.5,5.052341071,0
64.5,5.052389257,0
42.5,5.02381969,0
44,4.937573178,0
42.5,5.028322645,0
42.5,4.972894655,0
64.5,4.999721266,0
43.5,5.0521819,0
42.5,4.937573178,0
53,5.052184969,0
52,5.056923225,0
43.5,5.028225448,0
26,5.041015587,0
26.5,4.942392445,0
26.5,4.942823861,0
42.5,4.937711582,0
43,5.02357686,0
36,4.937615424,0
57,4.977812203,0
29,5.056632413,0
22,5.028336932,0
54,4.94276388,0
30,4.942509741,0
44,4.913258032,0
28,5.056770888,0
56,4.948617483,0
29.5,5.024180004,0
27,5.057132651,0
44,5.05227417,0
23,5.028419751,0
60,4.942412471,0
23,5.028432664,0
48,4.97767474,0
22,4.978043627,0
55,4.942808437,0
36.5,5.056734427,0
30.5,5.052043996,0
61.5,4.972917545,0
26.5,5.056777258,0
54.5,5.052204352,0
33,5.028565914,0
50.5,5.053096052,0
33.5,5.028565456,0
35,5.056764366,0
24,5.052184969,0
31,5.056654072,0
26,4.977945605,0
52.5,4.937573178,0
36.5,5.052724937,0
34,5.023818895,0
27,5.057003489,0
58,4.973265057,0
31.5,5.028284184,0
35,5.056856239,0
27.5,5.02845852,0
62,4.973129704,0
22,5.052270281,0
31.5,5.033979079,0
32,5.052240568,0
35,5.028338336,0
42.5,4.977946077,0
35.5,4.942392731,0
55,5.056631412,0
25,5.028567898,0
27,5.052727944,0
26,5.028136688,0
44.5,4.942392922,0
26,4.977677384,0
35,4.937944619,0
47.5,4.999737359,0
27,4.977670396,0
44,4.973265247,0
33,5.028342213,0
47.5,5.052405967,0
33,5.056994904,0
43.5,5.056637237,0
37.5,4.942392922,0
31,5.052424348,0
44.5,5.056997422,0
22,5.02843358,0
53,4.94276388,0
23,5.056997422,0
58,5.024619632,0
22,5.062275361,0
32,4.942392922,0
60,5.057057665,0
23,5.056614204,0
39,4.942783905,0
36.5,5.028201942,0
54.5,5.041235336,0
26.5,5.05699724,0
30.5,4.937711582,0
37,5.023809203,0
38,5.0569882,0
40.5,5.05699093,0
45.5,5.028237903,0
22,5.052420641,0
53,4.913471106,0
41,5.028690677,0
49,5.057132651,0
24,5.052291427,0
29,5.024619816,0
27.5,5.057124066,0
50.5,5.028554985,0
28.5,5.056868139,0
34,5.052524092,0
33.5,5.028632836,0
56,5.028326705,0
30,4.972917735,0
37.5,5.056880666,0
49,5.056764366,0
22,5.012635603,0
25,4.942392445,0
43.5,5.056968817,0
28,5.023945355,0
47.5,5.023587072,0
23,4.99990611,0
30.5,5.024251504,0
60,5.052282282,0
24,4.973037671,0
33,4.978049261,0
33,5.056764821,0
25,5.056757875,0
34.5,5.056786571,0
53,4.948105233,0
39.5,5.052542108,0
37.5,4.983611413,0
35.5,5.056861313,0
31,5.052724937,0
53.5,5.057123611,0
29,5.051953337,0
40,5.056731423,0
1,2.709971412,0
1,2.711019813,0
1,2.711020059,0
1,2.711019799,0
1,2.711017242,0
1,2.7110158,0
1,2.052252581,0
1,2.728835283,0
1,2.711015445,0
1,2.711017376,0
1,2.711028875,0
1,2.711016415,0
1,2.052234522,0
1,2.711018237,0
1,2.711015915,0
1,2.711016567,0
1,2.711015868,0
1,2.711016706,0
1,1.163438403,0
1,2.652094014,0
1,2.052255842,0
1,2.711016345,0
1,2.711016061,0
1,2.711016411,0
1,2.711034196,0
1,2.711015437,0
1,2.711015431,0
1,2.711028203,0
1,2.709934877,0
1,2.709941083,0
1,2.711019192,0
1,2.711023852,0
1,2.711017181,0
1,2.052196683,0
1,2.711028066,0
1,2.711015257,0
1,2.711024007,0
1,2.052204456,0
1,2.711019253,0
1,2.711029369,0
1,2.711018203,0
1,2.711016859,0
1,2.711014418,0
1,2.711027854,0
1,2.707251157,0
1,2.711030689,0
1,2.71102764,0
1,2.711015249,0
1,2.711015594,0
1,2.71101461,0
1,2.711025384,0
1,2.711016023,0
1,2.052192032,0
1,2.711015882,0
1,2.052180652,0
1,2.052234597,0
1,2.048805843,0
1,2.052199515,0
1,2.052191754,0
1,2.057409765,0
1,2.711015948,0
1,2.711016725,0
1,2.052192954,0
1,2.71101674,0
1,2.052249907,0
1,2.052229966,0
1,2.710486408,0
1,2.052192839,0
1,2.718342001,0
1,2.05223474,0
1,2.711015466,0
1,2.05223351,0
1,2.0522099,0
1,2.052230699,0
1,2.71102038,0
1,2.052230485,0
1,2.711027449,0
1,2.711027949,0
1,2.711016706,0
1,2.05219302,0
1,2.709759663,0
1,2.052193254,0
1,2.711016508,0
1,2.052194499,0
1,2.711016441,0
1,2.052224659,0
1,2.711019291,0
1,2.052193404,0
1,2.711019204,0
1,2.052192492,0
1,2.755008079,0
1,2.052193254,0
1,2.052233448,0
1,1.536586001,0
1,2.316627666,0
1,2.052233584,0
1,2.052193623,0
1,2.711016501,0
1,2.707273638,0
1,2.052214637,0
1,2.718348172,0
1,2.711016354,0
1,2.051448827,0
1,2.052233785,0
1,2.711014658,0
1,2.711016678,0
1,2.709749091,0
1,2.052235131,0
1,2.052208069,0
1,2.0521945,0
1,2.711018342,0
1,2.711017734,0
1,2.052194204,0
1,2.711015031,0
1,2.052192991,0
1,2.711016815,0
1,2.711030756,0
1,2.052231386,0
1,2.735111092,0
1,2.052203149,0
1,2.052223098,0
1,2.052193184,0
1,2.711017082,0
1,2.052192606,0
1,2.711019162,0
1,2.711020643,0
1,2.051825451,0
1,2.054018148,0
1,2.052200524,0
1,2.05219291,0
1,2.711020171,0
1,2.711015964,0
1,2.711017077,0
1,2.711019194,0
1,2.710280833,0
1,2.722728192,0
1,2.711017471,0
1,2.711015242,0
1,2.711015743,0
1,2.71101535,0
1,2.711018974,0
1,2.711015305,0
1,2.709749818,0
1,2.052234883,0
1,2.711015012,0
1,2.052229242,0
1,2.711016055,0
1,2.711019294,0
1,2.625707555,0
1,2.052192421,0
1,2.052192297,0
1,2.73511401,0
1,2.711016472,0
1,2.052192457,0
1,2.711021074,0
1,2.052193752,0
1,2.711015775,0
1,2.052192789,0
1,2.625706307,0
1,2.051845921,0
1,2.625712508,0
1,2.052191973,0
1,2.052194098,0
1,2.052193651,0
1,2.05106542,0
1,2.05219278,0
1,2.052194576,0
1,2.0518452,0
1,2.052192332,0
2,2.0510652,0
1,2.052246117,0
1,2.052193079,0
1,2.05141257,0
1,2.711023713,0
1,2.051845063,0
1,2.056907317,0
1,2.052191836,0
1,2.052248498,0
1,2.052193318,0
1,2.052192073,0
1,2.051412147,0
1,2.711016828,0
1,2.711018276,0
1,2.735112067,0
1,2.05184517,0
1,2.711016012,0
1,2.052192652,0
1,2.711031844,0
1,2.05219261,0
1,2.052192757,0
1,2.052202759,0
1,2.051438152,0
1,2.052193299,0
1,2.711022196,0
1,2.052192503,0
1,2.059823594,0
1,2.625721067,0
1,2.7110157,0
1,2.052241511,0
1,2.05219351,0
1,2.625707537,0
1,2.052193617,0
1,2.711017061,0
1,2.052237621,0
1,2.052192826,0
1,2.711016323,0
1,2.711016172,0
1,2.625707937,0
1,2.711017236,0
1,2.052193255,0
1,2.711016607,0
1,2.052194306,0
1,2.711025829,0
1,2.711041373,0
1,2.625731022,0
1,2.052229172,0
1,2.711017765,0
2,2.05219461,0
1,2.625720082,0
1,2.052193279,0
1,2.720560026,0
1,2.052191578,0
1,2.052231568,0
1,2.711026793,0
1,2.052193466,0
1,2.711016447,0
1,2.052244627,0
1,2.051451351,0
1,2.711016908,0
1,2.052192634,0
1,2.711016971,0
1,2.71102747,0
1,2.625709527,0
1,2.052192091,0
1,2.052193532,0
1,2.711019886,0
1,2.711017834,0
1,2.625726838,0
1,2.711014944,0
1,2.052192972,0
1,2.052244815,0
1,2.711018523,0
1,2.625708088,0
1,2.052234586,0
1,2.052251384,0
1,2.052256886,0
1,2.051411798,0
1,2.0522303,0
1,2.052230007,0
1,2.052193653,0
1,2.711018365,0
1,2.71102061,0
1,2.709747195,0
1,2.052250817,0
1,2.052192955,0
1,2.711018038,0
1,2.052230987,0
1,2.625706069,0
1,2.052220494,0
1,2.05219237,0
1,2.711016107,0
1,2.052192773,0
1,2.711017573,0
1,2.05219613,0
1,2.711015143,0
1,2.052230937,0
1,2.052236568,0
1,2.622164671,0
1,2.052233114,0
1,2.711017511,0
1,1.750960781,0
1,2.315217436,0
1,2.052192264,0
1,2.051826313,0
1,2.052193829,0
1,2.05219315,0
1,2.051782458,0
1,2.625706168,0
1,2.051845849,0
1,2.052203297,0
1,2.052203091,0
1,2.05219409,0
1,2.709750714,0
1,2.052197457,0
1,2.052249169,0
1,2.71102473,0
1,2.05220345,0
1,2.711016178,0
1,2.05182649,0
1,2.052224946,0
1,2.052228106,0
1,2.052194371,0
1,2.052246178,0
1,2.051826685,0
1,2.625722526,0
1,2.711028591,0
1,2.052193058,0
1,2.711019192,0
1,2.052380403,0
1,2.625713739,0
1,2.720559436,0
1,2.05219298,0
1,2.711017368,0
1,2.052192565,0
1,2.625708035,0
1,2.711015023,0
1,2.05224354,0
1,2.625706585,0
1,2.052787634,0
1,2.052195277,0
1,2.649417628,0
1,2.711027297,0
1,2.71101695,0
1,2.052222862,0
1,2.711015307,0
1,2.052234021,0
1,2.052232841,0
1,2.711018487,0
1,2.052877717,0
1,2.052231534,0
1,2.722725777,0
1,2.625708736,0
1,2.711016058,0
1,2.052193277,0
1,2.625708947,0
1,2.711017745,0
1,2.709752942,0
1,2.711017597,0
1,2.052193802,0
1,2.625710815,0
1,2.052239388,0
1,2.052221914,0
1,2.625719801,0
1,2.052193803,0
1,2.624409453,0
1,2.0521937,0
1,2.625707101,0
1,2.735105726,0
1,2.05223309,0
1,2.62571397,0
1,2.711034663,0
1,2.711028457,0
1,2.052193339,0
1,2.625721933,0
1,2.625706575,0
1,2.052229418,0
1,2.625706704,0
1,2.052193865,0
1,2.052253147,0
1,2.711016302,0
1,2.052217255,0
1,2.625707678,0
1,2.625707464,0
1,2.052197407,0
1,2.625715562,0
1,2.624404387,0
1,2.711033892,0
1,2.728835343,0
1,2.052197182,0
1,2.625715278,0
1,2.711026879,0
1,2.052194346,0
1,2.711016721,0
1,2.052192482,0
1,2.720560623,0
1,2.625709929,0
1,2.711016965,0
1,2.052230112,0
1,2.052192531,0
1,2.052241498,0
1,2.711016545,0
1,2.052221899,0
1,2.052201999,0
1,2.052192488,0
1,2.711016246,0
1,2.711024097,0
1,2.052236138,0
1,2.052194518,0
1,2.05219199,0
1,2.625714675,0
1,2.052194311,0
1,2.052229955,0
1,2.05398508,0
1,2.052193722,0
1,2.052192464,0
1,2.051448447,0
1,2.052228267,0
1,2.711032422,0
1,2.051589083,0
1,2.052237399,0
1,2.051410438,0
1,2.711014866,0
1,2.052198766,0
1,2.052192941,0
1,2.05219365,0
1,2.052192881,0
1,2.052194593,0
1,2.711026827,0
1,2.05219408,0
1,2.052195965,0
1,2.052192948,0
1,2.625714692,0
1,2.711019239,0
1,2.052195131,0
1,2.711021876,0
1,2.63585857,0
1,2.711023935,0
1,2.052247893,0
1,2.052193567,0
1,2.711016209,0
1,2.052193135,0
1,2.052192159,0
1,2.711029336,0
1,2.052229281,0
1,2.051412121,0
1,2.052191683,0
1,2.052192643,0
1,2.052193272,0
1,2.052194014,0
1,2.052192837,0
1,2.711018707,0
1,2.052194152,0
1,2.625708157,0
1,2.625707678,0
1,2.052192409,0
1,2.05224252,0
1,2.051411705,0
2,2.711032051,0
1,2.711033033,0
1,2.711016861,0
1,2.052195411,0
1,2.711031099,0
1,2.052206844,0
1,2.052249695,0
1,2.71101922,0
1,2.052222352,0
1,2.052193087,0
1,2.625705465,0
1,2.052193423,0
1,2.735111635,0
1,2.711020119,0
1,2.052194393,0
1,2.711029274,0
1,2.052194254,0
1,2.052193423,0
1,2.711031759,0
1,2.052192102,0
1,2.625717812,0
1,2.052192887,0
1,2.052193789,0
1,2.052192039,0
1,2.052192178,0
1,2.052191803,0
1,2.052245745,0
1,2.051411545,0
1,2.625706239,0
2,2.048438023,0
1,2.052203532,0
1,2.052193477,0
1,2.052234505,0
1,2.711027469,0
1,2.052192528,0
1,2.624409608,0
1,2.052193605,0
1,2.71101706,0
1,2.048816004,0
1,2.051411274,0
1,2.052194139,0
1,2.052193568,0
1,2.052193829,0
1,2.711029094,0
1,2.051253593,0
1,2.625706164,0
1,2.051846024,0
1,2.71101863,0
1,2.052193496,0
1,2.052192278,0
1,2.052192513,0
1,2.711018332,0
1,2.052231189,0
1,2.711016426,0
1,2.052195344,0
1,2.711016517,0
1,2.052193423,0
1,2.052253722,0
1,2.7110176,0
1,2.052214743,0
1,2.625715802,0
1,2.052242771,0
1,2.625709492,0
1,2.052204472,0
1,2.052191521,0
1,2.052237015,0
1,2.711025985,0
1,2.711025172,0
1,2.052230982,0
1,2.05219327,0
1,2.625708024,0
1,2.052233756,0
1,2.711016026,0
1,2.711017023,0
1,2.052192302,0
1,2.625710248,0
1,2.732551786,0
1,2.711029377,0
1,2.625706656,0
1,2.052192039,0
1,2.625706607,0
1,2.711027984,0
1,2.052192154,0
1,1.702729742,0
1,2.652927579,0
1,2.711025655,0
1,2.051836312,0
1,2.052239048,0
1,2.052254659,0
1,2.052193166,0
1,2.711016364,0
1,2.051825991,0
1,2.05223191,0
1,2.052193705,0
1,2.052193719,0
1,2.052236846,0
1,2.051043896,0
1,2.052202924,0
1,2.711025912,0
1,2.707237036,0
1,2.72272107,0
1,2.053101017,0
1,2.625707639,0
1,2.052204192,0
1,2.052193328,0
1,2.711015888,0
1,2.052222795,0
1,2.052230627,0
1,2.624420298,0
1,2.0522548,0
1,2.052192389,0
1,2.711015039,0
1,1.879922161,0
1,2.711027191,0
1,2.052192224,0
1,2.051846178,0
1,2.052207055,0
1,2.052222906,0
1,2.052194278,0
1,2.707249631,0
1,2.051411467,0
1,2.052223634,0
1,2.051064696,0
1,2.625727364,0
1,2.711017096,0
1,2.711025345,0
1,2.05237775,0
1,2.052211348,0
1,2.711015291,0
1,2.052193746,0
1,2.7110237,0
1,2.05184509,0
1,2.625708811,0
1,2.052193108,0
1,2.052193356,0
1,2.625713874,0
1,2.051846744,0
1,2.625706714,0
1,2.711018882,0
1,2.052193081,0
1,2.052228816,0
1,2.051825908,0
1,2.052246357,0
1,2.05219325,0
1,2.317358263,0
1,2.052194264,0
1,2.711029403,0
1,2.052208746,0
1,2.052241414,0
1,2.057360238,0
1,2.625709402,0
1,2.711017615,0
1,2.625710923,0
1,2.052194426,0
1,2.711016132,0
1,2.711031106,0
1,2.048806406,0
1,2.625706942,0
1,2.711022346,0
1,2.711021121,0
1,2.625708387,0
1,2.051387556,0
1,2.625708666,0
1,2.711015816,0
1,2.633115102,0
1,2.649419323,0
1,2.052192089,0
1,2.711016854,0
1,2.711018979,0
1,2.711016972,0
1,2.052194403,0
1,2.711015445,0
1,2.052193343,0
1,2.711020935,0
1,2.052194285,0
1,2.052192317,0
1,2.05219256,0
1,2.052195899,0
1,2.05219348,0
1,2.711015399,0
1,2.052222236,0
1,2.625716051,0
1,2.052193147,0
1,2.711015156,0
1,2.05222188,0
1,2.052192876,0
1,2.052193364,0
1,2.052192896,0
1,2.052202432,0
2,2.62572805,0
1,2.052192913,0
1,2.711020923,0
1,2.711014535,0
1,2.052192982,0
1,2.052222401,0
1,2.052195463,0
1,2.05225243,0
1,2.051411431,0
1,2.625707422,0
1,2.052192905,0
1,2.711029303,0
1,2.052229867,0
1,2.052191797,0
1,2.052255934,0
1,2.052192912,0
1,2.052194091,0
1,2.052229225,0
1,2.052192615,0
1,2.052249969,0
1,2.052193633,0
1,2.711018272,0
1,2.052193109,0
1,2.052219978,0
1,2.052194085,0
1,2.052230847,0
1,2.052193408,0
1,2.711041382,0
1,2.052192559,0
1,2.625711283,0
1,2.052233172,0
1,2.711020488,0
1,1.63376314,0
1,2.655283709,0
1,2.709747673,0
1,2.054478889,0
1,2.649418689,0
1,2.052192695,0
1,2.052193428,0
1,2.625707465,0
1,2.052192533,0
1,2.05222307,0
1,2.711015693,0
1,2.052192567,0
1,2.720561776,0
1,2.051844692,0
1,1.706070184,0
1,2.655259462,0
1,2.711018867,0
1,2.052223006,0
1,2.711016545,0
1,2.04967861,0
1,2.052229027,0
1,2.052193015,0
1,2.052193172,0
1,2.05219293,0
1,2.052232583,0
1,2.052192227,0
1,2.052193226,0
1,2.052222738,0
1,2.052192766,0
1,2.052193384,0
1,2.052223137,0
1,2.052253526,0
1,2.052193983,0
1,2.052194011,0
1,2.05221337,0
1,2.0521934,0
1,2.05223585,0
1,2.052203185,0
1,2.052237272,0
1,2.052191504,0
1,2.052193395,0
1,2.052195261,0
1,2.052194132,0
1,2.052194322,0
1,2.052234243,0
1,2.711015323,0
1,2.052192817,0
1,2.6257068,0
1,2.052201557,0
1,2.051416393,0
1,2.709759959,0
1,2.052235362,0
1,2.052248377,0
1,2.711024457,0
1,2.05220269,0
1,2.711016362,0
1,2.052197828,0
1,2.625719624,0
1,2.052192474,0
1,2.052230511,0
1,2.052229761,0
1,2.052192237,0
1,2.052193296,0
1,2.711017624,0
1,2.052193529,0
1,2.052235489,0
1,2.052194601,0
1,2.711016095,0
1,2.711022593,0
1,2.052193148,0
1,2.711024044,0
1,2.052216675,0
1,2.052244564,0
1,2.052203399,0
1,2.052193154,0
1,2.625707169,0
1,2.052192888,0
1,2.052207294,0
1,2.052236847,0
1,2.711028842,0
1,2.72056179,0
1,2.052242705,0
1,2.034377565,0
1,2.314752159,0
1,2.052229694,0
1,2.05219467,0
1,2.052192106,0
1,2.052195948,0
1,2.052223231,0
1,2.052237381,0
1,2.052193489,0
1,2.052379454,0
1,2.052193958,0
1,2.052218101,0
1,2.052192748,0
1,2.052193592,0
1,2.051845413,0
1,2.625708422,0
1,2.056475515,0
1,2.625711757,0
1,2.052197299,0
1,2.052192821,0
1,2.052192157,0
1,2.052192661,0
1,2.05219249,0
1,2.0521916,0
1,2.052194167,0
1,2.051589588,0
1,2.052195123,0
1,2.711021345,0
1,2.048806265,0
1,2.054010168,0
1,2.052192834,0
1,2.052257311,0
1,2.052193554,0
1,2.051253792,0
1,2.052193071,0
1,2.711027225,0
1,2.052201377,0
1,2.711018619,0
1,2.051112666,0
1,2.052231765,0
1,2.625723394,0
1,2.052203721,0
1,2.0528777,0
1,2.05219307,0
1,2.05141219,0
1,2.052233621,0
1,2.711019054,0
1,2.051845371,0
1,2.052255728,0
1,2.052245704,0
1,2.052192312,0
1,2.625707502,0
1,2.051234173,0
1,2.625707764,0
1,2.711034686,0
1,2.734433993,0
1,2.711016105,0
1,2.052202313,0
1,2.052193484,0
1,2.707240519,0
1,2.052191906,0
2,2.711020485,0
1,2.052081799,0
1,2.6257139,0
1,2.711017871,0
1,2.052193154,0
1,2.052230078,0
1,2.05219227,0
1,2.711017352,0
1,2.711032338,0
1,2.711015253,0
1,2.711016776,0
1,2.052192616,0
1,2.711015839,0
1,2.711029066,0
1,2.711019232,0
1,2.711032322,0
1,2.05219293,0
1,2.052191858,0
1,2.625708843,0
1,2.052193327,0
1,2.711025617,0
1,2.05219201,0
1,2.625716026,0
1,2.735110975,0
1,2.052254572,0
1,2.711025398,0
1,1.993366561,0
1,2.314858682,0
1,2.711023605,0
1,2.711030649,0
1,2.052192374,0
1,2.05223019,0
1,2.711016178,0
1,2.052198031,0
1,2.052230098,0
1,2.052192743,0
1,2.625707158,0
1,2.711038224,0
1,2.052238329,0
1,2.052240003,0
1,2.052193252,0
1,2.052195456,0
1,2.711016344,0
1,2.051410482,0
1,2.711019162,0
1,2.052312593,0
1,2.625706022,0
1,2.052191857,0
1,2.051845568,0
2,2.052192986,0
1,2.051043844,0
1,2.052193689,0
1,2.052193561,0
1,2.049913307,0
1,2.625715105,0
1,2.051868475,0
1,2.625727625,0
1,2.052193356,0
1,2.052192936,0
1,1.53036072,0
1,2.316821253,0
1,2.052252523,0
1,2.052232016,0
1,2.052230234,0
1,2.052194366,0
1,2.711016771,0
1,2.052194665,0
1,2.7110234,0
1,2.625714073,0
1,2.052193725,0
1,2.711016344,0
1,2.052253132,0
1,2.62570799,0
1,2.711028451,0
1,2.05219245,0
1,2.052218762,0
1,2.052232262,0
1,2.052236985,0
1,2.711018393,0
1,2.05225122,0
1,2.052193038,0
1,2.71102309,0
1,2.05219327,0
1,2.052192361,0
1,2.052192078,0
1,2.711023497,0
1,2.048805968,0
1,2.052231208,0
1,2.053008179,0
1,2.711016309,0
1,2.052192232,0
1,2.052252378,0
1,2.052193808,0
1,2.052205555,0
1,2.048816141,0
1,2.711015288,0
1,2.71102021,0
1,2.711015388,0
1,2.052192573,0
1,2.625707449,0
1,2.05219459,0
1,2.052228642,0
1,2.05219658,0
1,2.051411752,0
1,2.052204223,0
1,2.052193313,0
1,2.711016233,0
1,2.711038055,0
1,2.052195691,0
1,2.711016491,0
1,2.048805544,0
1,2.052192777,0
1,2.052228689,0
2,2.052193602,0
1,2.052195136,0
1,2.711022642,0
1,2.0522022,0
1,2.711014937,0
1,2.052193005,0
1,2.711025331,0
1,2.052193435,0
1,2.711018583,0
1,2.052243612,0
1,2.05219434,0
1,2.71101636,0
1,2.052193284,0
1,2.711018787,0
1,2.71102207,0
1,2.051688066,0
1,2.625708585,0
1,2.052232101,0
1,2.711016041,0
1,2.711028795,0
1,2.052191555,0
1,2.625714804,0
1,2.052192894,0
1,2.711018021,0
1,2.711017695,0
1,2.052193487,0
1,2.711016046,0
1,2.05219345,0
1,2.711014999,0
1,2.052255199,0
1,2.05219305,0
1,2.711030417,0
1,2.054018228,0
1,2.052193132,0
1,2.71101571,0
1,2.052197508,0
1,2.625715328,0
1,2.052193543,0
1,2.625708253,0
1,2.052193509,0
1,2.052220256,0
1,2.052219755,0
1,2.711030677,0
1,2.052192734,0
1,2.052230661,0
1,2.052222961,0
1,2.052230885,0
1,2.052194677,0
1,2.052236665,0
1,2.052195002,0
1,2.051408825,0
1,2.052203832,0
1,2.052192468,0
1,2.625706109,0
1,2.052193539,0
1,2.051412499,0
1,2.625708373,0
1,2.052192892,0
1,2.05219216,0
1,2.711016824,0
1,2.051431209,0
1,2.052194413,0
1,2.052193561,0
1,2.052191893,0
1,2.052194274,0
1,2.052198705,0
1,2.711013825,0
1,1.53036072,0
1,2.317470269,0
1,2.051411724,0
1,2.052193408,0
1,2.052192004,0
1,2.052195522,0
1,2.052206897,0
1,1.989420599,0
1,2.317019183,0
1,2.649414115,0
1,2.709747023,0
1,2.625724327,0
1,2.052251438,0
1,2.052207529,0
1,2.052193384,0
1,2.711031408,0
1,2.625722513,0
1,2.711015064,0
1,2.711018273,0
1,2.711017224,0
1,2.711016458,0
1,2.052193346,0
1,2.052248209,0
1,2.625707771,0
1,2.052193231,0
1,2.052194071,0
1,2.735129805,0
1,2.711016602,0
1,2.629555465,0
1,2.711017692,0
1,2.052191825,0
1,2.711015439,0
1,2.71101778,0
1,2.711016486,0
1,2.051421303,0
1,2.053980922,0
1,2.711016302,0
1,2.711015618,0
1,2.711024385,0
1,2.711015914,0
1,2.052192506,0
1,2.711018636,0
1,2.710149496,0
1,2.054036457,0
1,2.71101644,0
1,2.052192383,0
1,2.711015367,0
1,2.711015928,0
1,2.711017032,0
1,2.711016674,0
1,2.052193666,0
1,2.711025908,0
1,2.711016435,0
1,2.711016796,0
1,2.711016478,0
1,2.052192173,0
1,2.711018374,0
1,2.710475642,0
1,2.052236312,0
1,2.711016143,0
1,2.052193518,0
1,2.624424962,0
1,2.711015837,0
1,2.71101804,0
1,2.625716612,0
1,2.052191966,0
1,2.71101515,0
1,2.052226554,0
1,2.709746492,0
1,2.052192038,0
1,2.711016508,0
1,2.711015298,0
1,2.711016368,0
1,2.052221044,0
1,2.051846854,0
1,2.625706024,0
1,2.052249438,0
1,2.711016669,0
1,2.052206328,0
1,2.711017463,0
1,2.052192748,0
1,2.711024652,0
1,2.052206072,0
1,2.711025446,0
1,2.711029194,0
1,2.05222288,0
1,2.052236252,0
1,2.051825905,0
1,2.711014298,0
1,2.052204274,0
1,2.711016504,0
1,2.05222191,0
1,2.625708819,0
1,2.052192216,0
1,2.71101817,0
1,2.625707928,0
1,2.711029992,0
1,2.052195577,0
1,2.050642205,0
1,2.62570639,0
1,2.711014781,0
1,2.052235445,0
1,2.71102553,0
1,2.051754751,0
1,2.625721583,0
1,2.711021818,0
1,2.052203461,0
1,2.051589081,0
1,2.625707049,0
1,2.711018435,0
1,2.052194656,0
1,2.71101661,0
1,2.316181815,0
1,2.711015452,0
1,2.711017731,0
1,2.05219256,0
1,2.711015959,0
1,2.711016559,0
1,2.711014842,0
1,2.052236699,0
1,2.052220065,0
1,2.709747591,0
1,2.052235583,0
1,2.625706935,0
1,2.711029825,0
1,2.625709377,0
1,2.052236613,0
1,2.052194275,0
1,2.711016108,0
1,2.052194406,0
1,2.711016466,0
1,2.711030927,0
1,2.052192663,0
1,2.711029117,0
1,2.711014936,0
1,2.052230957,0
1,2.052194637,0
1,2.711016771,0
1,2.05223288,0
1,2.711033151,0
1,1.530277781,0
1,2.709745989,0
1,2.711015869,0
1,2.052192203,0
1,2.625707993,0
1,2.711016556,0
1,2.052192875,0
1,2.052193573,0
1,2.625706019,0
1,2.711014895,0
1,2.052231763,0
1,2.625708736,0
1,2.052192846,0
1,2.625706708,0
1,2.722720479,0
1,2.052246454,0
1,2.711023517,0
1,2.652727537,0
1,2.71101626,0
1,2.052199494,0
1,2.052254367,0
1,2.052168626,0
1,2.711020481,0
1,2.711015463,0
1,2.711029094,0
1,2.625707468,0
1,2.052192193,0
1,2.625711576,0
1,2.711017333,0
1,2.711017166,0
1,2.052225733,0
1,2.625709884,0
1,2.711016128,0
1,2.711016427,0
1,2.711018192,0
1,2.052212615,0
1,2.048805264,0
1,2.722721895,0
1,2.052193571,0
1,2.710488315,0
1,2.051414708,0
1,2.625706323,0
1,2.052193456,0
1,2.711017604,0
1,2.052250358,0
1,2.625707448,0
1,2.051421567,0
1,2.052193292,0
1,2.711021956,0
1,2.051411996,0
1,2.052198115,0
1,2.063210987,0
1,2.052191811,0
1,2.711016734,0
1,2.051825637,0
1,2.625709648,0
1,2.722738203,0
1,2.052193163,0
1,2.711016553,0
1,2.052221618,0
1,2.052255827,0
1,2.711016516,0
1,2.711034714,0
1,1.157015951,0
1,2.316673426,0
1,2.711020139,0
1,2.052194557,0
1,2.709940533,0
1,2.711023655,0
1,2.625706227,0
1,2.711017595,0
1,2.052195694,0
1,2.711029451,0
1,2.711015198,0
1,2.052203024,0
1,2.711014729,0
1,2.052193313,0
1,2.711017284,0
1,2.711015767,0
1,2.711016549,0
1,2.711016123,0
1,2.05219425,0
1,2.711017125,0
1,2.711018174,0
1,2.711015059,0
1,2.052197794,0
1,2.711015661,0
1,2.711014754,0
1,2.711015385,0
1,2.711022975,0
1,2.052193673,0
1,2.625707088,0
1,2.711016063,0
1,2.711021672,0
1,2.728834604,0
1,2.052192975,0
1,2.711016436,0
1,2.711018301,0
1,2.709750176,0
1,2.735109923,0
1,2.052205536,0
1,2.711016095,0
1,2.711016813,0
1,2.711018058,0
1,2.711015646,0
1,2.052191747,0
1,2.722719501,0
1,2.71101828,0
1,2.048867337,0
1,2.711015817,0
1,2.052195597,0
1,2.711024457,0
1,2.052231708,0
1,2.735119292,0
1,2.722746721,0
1,2.048804794,0
1,2.052252734,0
1,2.711019722,0
1,2.711016264,0
1,2.711019187,0
1,2.052470888,0
1,2.711016199,0
1,2.71102939,0
1,2.052231227,0
1,2.711015136,0
1,2.052197329,0
1,2.625707117,0
1,2.052192154,0
1,2.625706398,0
1,2.052193812,0
1,2.711019707,0
1,2.711017342,0
1,2.05219341,0
1,2.625727852,0
1,2.05219278,0
1,2.711018188,0
1,2.711017715,0
1,2.052246495,0
1,2.711018145,0
1,2.732549234,0
1,2.711016786,0
1,2.711015736,0
1,2.711015577,0
1,2.052203222,0
1,2.052197371,0
1,2.711024928,0
1,2.711017492,0
1,2.711016603,0
1,2.711023713,0
1,2.052249293,0
1,2.063211004,0
1,2.711015895,0
1,2.71102754,0
1,2.052226881,0
1,2.711036611,0
1,2.052192439,0
1,2.711016495,0
1,2.711016205,0
1,2.711015725,0
1,2.711016904,0
1,2.052193,0
1,2.71101759,0
1,2.711017737,0
1,2.711016237,0
1,2.711016038,0
1,2.052193115,0
1,2.711016329,0
1,2.711016888,0
1,2.711015133,0
1,2.71101714,0
1,2.052193124,0
1,2.711026269,0
1,2.73256652,0
1,2.052234242,0
1,2.735111707,0
1,2.052193439,0
1,2.699081727,0
1,2.709946383,0
1,2.711016905,0
1,2.052247795,0
1,2.052193025,0
1,2.711016606,0
1,2.711025365,0
1,2.711015566,0
1,2.711016167,0
1,2.052193539,0
1,2.711035687,0
1,2.711017413,0
1,2.711022875,0
1,2.05219588,0
1,2.728836445,0
1,2.711014767,0
1,2.711015904,0
1,2.711025663,0
1,2.052191662,0
1,2.711014865,0
1,2.711022897,0
1,2.709884074,0
1,2.052249685,0
1,2.052193061,0
1,2.735112224,0
1,2.711029768,0
1,2.711017964,0
1,2.052229861,0
1,2.052193422,0
1,2.052234309,0
1,2.711022748,0
1,2.711015602,0
1,2.711015189,0
1,2.052193429,0
1,2.711017174,0
1,2.71101578,0
1,2.711016728,0
1,2.711018153,0
1,2.052193179,0
1,2.711016028,0
1,2.711016842,0
1,2.052235992,0
1,2.711025351,0
1,2.052203582,0
1,2.62516064,0
1,2.720579942,0
1,2.052240139,0
1,2.711015756,0
1,2.051848417,0
1,2.711015566,0
1,2.711029574,0
1,2.052204809,0
1,2.711014609,0
1,2.051848198,0
1,2.711015293,0
1,2.711015023,0
1,2.711026803,0
1,2.711018028,0
1,2.052179653,0
1,2.711015464,0
1,2.711014814,0
1,2.711022901,0
1,2.711017082,0
1,2.05222003,0
1,2.711015316,0
1,2.711017513,0
1,2.052193846,0
1,2.735109938,0
1,2.051825666,0
1,2.711015578,0
1,2.711017148,0
1,2.052192875,0
1,2.711015453,0
1,2.051825637,0
1,2.711017484,0
1,2.711017259,0
1,2.052193033,0
1,2.711014792,0
1,2.052197667,0
1,2.625709164,0
1,2.71101723,0
1,2.05223558,0
1,2.711029086,0
1,2.051846401,0
1,2.652744824,0
1,2.711031201,0
1,2.052194203,0
1,2.711017929,0
1,2.050427852,0
1,2.625707569,0
1,2.735116805,0
1,2.052203185,0
1,2.711027386,0
1,2.052198839,0
1,2.625717909,0
1,2.711017128,0
1,2.711017663,0
1,2.051588548,0
1,2.625706254,0
1,2.711017506,0
1,2.052236414,0
1,2.71102292,0
1,2.051439541,0
1,2.625707814,0
1,2.711016403,0
1,2.052194027,0
1,2.711026279,0
1,2.051576112,0
1,2.052196323,0
1,2.711019827,0
1,2.052194396,0
1,2.711035849,0
1,2.051845572,0
1,2.052250656,0
1,2.711015772,0
1,2.052195711,0
1,2.051844782,0
1,2.625715702,0
1,2.711015533,0
1,2.052232421,0
1,2.711019783,0
1,2.625705891,0
1,2.711017653,0
1,2.052202731,0
1,2.052192712,0
1,2.051826535,0
1,2.711015005,0
1,2.711026535,0
1,2.711015474,0
1,2.052230517,0
1,2.711017481,0
1,2.71102866,0
1,2.711015993,0
1,2.052196533,0
1,2.052249518,0
1,2.711016873,0
1,2.052192898,0
1,2.711014858,0
1,2.052379699,0
1,2.711018314,0
1,2.707263477,0
1,2.052203007,0
1,1.706152647,0
1,2.711017252,0
1,2.052195526,0
1,2.711018996,0
1,2.711016348,0
1,2.432937768,0
1,2.625708797,0
1,2.711015461,0
1,2.71101592,0
1,2.71101895,0
1,2.052192319,0
1,2.625724752,0
1,2.71101582,0
1,2.052253959,0
1,2.0522333,0
1,2.052193566,0
1,2.625709007,0
1,2.711022756,0
1,2.711015688,0
1,2.052194112,0
1,2.625708178,0
1,2.052193535,0
1,2.05219247,0
1,2.711015341,0
1,2.052192703,0
1,2.625708194,0
1,2.052193134,0
1,2.052193352,0
1,2.05220268,0
1,2.048805307,0
1,2.625704934,0
1,2.052192412,0
1,2.052984813,0
1,2.711015961,0
1,2.052192827,0
1,2.05220491,0
1,2.052193496,0
1,2.051826509,0
1,2.05224276,0
1,2.052221133,0
1,2.625709596,0
1,2.052194163,0
1,2.051415669,0
2,2.71101905,0
1,2.052192066,0
1,2.711024813,0
1,2.052193359,0
1,2.052192056,0
1,2.052250102,0
1,2.052192957,0
1,2.052231459,0
1,2.051411996,0
1,2.051827148,0
1,2.62570964,0
1,2.052192675,0
1,2.052193595,0
1,2.711030282,0
1,2.633122267,0
1,2.711032028,0
1,2.711017297,0
1,2.052193377,0
1,2.625708961,0
1,2.052195386,0
1,2.711015618,0
1,2.052222819,0
1,2.711030937,0
1,2.711024845,0
1,2.047515045,0
1,2.711023238,0
1,2.052192318,0
1,2.709932338,0
1,2.051399251,0
1,2.711020629,0
1,2.05219312,0
1,2.051845499,0
1,2.62570796,0
1,2.709745208,0
1,2.052229731,0
1,2.051065149,0
1,2.711016183,0
1,2.711019614,0
1,2.053981072,0
1,2.711015403,0
1,2.625706102,0
1,2.711017133,0
1,2.052220354,0
1,2.050045224,0
1,2.711015934,0
1,2.711015746,0
1,2.052237791,0
1,2.711015694,0
1,2.051845436,0
1,2.625706601,0
1,2.052255482,0
1,2.709758105,0
1,2.625706141,0
1,2.711015317,0
1,2.052193178,0
1,2.711017729,0
1,2.051826132,0
1,2.711015994,0
1,2.711018533,0
1,2.052193678,0
1,2.051845093,0
1,2.622148484,0
1,2.711015145,0
1,2.052194655,0
1,2.711019386,0
1,2.051846276,0
1,2.711014898,0
1,2.711031378,0
1,2.711016794,0
1,2.051155017,0
1,2.711015855,0
1,2.052191925,0
1,2.052189812,0
1,2.711015075,0
1,2.052218659,0
1,2.711016535,0
1,2.052196976,0
1,2.711027461,0
1,2.711015767,0
1,2.711019796,0
1,2.711015455,0
1,2.051045416,0
1,2.711020612,0
1,2.71101597,0
1,2.063202506,0
1,2.71101581,0
1,2.052221945,0
1,2.711014471,0
1,2.709933882,0
1,2.7072388,0
1,2.052469163,0
1,2.71101949,0
1,2.711015632,0
1,2.052193641,0
1,2.711016385,0
1,2.05181746,0
1,2.625710136,0
1,2.711016816,0
1,2.052223263,0
1,2.711016899,0
1,2.051846466,0
1,2.711018037,0
1,2.711016652,0
1,2.063213086,0
2,2.633147125,0
1,2.62571551,0
1,2.052230496,0
1,2.711014661,0
1,2.053255248,0
1,2.625707374,0
1,2.711017311,0
1,2.052215416,0
1,2.71101675,0
1,2.05158832,0
1,2.625706526,0
1,2.711040485,0
1,2.711017358,0
2,2.05158854,0
1,2.62570688,0
1,2.711025543,0
1,2.711015716,0
1,2.051984411,0
1,2.64941758,0
1,2.711017471,0
1,2.05223014,0
1,2.711018197,0
1,2.051825816,0
1,2.052192896,0
1,2.711015241,0
1,2.05219285,0
1,2.711016578,0
1,2.051588254,0
1,2.71102974,0
1,2.709757081,0
1,2.052202876,0
1,2.051829614,0
1,2.625717512,0
1,2.711015781,0
1,2.052191888,0
1,2.711015854,0
1,2.052230664,0
1,2.052192903,0
1,2.711015055,0
1,2.707241143,0
1,2.711015708,0
1,2.052235725,0
1,2.711016511,0
1,2.051845496,0
1,2.625707877,0
1,2.711021738,0
1,1.99333125,0
1,2.653021695,0
1,2.711017966,0
1,2.052214242,0
1,2.711027237,0
1,2.711015559,0
1,2.711015653,0
1,2.625708335,0
1,2.711018042,0
1,2.052194101,0
1,2.711019957,0
1,2.71101562,0
1,2.711017027,0
1,2.711018377,0
1,2.052192577,0
1,2.707253897,0
1,2.735110383,0
1,2.711016971,0
1,2.71101416,0
1,2.052192643,0
1,2.711017366,0
1,2.711016163,0
1,2.711017056,0
1,2.7110155,0
1,2.052193573,0
1,2.732548041,0
1,2.711015379,0
1,2.709932079,0
1,2.711029193,0
1,2.052194296,0
1,2.711015079,0
1,2.711014779,0
1,2.711015199,0
1,2.711015888,0
1,2.052192837,0
1,2.711017344,0
1,2.711018181,0
1,2.711019649,0
1,2.709934574,0
1,2.05222121,0
1,2.711015972,0
1,2.711016223,0
1,2.711014311,0
1,2.711019587,0
1,2.049335406,0
1,2.625721389,0
1,2.052256389,0
1,2.052194091,0
1,2.711015857,0
1,2.0628469,0
1,2.625707413,0
1,2.711015456,0
1,2.711023646,0
1,2.711015531,0
1,2.0521965,0
1,2.62570775,0
1,2.711015922,0
1,2.71101774,0
1,2.711025071,0
1,2.051845411,0
1,2.649417957,0
1,2.711016071,0
1,2.711015826,0
1,2.711024599,0
1,2.051846045,0
1,2.625715296,0
1,2.711016647,0
1,2.051433276,0
1,2.707237998,0
1,2.052222233,0
1,2.625717856,0
1,2.711018531,0
1,2.052193051,0
1,2.735115728,0
1,2.051306991,0
1,2.625706619,0
1,2.052202791,0
1,2.052192907,0
1,2.711029769,0
1,2.056205846,0
1,2.052230778,0
1,2.711018778,0
1,2.052207295,0
1,2.708662766,0
1,2.052222217,0
1,2.052194149,0
1,2.052238212,0
1,2.711032135,0
1,2.711016212,0
1,2.051588927,0
1,2.711017435,0
1,2.711017793,0
1,2.052203835,0
1,2.052249373,0
1,2.051827184,0
1,2.052253719,0
1,2.711017861,0
1,2.052193845,0
1,2.711016031,0
1,2.052193264,0
1,2.711016395,0
1,2.711018384,0
1,2.052199414,0
1,2.052194374,0
1,2.053165003,0
1,2.625708184,0
1,2.711023798,0
1,2.711049633,0
1,2.711014756,0
1,2.052221178,0
1,2.711015717,0
1,2.711022453,0
1,2.711032412,0
1,2.711014562,0
1,2.052196392,0
1,2.625714166,0
1,2.711014715,0
1,2.052203382,0
1,2.711018516,0
1,2.052191971,0
1,2.7110161,0
1,2.732548065,0
1,2.7110274,0
1,2.718340513,0
1,2.052877813,0
1,2.71101812,0
1,2.711017343,0
1,2.052252502,0
1,2.711017266,0
1,2.052193295,0
1,2.711015749,0
1,2.71102382,0
1,2.711030687,0
1,2.711015076,0
1,2.052220574,0
1,2.625707347,0
1,2.711014602,0
1,2.052222603,0
2,2.711020127,0
1,2.052193781,0
1,2.635216582,0
1,2.711019646,0
1,2.711016646,0
1,2.711017972,0
1,2.052191789,0
1,2.711024903,0
1,2.250258961,0
1,2.316985664,0
1,2.05398061,0
1,2.625707205,0
1,2.052193237,0
1,2.71101566,0
1,2.7110292,0
1,2.05219331,0
1,2.711015494,0
1,2.052230529,0
1,2.711015986,0
1,2.707241043,0
1,2.052194318,0
1,2.711014255,0
1,2.052193479,0
1,2.711016115,0
1,2.711015034,0
1,2.732547612,0
1,2.625705879,0
1,2.711014967,0
1,2.052193837,0
1,2.05225566,0
1,2.711030179,0
1,2.711016798,0
1,2.711034542,0
1,2.052192209,0
1,2.711019143,0
1,2.711017267,0
1,2.625708147,0
1,2.711029647,0
1,2.052192939,0
1,2.711016839,0
1,2.711014899,0
1,2.722721057,0
1,2.052194597,0
1,2.052192581,0
1,2.711016111,0
1,2.711021779,0
1,2.711015443,0
1,2.711016161,0
1,2.052193717,0
1,2.711014913,0
1,2.735112661,0
1,2.711019118,0
1,2.711015785,0
1,2.052197449,0
1,2.317232175,0
1,2.711018046,0
1,2.05219268,0
1,2.052228923,0
1,2.711014614,0
1,2.711020179,0
1,2.051410797,0
1,2.711016672,0
1,2.052230575,0
1,2.711016931,0
1,2.052235684,0
1,2.052197203,0
1,2.711030052,0
1,2.052224518,0
1,2.052205195,0
1,2.711015677,0
1,2.711016463,0
1,2.711017635,0
1,2.709746695,0
1,2.052195278,0
1,2.711017248,0
1,2.711015741,0
1,2.732547673,0
1,2.711016254,0
1,2.052191953,0
1,2.711017633,0
1,2.711017028,0
1,2.722721143,0
2,2.711020576,0
1,2.05219228,0
1,2.711021724,0
1,2.71101705,0
1,2.711016399,0
2,2.711026275,0
1,2.052192283,0
1,2.711014855,0
1,2.711040282,0
1,2.728836217,0
1,2.71101616,0
1,2.052221826,0
1,2.711017793,0
1,2.71101429,0
1,2.711015856,0
1,2.711017916,0
1,2.052202517,0
1,2.711018135,0
1,2.052235021,0
1,2.711031347,0
1,2.711015356,0
1,2.052192478,0
1,2.052231593,0
1,2.71101525,0
1,2.709931915,0
1,2.711016188,0
1,2.052222912,0
1,2.711014935,0
1,2.711014681,0
1,2.052257509,0
1,2.720562082,0
1,2.051827356,0
1,2.711015458,0
1,2.711015875,0
1,2.052193594,0
2,2.711019444,0
1,2.052193238,0
1,2.625707731,0
1,2.052214703,0
1,2.051448829,0
1,2.711015337,0
1,2.046360491,0
1,2.625705815,0
1,2.711017864,0
1,2.711016268,0
1,2.711030248,0
1,2.052193259,0
1,2.052230754,0
1,2.711016223,0
1,2.052191953,0
1,2.711016854,0
1,2.05149883,0
1,2.62570905,0
1,2.711015751,0
1,2.052230549,0
1,2.711016249,0
1,2.711015575,0
1,2.711030481,0
1,2.052251715,0
1,2.711016797,0
1,2.711016299,0
1,2.711016923,0
1,2.711014917,0
1,2.052192034,0
1,2.711018631,0
1,2.709892386,0
1,2.71101898,0
1,2.709747424,0
1,2.052193192,0
1,2.711015565,0
1,2.711014499,0
1,2.711017501,0
1,2.711015646,0
1,2.052192873,0
1,2.711016232,0
1,2.711018135,0
1,2.057414125,0
4,2.496151928,0
4.5,2.468536559,0
2.5,2.34429793,0
3,2.120360574,0
3.5,2.036345195,0
3.5,2.063536391,0
4,2.20271215,0
2.5,2.473962775,0
3.5,2.032415762,0
2.5,2.508777976,0
2.5,2.51285367,0
2.5,2.410668033,0
2.5,2.419671574,0
4.5,2.262228301,0
2.5,2.438098138,0
4,1.956733424,0
2.5,2.527350096,0
4,1.994818533,0
5,2.44922246,0
4.5,2.486135062,0
2.5,2.14866521,0
3,2.106449147,0
2,2.548250968,0
3.5,2.415422147,0
2.5,2.233437607,0
5,2.472408516,0
4.5,2.182986553,0
3.5,2.193693799,0
2.5,1.945142321,0
2.5,2.475730322,0
2.5,2.459021162,0
4.5,2.196535936,0
4.5,2.285595301,0
5,2.463757957,0
3.5,2.440083076,0
2.5,2.445460854,0
4,2.242258157,0
3.5,2.076766847,0
4,2.414830201,0
5,2.273291204,0
5,2.497540592,0
4,2.390908742,0
4.5,1.911870999,0
2.5,2.519333007,0
2.5,2.440307293,0
2.5,2.416417911,0
3.5,2.358236869,0
2.5,2.635419318,0
2.5,2.459161223,0
4,2.444259418,0
3.5,2.192787095,0
2.5,2.44793467,0
4.5,2.236043738,0
3.5,2.195298983,0
2.5,2.52453655,0
2.5,2.390870511,0
3.5,2.166958499,0
2.5,2.502692234,0
2.5,2.172665944,0
2.5,2.448099075,0
5,2.497128629,0
3.5,2.309637533,0
3,1.957005426,0
2.5,2.519159386,0
4.5,2.542382115,0
3,2.091973509,0
3.5,2.389943265,0
4,2.150141905,0
3.5,1.952982255,0
5,2.504075215,0
3,1.992095465,0
2.5,1.977669908,0
3.5,2.005907889,0
3.5,2.143525622,0
4.5,2.571168084,0
2.5,2.451584675,0
3.5,2.403141173,0
3.5,2.177443155,0
5,2.500645897,0
2.5,2.551417567,0
4.5,2.322281346,0
2.5,2.38453799,0
4.5,2.519889455,0
2.5,2.457787395,0
2.5,2.462118659,0
3.5,2.372448117,0
2.5,2.501133231,0
2.5,2.201956243,0
2.5,2.521926315,0
4,2.012477705,0
4,1.936411257,0
2.5,2.425611502,0
3.5,2.160691294,0
3.5,2.193149952,0
2,2.589887527,0
2.5,2.39668362,0
4.5,2.44013885,0
3,2.086778956,0
2,2.516038751,0
2.5,2.135437266,0
5,2.4592036,0
3.5,2.35503352,0
4,2.404989081,0
5,2.220817726,0
3.5,2.19502893,0
3.5,2.360032243,0
2.5,2.442672022,0
3.5,2.155638472,0
4.5,2.393761818,0
4,2.211841685,0
2.5,2.343303952,0
3.5,1.869762294,0
2.5,2.196536932,0
4,1.989624012,0
4.5,2.076223443,0
3.5,2.247648997,0
3.5,2.523582035,0
4,1.911584589,0
3,2.12826526,0
2.5,1.982155262,0
3.5,2.411780615,0
3.5,2.028852004,0
2.5,1.95912185,0
2,2.527407746,0
3.5,2.470353503,0
2.5,2.502432071,0
3.5,2.546313369,0
4.5,2.455390606,0
2.5,2.548628441,0
2.5,2.580205483,0
2.5,2.558195209,0
4,2.18701401,0
3,2.069692046,0
2,2.204927814,0
3.5,2.529678231,0
3,2.013313653,0
4.5,2.427251051,0
2.5,2.209575233,0
3.5,2.175082202,0
4.5,2.250512446,0
4.5,2.445387016,0
4.5,2.464719927,0
2.5,2.570779075,0
3.5,2.233355465,0
3.5,2.262471828,0
3.5,1.94951663,0
5,1.885662109,0
5,2.467973762,0
3.5,1.977436724,0
2.5,2.447487544,0
2.5,2.503461173,0
3.5,2.030420201,0
2,2.418294021,0
3.5,2.463965813,0
4.5,2.48428111,0
2.5,2.584455626,0
2.5,2.18188742,0
4.5,2.589157279,0
2.5,2.443116928,0
2.5,2.224993683,0
2.5,2.376246887,0
2.5,2.542727461,0
2.5,2.416260763,0
2.5,2.411612059,0
3.5,2.506406975,0
3.5,2.000339712,0
3,2.11545569,0
2,2.1963654,0
3.5,1.966367731,0
2.5,2.524550902,0
4.5,2.16288992,0
2.5,2.179019496,0
3.5,2.440648419,0
3.5,2.069652851,0
2,2.508153482,0
2.5,2.507464772,0
3.5,2.471276097,0
3.5,2.076861698,0
2.5,2.536752637,0
4.5,2.541072828,0
3.5,2.215310503,0
2.5,2.338787225,0
4,2.394546281,0
4.5,2.145306419,0
4,2.368920572,0
4,2.108408851,0
2.5,2.535020119,0
3.5,2.114173517,0
3.5,2.129726513,0
4,2.057370481,0
2.5,2.351887749,0
2.5,2.17947832,0
2.5,2.428183575,0
3.5,2.141139375,0
4,1.970677815,0
2.5,2.420407304,0
3,2.071911298,0
2,2.425599117,0
2.5,2.409513546,0
3.5,2.242106477,0
3.5,2.454930811,0
3.5,2.206465568,0
3,2.110831423,0
2,2.541254354,0
3.5,2.139944463,0
2.5,2.520224228,0
2.5,2.520800299,0
3.5,1.984094567,0
2.5,2.517692994,0
3.5,2.541723828,0
4.5,2.223986536,0
3.5,2.3049713,0
4.5,2.224289424,0
2.5,2.432593713,0
4,2.002826062,0
4,2.126927946,0
3.5,2.432666067,0
3,2.174052868,0
2,2.443358988,0
3.5,2.211020605,0
4.5,2.563193055,0
3.5,2.121477671,0
3,2.220201471,0
4,2.446918758,0
5,2.386483952,0
4,2.196625577,0
3.5,2.210763216,0
4.5,2.539707893,0
4.5,2.162479837,0
2.5,2.443846934,0
4,2.400261715,0
2.5,2.495755411,0
2.5,2.472958418,0
3.5,2.167810425,0
2.5,1.929214041,0
3,2.232455645,0
2.5,2.113238986,0
5,2.369889705,0
3.5,2.144947291,0
4.5,2.323289934,0
4,2.070849759,0
2.5,2.546608383,0
2.5,2.445897488,0
3.5,2.091354611,0
3,1.983182837,0
3.5,2.162539239,0
2.5,2.437445409,0
3,2.124088606,0
4.5,2.224497269,0
2.5,2.223824841,0
3.5,2.15396816,0
2.5,2.533821526,0
4,2.09351743,0
2.5,2.482796503,0
2.5,2.338804491,0
3,2.02813297,0
2,2.199023159,0
2.5,2.400579234,0
2,2.544814005,0
2.5,2.442752872,0
3.5,1.978139285,0
2,2.088124691,0
5,2.545365025,0
3.5,2.084625742,0
3.5,2.02909528,0
4.5,2.482720054,0
3.5,1.989989891,0
2,2.161497859,0
3.5,2.151555223,0
3.5,2.566094225,0
2.5,2.154112603,0
2.5,2.424511768,0
3,2.088509765,0
3.5,2.442020374,0
2.5,2.508990913,0
4,2.441147183,0
2,2.482910704,0
3,2.214233123,0
2,2.521511019,0
3.5,2.55302958,0
2.5,2.435768289,0
4.5,2.546943972,0
3,1.980340996,0
2,1.933706144,0
3.5,1.883577269,0
4.5,2.476939839,0
3,2.177133232,0
3.5,2.206333614,0
3,2.152625158,0
3,2.552348175,0
2.5,2.527134063,0
5,2.493075439,0
2.5,2.416971177,0
3,1.978586464,0
4,2.149851822,0
2.5,2.412550569,0
3.5,2.36829948,0
2.5,2.532115546,0
4,2.469429261,0
2.5,2.419361201,0
2.5,2.420309119,0
4.5,1.973941796,0
2.5,2.161708758,0
3,2.09601687,0
2,2.434279035,0
4,2.359463941,0
3.5,2.078408812,0
2,2.541161425,0
4.5,2.501453429,0
3.5,2.500245577,0
2.5,2.506384192,0
3.5,2.190473573,0
2.5,2.528688297,0
4.5,2.491850334,0
3,2.175789812,0
3.5,2.440753597,0
4.5,2.045602465,0
4.5,2.297718394,0
5,2.213728206,0
3.5,2.225350105,0
2.5,2.367817922,0
4,2.190170807,0
4.5,2.073500473,0
2.5,2.607735881,0
4.5,2.402203829,0
3.5,2.419455747,0
4.5,2.285082379,0
4,2.053853058,0
3.5,2.196212557,0
5,2.535798527,0
3.5,2.089660633,0
4,2.191380422,0
5,2.423322812,0
2.5,2.229343498,0
2.5,2.551696314,0
5,2.52893101,0
2.5,2.43485687,0
4,2.21153817,0
3.5,2.122954691,0
3,2.034277384,0
3,2.126966426,0
2,2.408919912,0
2.5,2.408469707,0
5,2.411889468,0
2.5,2.434674436,0
4,2.185098145,0
5,2.516051608,0
2.5,2.213510916,0
3.5,2.107966761,0
2,2.442844748,0
2.5,2.237983694,0
4,1.996505212,0
3.5,2.1011958,0
4,2.53968512,0
3,2.468975719,0
3.5,2.221760649,0
2.5,2.424256649,0
3.5,2.014955391,0
2,2.521335186,0
3.5,1.967367382,0
2.5,2.37614006,0
3,2.455923359,0
3.5,2.182517469,0
3,2.364538766,0
2.5,2.393887108,0
4.5,2.503579252,0
4.5,2.457655514,0
3,2.020100061,0
3.5,2.227018064,0
4.5,2.437584757,0
2.5,2.46348135,0
3.5,2.146663002,0
5,2.168048754,0
2.5,2.137085331,0
4,2.169087107,0
2.5,2.441873106,0
2.5,2.542561824,0
5,2.452563422,0
3.5,1.919960262,0
4.5,2.418838163,0
3.5,2.217204381,0
3.5,2.160869477,0
3.5,2.113441611,0
3.5,2.495051673,0
3.5,2.513249911,0
2.5,2.451181006,0
4.5,2.398693812,0
3.5,2.051729466,0
3.5,2.420296853,0
4.5,2.217712942,0
4.5,2.200219596,0
4.5,2.503599938,0
4.5,2.313605908,0
2.5,2.41936528,0
3.5,2.094252288,0
4.5,2.094356585,0
3.5,2.117508207,0
3.5,2.103062706,0
2,2.413785227,0
2.5,2.380975911,0
2.5,2.377944382,0
3,2.07875526,0
3,2.169348275,0
3,2.1799456,0
2,2.537347969,0
2.5,2.523775897,0
2.5,2.474068884,0
3.5,2.184677792,0
2,2.448655984,0
2.5,2.457180656,0
2.5,2.453647372,0
2.5,2.219761115,0
3.5,2.396973462,0
3.5,2.147103403,0
2.5,2.378535933,0
3.5,2.116296545,0
2.5,2.006322007,0
2.5,2.458127621,0
3,2.075110822,0
3,2.169749797,0
2.5,2.446103296,0
3.5,2.114142741,0
2.5,1.906677969,0
4,2.352583337,0
4.5,2.095885986,0
2.5,2.465539752,0
4,2.302821483,0
3.5,2.439618019,0
3,2.066640045,0
2,2.481653107,0
2.5,2.248406488,0
3.5,2.078144429,0
2,2.211005815,0
2.5,2.509030833,0
3,2.052707239,0
2.5,2.513494353,0
4,2.442216199,0
4,2.417821155,0
3.5,2.160641654,0
3.5,2.18010476,0
4,2.269396747,0
3.5,2.206012517,0
3,1.968361702,0
2.5,2.467036575,0
3.5,2.088195909,0
4,2.267345423,0
4,2.117132111,0
4.5,2.033828894,0
3.5,2.012132229,0
4.5,2.421466844,0
3,2.074004399,0
4.5,2.482202371,0
3.5,2.414126766,0
2.5,2.44540857,0
4,2.383788292,0
3.5,2.134545863,0
2.5,2.423699588,0
4.5,2.164513774,0
4,2.43829737,0
3.5,2.452333783,0
4,2.504985033,0
4.5,1.99765015,0
5,2.131078561,0
2.5,2.424481235,0
5,2.432429326,0
2.5,2.451190815,0
5,2.538957705,0
3,2.035701441,0
2,2.521273066,0
3.5,2.441366078,0
2.5,2.442737267,0
4,2.506214297,0
5,2.441570012,0
3.5,2.023272619,0
3,1.990602393,0
2,2.416836494,0
3.5,2.124122506,0
2.5,1.994629913,0
2.5,2.553837282,0
3.5,2.475021137,0
2,2.466825494,0
2.5,2.528606353,0
3.5,2.431547278,0
4,1.933561105,0
2.5,2.442814801,0
2.5,2.446109522,0
4,2.270563457,0
2,2.383995324,0
3.5,2.389592368,0
3,2.356674783,0
2.5,2.337009002,0
3.5,2.17009333,0
3.5,2.388479423,0
3,1.984022021,0
3.5,1.907613699,0
4.5,2.24490452,0
2.5,2.360577229,0
2,2.544334272,0
3.5,2.25597308,0
4,2.443719881,0
4.5,2.440379242,0
3,1.999825985,0
2,2.158031271,0
3.5,2.330189907,0
3,2.22816391,0
2.5,2.152366317,0
4,2.408210259,0
3.5,2.57706712,0
2.5,2.547050117,0
4,2.478610554,0
2.5,2.506905277,0
3.5,2.206514446,0
3.5,2.100245848,0
3,2.017630109,0
2,2.442375829,0
3.5,2.009343559,0
3.5,2.249767477,0
3.5,1.994938331,0
3,2.17229809,0
3.5,2.160170029,0
2,2.204108365,0
3.5,1.988726962,0
3.5,2.031134529,0
3.5,2.292166468,0
2.5,2.428784363,0
3,2.015951635,0
2,2.539469035,0
2.5,2.219534157,0
2.5,2.483116513,0
3,2.199894112,0
2,2.608864203,0
3.5,2.02723106,0
4.5,2.258520103,0
3.5,2.217058871,0
2.5,2.420297512,0
2.5,2.506377762,0
2.5,2.527832734,0
3.5,2.033331458,0
3.5,2.411549317,0
2.5,2.200015537,0
4,2.427707355,0
2.5,2.451081757,0
5,2.566803573,0
2.5,2.473089447,0
4.5,2.21316533,0
2.5,2.426038736,0
3.5,2.240470348,0
4,2.378735402,0
3.5,2.051148955,0
2,2.446360007,0
2.5,2.413211188,0
4.5,2.450323941,0
2.5,1.937286314,0
4.5,2.293886141,0
5,2.478862824,0
3.5,2.249544333,0
2,2.506593462,0
3.5,2.274824412,0
4,2.110335171,0
4.5,2.182224113,0
4.5,2.417498696,0
2.5,2.257219269,0
3,1.962441964,0
3.5,2.468821202,0
3.5,2.057545146,0
3.5,1.932465927,0
4,2.441691454,0
4.5,2.447719225,0
2.5,2.1935802,0
4,2.442537524,0
3.5,2.01733319,0
3,1.887876819,0
3,2.031498511,0
4,2.38548341,0
3.5,2.375453364,0
3.5,2.187499594,0
2,2.491856495,0
5,2.471626682,0
2.5,2.401369627,0
2.5,2.470326911,0
2.5,2.377394474,0
3.5,2.165917373,0
3,1.890584745,0
2.5,2.39054173,0
2.5,2.522601148,0
4.5,1.987899128,0
2.5,2.22948847,0
3.5,2.071726656,0
4,2.416445956,0
2.5,2.20351012,0
3,2.131612996,0
2,2.446546424,0
4,2.245972613,0
3,1.867752494,0
4,2.498003486,0
2.5,2.441984332,0
4.5,2.445028056,0
2.5,2.520002473,0
4.5,2.308437654,0
2.5,2.400338896,0
2.5,2.01240948,0
5,2.471525352,0
3,2.025861996,0
3.5,2.16528977,0
2.5,2.495089781,0
2.5,2.422710701,0
3.5,2.197788042,0
2.5,2.407075178,0
3.5,2.240718888,0
4.5,2.474031001,0
3.5,2.035051591,0
3.5,2.417608465,0
3.5,1.993799639,0
3.5,2.403103931,0
3,2.074951725,0
4.5,2.510901502,0
3.5,2.226818058,0
3,2.445413173,0
3.5,2.466475357,0
3.5,2.015029003,0
3,2.564117468,0
2.5,2.457517646,0
4,2.471576762,0
4.5,2.378523547,0
5,2.395474353,0
2.5,2.415139964,0
4,2.46121657,0
2,2.473671135,0
3,1.931784115,0
2.5,2.456489773,0
3,2.110598474,0
3,2.408291247,0
4,2.122952264,0
3.5,2.125982692,0
3,2.015285578,0
3,2.088080551,0
3.5,1.907737756,0
2,2.376574131,0
3.5,2.108768199,0
3.5,2.22359398,0
3.5,2.196459889,0
2,2.547162077,0
3.5,2.221270018,0
2,2.417650199,0
2.5,2.201574941,0
3.5,2.438628712,0
3,2.066252649,0
4,2.448593395,0
3.5,2.188591655,0
3.5,2.403161071,0
4,2.129009077,0
2.5,2.420189991,0
3.5,1.915192547,0
2.5,2.216660019,0
3.5,2.439167975,0
3.5,2.154787206,0
3.5,2.152564073,0
4,2.241763362,0
3.5,2.226250291,0
3.5,2.220167824,0
2,2.315665836,0
2.5,2.216279229,0
2.5,2.195922006,0
3.5,2.144742094,0
2.5,2.417692826,0
2.5,2.51998265,0
3.5,2.167901512,0
2.5,2.505038379,0
2.5,2.553764653,0
2.5,2.394619418,0
2.5,2.2027536,0
2.5,2.427915811,0
3.5,2.252711332,0
2,2.536851027,0
2.5,1.852196135,0
4,1.978590901,0
2.5,2.472697775,0
4.5,2.503293691,0
5,2.193189667,0
3.5,2.155182361,0
2,2.461048909,0
2.5,2.446560517,0
2.5,2.454952053,0
2.5,2.432073732,0
3.5,2.172701549,0
2.5,1.892655153,0
4.5,2.226028792,0
3,2.012839702,0
2.5,2.515464586,0
4,1.993296004,0
3.5,2.415871156,0
2.5,2.414518257,0
2.5,2.395865691,0
3.5,2.025736536,0
5,2.446885482,0
3.5,2.220666243,0
3,2.496901887,0
3.5,2.235677676,0
2,2.42718076,0
3.5,2.544158223,0
2.5,2.384688463,0
2.5,2.413792466,0
3,2.05025547,0
4,1.981390823,0
5,2.161161982,0
4.5,2.195844576,0
3,2.416796904,0
2.5,2.414072427,0
2.5,2.522142523,0
3.5,2.107297895,0
2.5,1.933272655,0
4,2.2131812,0
2.5,2.518731203,0
3.5,1.982413979,0
4,2.16474032,0
3.5,2.487196044,0
2.5,2.526326405,0
3,2.084516557,0
3,2.227718335,0
4.5,2.229158951,0
3.5,2.035141777,0
4.5,2.254265881,0
5,2.384239221,0
2.5,2.398534295,0
3.5,2.373430117,0
2.5,2.188934609,0
4.5,2.227947288,0
2.5,2.462828895,0
3.5,2.230735468,0
2,2.446977514,0
3.5,2.002157719,0
2.5,2.416273553,0
2.5,2.501940678,0
2.5,2.374223007,0
2.5,2.443195255,0
5,2.621681191,0
3,2.167967688,0
4.5,2.584741792,0
2.5,2.440296548,0
3.5,2.169801667,0
3,1.974186114,0
2,2.380660006,0
2.5,2.518195233,0
2.5,2.447878485,0
2.5,2.396496225,0
3.5,2.200364109,0
2.5,2.542321733,0
2.5,2.439775782,0
3.5,2.509115185,0
4.5,2.534012202,0
3,1.977020651,0
2,2.379269517,0
2.5,2.537050633,0
3.5,2.236942246,0
3.5,2.445805428,0
2,2.483708998,0
5,1.8864721,0
3.5,2.038979908,0
3.5,2.101825762,0
3,2.208724909,0
3.5,2.136559094,0
2.5,1.932979295,0
3,2.055230123,0
2.5,1.953972163,0
4.5,2.424832675,0
4.5,2.502195758,0
2.5,2.408269583,0
4.5,2.183226488,0
3.5,2.276224419,0
3.5,2.297048661,0
3.5,2.131709967,0
4.5,2.387155059,0
2.5,2.41445977,0
3.5,2.183074019,0
5,2.494912565,0
4,2.491043897,0
2.5,2.596460629,0
2.5,2.445669679,0
2.5,2.422454115,0
4.5,2.03027111,0
2.5,2.43400425,0
4.5,2.142097857,0
4.5,2.244461773,0
2,2.41235408,0
2.5,2.42475424,0
4,2.172439678,0
5,2.468953078,0
3.5,1.979497829,0
3,2.138895613,0
2,2.542805275,0
3,2.129061129,0
3.5,2.110070101,0
3.5,2.135303708,0
2.5,2.204241035,0
3.5,1.925404956,0
4.5,2.285230161,0
2.5,2.434193112,0
3.5,2.380114965,0
3,2.015615993,0
4,2.477376181,0
2.5,2.421786291,0
5,2.518178716,0
2.5,2.588697641,0
2.5,2.501172036,0
3.5,2.352215991,0
2,2.503346538,0
3.5,2.265391602,0
2,0.476269551,0
4,0.445262772,0
4,0.454397877,0
2.5,0.4741872,0
3.5,2.072547373,0
4.5,0.484256371,0
4,0.453179465,0
4.5,0.496628145,0
3.5,0.432535643,0
2.5,2.508791192,0
3.5,0.475549905,0
3.5,0.447042042,0
2.5,0.454829681,0
2.5,0.478671441,0
4,0.430584687,0
5,0.475229396,0
2.5,0.495257164,0
4,1.878841387,0
3.5,0.450916015,0
4,2.105734227,0
3.5,2.149767198,0
4,2.188035486,0
3.5,0,0
2.5,1.860160389,0
2.5,0.469554935,0
4,0.493144928,0
2,2.415583118,0
3.5,2.129803631,0
3,0.445410335,0
2.5,2.07265147,0
2.5,0.472440159,0
4,0.474328566,0
5,0.479505616,0
3,0,0
2,0.476778056,0
5,0.433767504,0
2.5,0.470596614,0
3.5,0,0
3,2.188862084,0
4,2.088857662,0
3.5,1.985396265,0
3.5,1.966391432,0
2.5,2.510188367,0
4,1.884823752,0
3.5,2.466391537,0
2.5,2.440391134,0
2.5,2.202401467,0
2.5,2.521209211,0
2.5,2.498625178,0
2.5,2.494926259,0
4.5,2.453977014,0
2.5,2.455457675,0
4.5,2.424138244,0
4.5,2.26876451,0
4.5,2.364642234,0
3.5,1.885876673,0
3,1.996895461,0
2.5,1.9769041,0
4.5,2.430895913,0
3.5,2.397416881,0
4,2.233976979,0
3.5,2.199511452,0
3,2.120452131,0
4.5,2.427558625,0
4.5,2.193619559,0
3.5,2.405230006,0
2.5,2.186728221,0
2.5,2.120980679,0
4.5,2.181150966,0
4,2.418744067,0
3,2.419102326,0
3.5,2.133962939,0
4,2.154520644,0
3.5,2.031294903,0
3.5,2.441631647,0
3.5,2.095961066,0
3.5,2.080623667,0
3.5,1.917664202,0
4.5,2.168593882,0
3.5,2.175988528,0
3,2.206962137,0
3,2.034429673,0
4,2.052835314,0
4.5,2.452786563,0
2.5,2.176747847,0
2.5,2.166181668,0
4.5,2.09202566,0
3.5,2.013865111,0
3,2.203833248,0
4,2.223568899,0
4.5,2.51045931,0
4,2.129905491,0
2,2.518782497,0
3,2.16888342,0
4,2.167128683,0
2.5,2.41214113,0
2,2.469030518,0
2.5,2.391670118,0
2.5,2.181512728,0
3,2.053433211,0
2,2.179975175,0
5,2.524443346,0
3.5,2.085938303,0
2,2.21176158,0
3,2.009428598,0
3,2.020065498,0
4.5,2.386985546,0
3.5,2.398421632,0
4,2.210580135,0
3,2.114675107,0
2,2.475702774,0
2.5,2.521723457,0
3.5,2.004914898,0
3.5,2.236250356,0
3,2.134044523,0
3.5,2.444210468,0
2.5,2.436437465,0
3.5,2.170485685,0
2,2.47418301,0
3.5,1.918823633,0
3.5,2.100832235,0
2.5,2.414783931,0
3,1.982897161,0
3,2.245629942,0
4,2.225895214,0
4,2.45934082,0
2.5,2.506447238,0
2.5,2.45002299,0
2.5,2.451753577,0
4,2.155981099,0
3.5,2.146088455,0
2.5,2.437140018,0
3.5,2.123399011,0
2.5,2.422830533,0
3.5,2.404902039,0
5,2.440977056,0
3.5,2.287230034,0
5,2.44199945,0
3,1.998051591,0
2.5,1.938346568,0
2,2.504686981,0
4.5,2.590027369,0
2.5,2.499854115,0
3.5,2.349949996,0
3.5,2.160003468,0
4.5,2.303619598,0
2,2.470755228,0
5,2.524271202,0
3.5,2.030570495,0
3.5,2.222065994,0
2.5,2.523964096,0
3.5,2.195714943,0
4,2.515065704,0
2.5,2.451053461,0
3.5,2.451482308,0
2.5,2.388052304,0
3.5,2.37314944,0
4.5,2.271506542,0
2.5,2.470874182,0
2.5,2.546783627,0
2,2.217869202,0
3.5,2.551691377,0
3.5,2.193433282,0
2,2.52813789,0
3,1.975148294,0
4,2.295257485,0
4,2.358466919,0
2.5,1.935000041,0
3.5,2.183075733,0
3.5,2.189938412,0
5,2.435536515,0
2.5,2.443594969,0
4.5,2.231080093,0
3.5,2.10729674,0
2,2.275308671,0
3,2.235091456,0
4,2.351097466,0
2,2.211274869,0
3.5,2.154866697,0
2,2.53692575,0
3.5,2.518037218,0
4.5,2.262224505,0
4,2.397887234,0
5,2.379401291,0
4,2.379360112,0
3.5,1.898977187,0
3.5,2.183073655,0
4.5,2.510162617,0
3.5,2.425407505,0
2.5,2.507092921,0
5,2.423806755,0
4,2.424014216,0
3.5,2.156580965,0
3,2.156917154,0
4.5,2.421823397,0
3.5,2.220080446,0
4.5,2.276774993,0
2.5,2.432483289,0
2.5,2.515265391,0
2.5,1.96712526,0
2.5,2.377503485,0
2.5,2.436728221,0
2.5,2.497356456,0
2.5,2.164035713,0
4.5,2.113621498,0
4.5,2.17430616,0
4.5,2.379297422,0
4.5,2.480447681,0
3.5,2.251561951,0
4.5,2.342325662,0
2.5,2.472316907,0
4,2.170417723,0
3,2.051988509,0
2,2.398500113,0
4,2.180913158,0
3,2.065881809,0
2.5,2.526372448,0
5,2.3874593,0
3.5,2.56590731,0
4,2.211996915,0
4,2.15801081,0
2.5,2.38230711,0
3.5,2.086028275,0
3,2.234587979,0
3,2.011437081,0
2.5,2.37549347,0
3.5,1.959115489,0
3.5,2.395698376,0
2.5,2.523079094,0
3,2.133170017,0
4.5,2.500056666,0
4.5,2.111644095,0
3.5,2.173495797,0
2.5,2.137112423,0
3.5,2.147163956,0
4,2.406182838,0
2.5,2.521815923,0
3,1.981754881,0
4.5,2.200355453,0
3,2.121263399,0
3,1.952003284,0
4.5,2.423818028,0
4.5,2.146077446,0
5,2.459608053,0
2.5,2.551017256,0
2.5,2.203433907,0
4.5,2.128498149,0
3.5,1.941837516,0
4,2.428370399,0
3.5,2.446082293,0
2.5,2.580915062,0
2.5,2.499650541,0
3.5,2.227111256,0
4,2.493724116,0
3,1.988116149,0
4.5,2.583245992,0
4,2.409573739,0
2.5,2.389625128,0
2.5,2.387921251,0
2.5,2.263882352,0
3.5,2.007562157,0
4.5,2.419266661,0
4.5,2.184665884,0
2.5,2.414217944,0
3.5,2.110685306,0
3,2.104762413,0
4.5,2.398454772,0
2.5,2.502818454,0
2.5,2.161750485,0
3.5,1.930484057,0
3.5,2.25162705,0
2.5,2.556440345,0
3,2.187411227,0
2,2.52327712,0
2.5,2.440767308,0
3,1.999178975,0
4,2.384964683,0
3,2.077513786,0
4,1.984529762,0
2.5,2.167377946,0
2.5,2.447127687,0
4.5,1.963171873,0
2.5,2.401063343,0
2.5,2.396183107,0
4.5,2.436405515,0
3,1.989486877,0
5,2.531508096,0
3.5,2.116902697,0
3.5,2.120561068,0
2.5,1.870677732,0
3.5,2.187762952,0
3,2.079507708,0
3,2.089126253,0
3,1.89876209,0
3.5,1.904080113,0
2.5,2.496171255,0
3,2.113240438,0
3,2.224920453,0
4.5,2.419381246,0
3.5,2.428391933,0
4.5,2.342350998,0
3.5,2.16416389,0
2,2.516613175,0
3.5,2.239666506,0
4.5,2.29814476,0
2.5,2.534798556,0
3,2.080914405,0
2,2.378521781,0
3,2.091888812,0
2,2.523094267,0
3,2.105981033,0
3,2.103694326,0
2.5,2.50543894,0
2.5,2.535708112,0
2.5,2.447755496,0
3.5,2.394234863,0
2,2.576529569,0
2,2.424228396,0
3.5,1.981487129,0
4.5,2.24932387,0
3.5,2.120405706,0
4.5,2.540702506,0
5,2.606170757,0
2.5,2.40740014,0
3.5,2.218621446,0
3.5,2.462056939,0
3,2.070229461,0
3,1.980933287,0
2.5,2.433498637,0
2.5,2.460863122,0
2.5,2.262039742,0
3.5,2.203104414,0
2.5,1.920310185,0
3.5,2.001800375,0
4,2.399872779,0
4,1.991342586,0
4,2.123459906,0
4.5,1.982430856,0
4.5,2.392687111,0
4,2.179146869,0
3.5,2.15798312,0
3,2.145778385,0
4,2.275887353,0
2.5,2.424741321,0
3.5,1.983365336,0
2.5,2.526553096,0
3.5,2.200125992,0
5,2.585671774,0
3,2.184635732,0
3,1.914003751,0
2.5,2.380936961,0
2,2.2091866,0
3.5,2.479714641,0
2.5,2.57310625,0
2.5,2.494749969,0
3,2.108539704,0
3,2.509064715,0
2.5,2.464082074,0
4.5,2.504411158,0
2.5,2.501176945,0
4.5,2.031592503,0
2.5,2.47071785,0
3.5,2.158470764,0
2.5,2.170535261,0
3.5,2.005066684,0
3.5,1.97784246,0
2.5,1.87030012,0
3,1.96078823,0
4.5,2.376494575,0
4.5,2.163149669,0
2.5,2.481133801,0
4,2.319458579,0
4.5,2.417089092,0
3,2.037636279,0
3.5,2.216484196,0
2,2.503355818,0
3.5,2.401455946,0
4,2.46573742,0
3.5,2.14910868,0
3.5,2.393466933,0
5,2.373887963,0
3.5,2.172348142,0
4,2.550663532,0
3.5,2.173214792,0
3,2.110547592,0
4,2.172608553,0
3.5,2.17458041,0
3.5,2.29873059,0
3.5,2.181163449,0
4,2.067963931,0
4,2.181371952,0
2.5,2.477506077,0
3.5,2.086080019,0
3.5,1.904740411,0
2.5,2.502389458,0
4.5,2.364426457,0
3.5,2.388154632,0
4.5,1.950499843,0
4,2.475564168,0
2.5,1.982779221,0
3.5,2.154101121,0
2,2.522768886,0
3.5,2.479039484,0
3.5,1.976053097,0
4.5,2.539817241,0
3.5,2.203019275,0
4.5,2.218064866,0
2.5,2.439844455,0
4.5,2.540043583,0
3.5,2.307373769,0
2.5,2.561878731,0
3,2.197043918,0
4,2.253505404,0
2.5,2.44703519,0
3,2.155904499,0
4,1.987308787,0
4.5,2.336910332,0
3.5,2.173164464,0
2.5,2.378973118,0
3.5,2.182720326,0
4,2.542646411,0
4.5,2.470246631,0
4,2.21149335,0
2.5,2.608352914,0
3.5,2.422855934,0
2,2.131801281,0
2.5,2.481345666,0
2,2.439262409,0
3.5,2.238426551,0
3,0,0
3,0.453647723,0
4.5,2.157947058,0
2.5,0.479763484,0
3.5,2.112523308,0
3.5,0.442725786,0
2.5,0.459573787,0
2.5,0.477317695,0
2.5,2.332789155,0
4.5,0.486258518,0
3.5,0.463097333,0
2,2.409132946,0
3.5,0.445310617,0
3.5,2.006383821,0
3,0.453471337,0
2.5,2.477409186,0
4.5,0.430592843,0
4.5,2.468699929,0
4,0.438444947,0
4.5,2.302077349,0
3.5,0.438444947,0
4,2.117992592,0
4,2.369085088,0
2,0.473162536,0
2.5,2.419447747,0
3.5,0.461120988,0
2.5,0.462324192,0
2.5,0.461385627,0
4.5,0,0
2.5,1.846759874,0
5,0.483267325,0
2.5,2.388015192,0
3.5,0.497068241,0
3.5,2.129803631,0
2,2.030579962,0
2.5,2.249429641,0
4,2.428356323,0
2.5,2.275571808,0
2.5,2.506729828,0
3.5,2.048845186,0
2,2.520285133,0
4.5,2.469138718,0
3.5,1.886951994,0
3.5,1.944188153,0
3,2.443237245,0
3.5,2.432993308,0
2.5,2.197734882,0
4,2.103878052,0
2.5,2.52276025,0
3.5,2.48968669,0
4,2.309068447,0
3,2.543775167,0
2,2.451941786,0
4.5,2.172835879,0
2.5,2.181672798,0
3,2.577339713,0
2,2.531597409,0
2.5,2.217650438,0
2,2.38650127,0
2.5,2.089740433,0
3.5,2.417926984,0
5,2.36064415,0
2.5,2.548022665,0
3,2.107100886,0
3.5,2.219902188,0
3,2.12895837,0
2.5,2.214521988,0
3.5,2.428793094,0
2,2.499501747,0
3.5,2.193654086,0
3,2.445950474,0
3.5,2.498726247,0
2.5,2.530813969,0
4,2.185609069,0
2.5,2.014411338,0
3.5,2.557780735,0
2,2.450198722,0
4,2.039878202,0
3.5,2.166608711,0
2,2.06735432,0
3.5,2.437989359,0
3.5,2.200732338,0
2.5,2.0871383,0
2.5,1.97095203,0
4.5,2.01434203,0
4.5,2.266042625,0
3.5,2.520846546,0
3.5,1.973638429,0
4,2.525910031,0
3.5,2.096423048,0
3.5,2.551957847,0
2.5,2.178140362,0
4,2.080980884,0
2.5,2.415072398,0
4,1.867448352,0
4.5,2.447836426,0
3.5,1.865777863,0
2,2.4015306,0
3.5,2.443479307,0
3.5,2.514832268,0
3,2.107977125,0
4.5,2.296940475,0
4.5,2.50582034,0
2.5,2.199924433,0
4.5,2.420025773,0
4,2.446644444,0
2.5,2.425836482,0
3,2.432062064,0
2,2.389390393,0
4,2.407855409,0
4.5,2.381555598,0
2.5,2.414924446,0
2.5,2.399438512,0
3,2.158740783,0
3,1.938237509,0
5,2.233190719,0
4.5,2.486076476,0
2.5,2.436528663,0
3,2.445825474,0
3.5,2.363801721,0
3,2.402124464,0
3,2.020855257,0
5,2.495977734,0
2.5,2.443855048,0
5,2.576292022,0
2.5,2.644912538,0
2.5,2.425806644,0
3.5,2.067612699,0
4.5,1.973896527,0
2.5,2.167645415,0
2.5,2.04793291,0
3,2.455235406,0
3.5,2.024983293,0
3,2.118483168,0
3.5,2.216830395,0
3.5,2.433932443,0
3.5,2.413711759,0
3,2.49511223,0
3.5,2.225861786,0
4,2.410956674,0
5,2.494925958,0
2.5,1.905742322,0
4.5,2.229963907,0
2.5,2.532822877,0
2.5,2.519739669,0
3.5,2.170862599,0
3.5,2.212603693,0
3,2.113405484,0
3.5,2.370991545,0
3.5,2.429413003,0
3.5,2.402131453,0
3.5,2.307034543,0
3.5,2.076476158,0
4,2.046204673,0
5,2.487102459,0
2.5,2.415790539,0
