RMC,CCC,Complexity
25,2.733126312,1
25,2.733517438,1
10,2.731461305,1
7.5,2.822420115,1
22,2.742955105,1
4.5,2.822656968,1
25.5,2.73380994,1
12.5,2.731775802,1
10,2.822551976,1
28,2.733517438,1
4.5,2.820930828,1
3.5,2.821035819,1
31.5,2.74309444,1
27.5,2.733235792,1
19.5,2.823878054,1
4,2.821221172,1
19,2.733828939,1
16,2.731543905,1
31,2.742955105,1
19.5,2.731775802,1
31.5,2.741979788,1
13,2.731647901,1
25.5,2.733517438,1
13.5,2.731907156,1
13,2.822420115,1
10,2.822710459,1
16,2.733407958,1
31,2.743756255,1
7.5,2.822605467,1
7,2.822656968,1
13,2.73350053,1
7,2.82281545,1
16,2.732134097,1
27.5,2.741957406,1
7.5,2.822656968,1
25,2.743129271,1
28,2.733517438,1
25,2.742743619,1
28,2.742955105,1
7.5,2.822210132,1
4.5,2.822393494,1
6.5,2.822446985,1
10,2.822656968,1
16.5,2.73350053,1
16,2.731494156,1
4,2.821035819,1
28,2.741519507,1
10,2.73311637,1
6.5,2.822656968,1
22.5,2.733517438,1
15.5,2.822709215,1
7.5,2.822498486,1
4.5,2.82281545,1
3.5,2.822551976,1
21.5,2.733709518,1
10,2.732296321,1
4.5,2.821035819,1
4,2.821035819,1
27.5,2.733517438,1
4,2.821035819,1
4,2.820825836,1
4,2.82111419,1
4,2.821035819,1
4.5,2.822446985,1
22,2.733616946,1
4.5,2.822420115,1
22,2.743019791,1
25.5,2.742845625,1
19.5,2.733328334,1
30.5,2.74309444,1
16,2.732639659,1
4.5,2.822420115,1
22.5,2.733126312,1
6.5,2.822498486,1
2.833333333,2.884907766,1
1.333333333,4.863815767,1
2.666666667,5.57607892,1
4.333333333,5.777114236,1
4.333333333,4.807857124,1
3.833333333,5.671035029,1
3.333333333,5.779232617,1
3.833333333,5.622321872,1
4.333333333,4.951626445,1
3.333333333,5.561727509,1
4.833333333,5.897020132,1
4.333333333,5.812485453,1
3.833333333,5.81588171,1
2.833333333,5.472577723,1
3.333333333,5.56174588,1
1.333333333,4.885826709,1
1.833333333,5.068462862,1
1.833333333,4.912427195,1
2.833333333,5.346188774,1
3.333333333,5.360049602,1
2.833333333,5.283796319,1
4.333333333,5.956820156,1
5.333333333,6.008610664,1
4.833333333,5.966934263,1
4.333333333,5.877888284,1
1.333333333,4.813941141,1
3.333333333,5.368807283,1
3.333333333,4.005532591,1
1.833333333,5.02381981,1
2.833333333,5.692186276,1
2.833333333,5.62301612,1
5.333333333,5.702735703,1
1.833333333,5.211289213,1
4.833333333,5.767371825,1
3.333333333,5.197722811,1
1.833333333,4.912961553,1
2.333333333,4.923753956,1
2.833333333,5.181457355,1
2.333333333,5.273058315,1
1.833333333,2.969900399,1
3.333333333,5.477607669,1
2.333333333,5.623779744,1
3.333333333,5.370721553,1
2.333333333,5.209935436,1
3.833333333,5.634855322,1
3.333333333,5.584428856,1
1.833333333,4.872138321,1
3.333333333,5.683922691,1
4.833333333,5.96276413,1
4.333333333,5.906271741,1
2.833333333,5.574748914,1
3.833333333,5.87049231,1
2.333333333,5.129671789,1
1.333333333,5.113540081,1
4.333333333,5.891350928,1
3.333333333,5.687928156,1
1.833333333,5.104369501,1
2.833333333,5.328887623,1
4.833333333,5.872829808,1
4.333333333,5.730670684,1
1.333333333,5.106914917,1
1.333333333,5.047938485,1
3.333333333,5.426202588,1
2.333333333,4.908308785,1
2.333333333,5.232153601,1
4.333333333,5.763260429,1
2.333333333,4.710071975,1
1.333333333,4.857553528,1
1.833333333,5.561278663,1
4.333333333,5.762455534,1
1.333333333,5.047890552,1
3.833333333,5.569194024,1
2.833333333,5.76389066,1
3.333333333,5.06293075,1
3.333333333,5.791098199,1
3.333333333,5.754305302,1
3.833333333,5.066413972,1
1.333333333,5.116484156,1
1.833333333,5.477733993,1
3.833333333,5.637838591,1
4.833333333,5.388851221,1
4.833333333,5.75824158,1
3.833333333,5.605944206,1
4.333333333,5.709234985,1
1.833333333,4.978038668,1
2.333333333,5.132887896,1
1.833333333,4.899462741,1
2.333333333,5.072803753,1
3.833333333,5.619027487,1
4.833333333,5.726688586,1
3.333333333,5.708978751,1
3.333333333,4.738122846,1
4.333333333,5.870853625,1
2.833333333,5.545105912,1
4.333333333,5.530099431,1
2.833333333,5.601715602,1
1.833333333,2.741067793,1
2.333333333,5.322239999,1
1.333333333,5.11681969,1
3.333333333,4.671069053,1
2.833333333,5.463208618,1
1.333333333,4.162211706,1
3.333333333,5.626221874,1
1.833333333,4.984071061,1
4.833333333,5.813874599,1
2.833333333,5.051237075,1
3.333333333,5.750723024,1
2.833333333,5.676191621,1
3.833333333,5.424740999,1
4.333333333,5.953402537,1
2.333333333,5.575479855,1
2.333333333,5.121395152,1
3.833333333,5.293705474,1
2.833333333,3.380347291,1
2.333333333,5.529758754,1
3.833333333,5.553628553,1
1.333333333,4.171130834,1
3.833333333,5.781590092,1
4.333333333,5.529984146,1
5.333333333,5.777514685,1
3.833333333,5.029575059,1
4.833333333,5.630255002,1
3.833333333,5.629380509,1
2.833333333,5.583261143,1
3.833333333,5.69463497,1
4.333333333,5.72098504,1
2.333333333,5.229272058,1
4.333333333,5.645384167,1
3.833333333,4.97049391,1
4.833333333,5.75585954,1
3.333333333,4.849385983,1
2.833333333,4.938006186,1
2.333333333,5.381879385,1
2.333333333,5.589719162,1
1.666666667,2.682142409,1
2.833333333,5.085667963,1
2.833333333,4.829967227,1
3.333333333,5.614290996,1
3.333333333,5.336651094,1
3.833333333,5.651004597,1
2.333333333,4.717912378,1
3.833333333,5.849416498,1
3.833333333,5.684839421,1
3.833333333,5.460614679,1
3.833333333,5.909974337,1
3.333333333,5.275967432,1
4.333333333,5.669710385,1
3.333333333,5.273936431,1
2.833333333,5.473852955,1
4.333333333,5.681835102,1
1.833333333,4.984025644,1
3.833333333,5.862230803,1
1.833333333,5.477733993,1
3.333333333,5.669901486,1
2.833333333,5.477506558,1
1.833333333,4.940194156,1
1.333333333,4.071075851,1
2.333333333,5.454388317,1
2.333333333,5.192002904,1
4.833333333,5.916572715,1
2.833333333,5.508216906,1
4.333333333,5.910790287,1
3.833333333,5.861149513,1
2.333333333,2.903250258,1
3.833333333,5.587763471,1
1.833333333,5.234196516,1
2.333333333,5.122922325,1
1.833333333,4.813884159,1
2.833333333,5.179004417,1
2.333333333,4.910273493,1
3.333333333,5.421587056,1
1.333333333,4.123843047,1
2.833333333,5.921545863,1
2.833333333,5.541162122,1
3.833333333,5.291069245,1
3.833333333,5.618607269,1
2.833333333,5.328884042,1
3.833333333,5.679430035,1
2.833333333,5.710346735,1
1.833333333,5.031151651,1
2.333333333,5.073122853,1
1.333333333,5.116490168,1
1.333333333,5.116490168,1
1.833333333,5.384411271,1
2.833333333,5.424468577,1
2.833333333,5.583351479,1
2.333333333,5.246300249,1
2.833333333,5.531874947,1
5.333333333,5.778820344,1
1.833333333,4.995060469,1
1.333333333,5.116490168,1
4.333333333,5.64028184,1
3.833333333,5.333724538,1
2.833333333,4.824483931,1
1.833333333,4.912976166,1
4.333333333,5.779584205,1
1.833333333,5.10290202,1
2.833333333,5.695453689,1
3.833333333,5.61432014,1
2.333333333,2.89498126,1
1.333333333,5.116490168,1
4.833333333,5.725687137,1
1.833333333,5.161241091,1
3.833333333,5.872492221,1
1.333333333,4.916606023,1
1.333333333,4.147639421,1
2.333333333,5.160338404,1
4.833333333,5.685136994,1
2.833333333,5.3392635,1
3.833333333,5.71866414,1
3.333333333,5.583532123,1
1.833333333,4.912795387,1
4.833333333,5.811028389,1
2.333333333,5.384530718,1
2.333333333,5.253763739,1
1.833333333,5.017321395,1
3.833333333,5.812222836,1
2.833333333,5.361650458,1
4.333333333,5.954077816,1
2.833333333,5.565701764,1
2.833333333,5.703278657,1
4.333333333,5.628959983,1
3.333333333,5.139088006,1
3.333333333,5.855592495,1
3.833333333,5.196253442,1
1.833333333,5.103242662,1
4.333333333,5.892489092,1
1.833333333,5.383929818,1
3.333333333,5.682105377,1
4.333333333,5.77939562,1
1.833333333,5.147191512,1
3.833333333,5.728234771,1
2.833333333,5.044968555,1
3.333333333,5.597489646,1
4.333333333,5.85182412,1
4.833333333,5.866686987,1
2.333333333,2.867540377,1
2.333333333,5.233966936,1
2.833333333,5.044965518,1
3.333333333,5.644881739,1
5.333333333,6.070810828,1
4.333333333,5.897017415,1
2.333333333,5.486061752,1
3.833333333,5.162354798,1
4.833333333,5.857375068,1
2.833333333,5.593418519,1
1.833333333,2.741056013,1
2.833333333,5.740348207,1
2.833333333,4.992623236,1
1.333333333,5.039371079,1
4.333333333,5.614829929,1
1.833333333,5.068074886,1
2.833333333,5.303252218,1
1.833333333,4.899617617,1
1.833333333,5.020088291,1
3.333333333,5.783403907,1
1.833333333,5.033326843,1
1.333333333,5.112930008,1
3.833333333,5.853850174,1
1.333333333,4.07687793,1
3.833333333,6.111391036,1
1.833333333,5.232782424,1
3.333333333,5.785974479,1
3.333333333,5.124287373,1
4.333333333,5.583219886,1
2.333333333,5.689417479,1
4.833333333,6.010514646,1
2.333333333,5.580513378,1
3.833333333,5.586669361,1
2.333333333,4.641925883,1
4.333333333,5.70303255,1
4.333333333,5.366463774,1
3.833333333,5.558845647,1
2.333333333,5.195133752,1
4.833333333,5.962766767,1
3.833333333,5.273985902,1
4.333333333,5.871803635,1
3.833333333,5.598903711,1
4.833333333,5.625328917,1
3.333333333,5.391786388,1
2.333333333,2.74240169,1
2.666666667,5.891914954,1
3.333333333,5.552852803,1
2.333333333,5.522711793,1
1.833333333,2.74108399,1
3.333333333,5.879672969,1
1.833333333,2.7410781,1
3.333333333,5.412588542,1
4.333333333,5.956023851,1
4.333333333,5.952132844,1
3.833333333,5.742086579,1
4.333333333,5.737514928,1
4.333333333,5.738770733,1
1.333333333,4.462996019,1
3.333333333,3.860180908,1
2.833333333,5.502167415,1
4.333333333,5.875348063,1
1.833333333,5.380422638,1
3.333333333,5.747152219,1
1.833333333,4.911682075,1
4.333333333,5.813545736,1
3.333333333,5.815406506,1
2.833333333,4.630585695,1
3.833333333,5.836994396,1
2.833333333,5.621619542,1
1.833333333,4.978423882,1
4.333333333,6.01321393,1
1.333333333,4.463157379,1
4.333333333,4.215060886,1
2.333333333,5.129932061,1
4.333333333,5.974891636,1
4.333333333,5.58999332,1
3.833333333,5.277973819,1
3.333333333,5.757155315,1
4.333333333,5.638133984,1
3.833333333,5.593746962,1
4.333333333,6.025532125,1
3.833333333,5.87049453,1
1.333333333,4.110743489,1
4.333333333,4.337730037,1
3.333333333,5.650382458,1
2.833333333,5.328884042,1
2.333333333,2.742404512,1
1.833333333,5.014570762,1
3.833333333,5.70040358,1
1.833333333,2.74108399,1
2.833333333,5.72849947,1
3.333333333,5.50896746,1
3.833333333,5.62942625,1
1.833333333,5.211604702,1
5.333333333,5.961609044,1
4.333333333,5.738119739,1
2.833333333,5.621077127,1
2.833333333,5.185276128,1
3.666666667,5.542649299,1
2.333333333,5.286216209,1
1.833333333,2.741056013,1
2.333333333,5.445575556,1
3.333333333,5.320395338,1
1.333333333,4.472058192,1
2.333333333,5.312561683,1
3.333333333,5.726744964,1
3.333333333,5.805414737,1
2.333333333,5.494271908,1
4.333333333,5.389848279,1
4.333333333,5.814539574,1
2.333333333,5.07875523,1
1.833333333,5.486851712,1
4.333333333,5.851653073,1
3.333333333,5.728274696,1
1.333333333,4.891028364,1
4.333333333,5.93132705,1
1.333333333,5.116442235,1
3.833333333,5.564337797,1
3.833333333,5.621566729,1
4.333333333,5.674194421,1
3.333333333,3.931647283,1
2.833333333,5.560575795,1
3.333333333,5.680594846,1
3.833333333,5.718775039,1
4.333333333,5.894208734,1
1.333333333,4.171431263,1
3.333333333,5.777237502,1
4.333333333,5.789564404,1
3.833333333,5.862233587,1
3.833333333,5.569770654,1
3.833333333,5.826907518,1
3.833333333,5.597942271,1
2.833333333,5.603176177,1
4.333333333,5.816501317,1
2.833333333,5.7719676,1
3.833333333,5.683955189,1
2.833333333,2.917137156,1
3.333333333,4.655053771,1
2.333333333,5.286128531,1
4.833333333,5.862232473,1
4.333333333,5.832737594,1
1.333333333,4.162265665,1
2.333333333,5.377042457,1
2.833333333,4.996174869,1
3.333333333,5.598335058,1
1.833333333,5.384769654,1
3.833333333,5.704630966,1
4.333333333,5.835006648,1
3.333333333,5.917349061,1
2.833333333,5.709316361,1
2.333333333,5.41179988,1
3.833333333,5.722810076,1
1.333333333,4.068599343,1
3.333333333,3.905111912,1
3.333333333,5.033473538,1
2.333333333,5.566579203,1
2.333333333,2.867496638,1
2.833333333,5.796752608,1
1.333333333,4.4631916,1
3.833333333,5.092907468,1
3.833333333,5.861023659,1
4.333333333,5.590152575,1
2.833333333,5.643610766,1
3.833333333,5.77874699,1
3.833333333,5.774596241,1
5.333333333,5.650951559,1
4.833333333,5.924962801,1
1.333333333,4.462923893,1
3.833333333,4.271933036,1
4.333333333,5.739461961,1
1.833333333,5.057109745,1
3.333333333,5.46626096,1
3.333333333,4.655045079,1
3.833333333,5.574422671,1
2.333333333,5.240801408,1
4.333333333,5.364564926,1
3.333333333,5.550828166,1
1.333333333,4.162654362,1
2.333333333,3.817501975,1
3.333333333,5.142170605,1
4.333333333,5.873840084,1
1.833333333,5.058570878,1
2.333333333,4.609488952,1
3.833333333,5.776708358,1
1.833333333,4.871350381,1
3.833333333,5.587180674,1
3.333333333,5.735309885,1
3.833333333,5.818259715,1
2.333333333,5.328322021,1
4.833333333,6.010510977,1
2.833333333,4.677914541,1
4.833333333,5.685618056,1
4.333333333,5.691356352,1
3.166666667,5.833868538,1
3.833333333,5.664705987,1
2.833333333,5.659224568,1
2.833333333,4.982786805,1
4.333333333,5.738770733,1
1.833333333,5.067612543,1
1.833333333,5.233793841,1
2.333333333,5.325230771,1
3.333333333,4.823763094,1
1.333333333,4.067386717,1
2.333333333,3.758046386,1
2.333333333,2.894972843,1
1.333333333,4.470288461,1
3.833333333,3.936647214,1
3.833333333,5.625560577,1
1.833333333,5.383382727,1
2.333333333,4.851299056,1
2.833333333,5.09992714,1
3.833333333,5.920542502,1
3.833333333,5.199230072,1
3.833333333,5.54276011,1
4.333333333,5.7052744,1
3.833333333,5.851653073,1
3.333333333,5.810484248,1
2.833333333,4.686612477,1
3.833333333,5.54308976,1
2.333333333,5.594305754,1
4.833333333,5.954391949,1
3.833333333,5.530350094,1
2.333333333,5.122637428,1
4.833333333,5.641724616,1
1.333333333,4.809507094,1
3.833333333,5.638276482,1
2.833333333,5.670736267,1
2.333333333,5.106978602,1
4.833333333,5.89238213,1
3.333333333,5.585897817,1
3.833333333,5.737518355,1
2.833333333,4.806535748,1
3.333333333,5.378147393,1
3.833333333,5.271233603,1
2.333333333,4.711699833,1
1.333333333,5.116490168,1
1.333333333,4.891272273,1
4.833333333,5.64044534,1
3.333333333,5.454117518,1
2.333333333,5.595777626,1
3.833333333,5.860257264,1
3.833333333,5.839756548,1
3.833333333,5.520582182,1
3.333333333,3.725194051,1
1.833333333,4.893805728,1
3.833333333,5.889683935,1
3.333333333,5.103960023,1
3.833333333,5.647103883,1
2.333333333,4.996819782,1
3.333333333,5.757064334,1
3.833333333,5.948004032,1
2.833333333,5.66199851,1
2.833333333,5.36193032,1
2.833333333,2.913742936,1
3.833333333,5.521019305,1
3.833333333,5.516568064,1
1.833333333,4.915545869,1
3.833333333,5.587748483,1
3.833333333,5.648110736,1
2.833333333,2.884902353,1
1.833333333,5.003433378,1
3.333333333,5.556725488,1
1.833333333,4.995007867,1
1.333333333,5.047933976,1
2.833333333,2.884891527,1
3.833333333,5.392905653,1
4.833333333,6.010514122,1
3.333333333,5.764767301,1
2.833333333,4.686731528,1
3.333333333,5.724305383,1
3.333333333,5.421963149,1
3.333333333,5.582813393,1
1.333333333,5.113540081,1
2.833333333,5.658787084,1
3.333333333,5.690154445,1
3.833333333,5.587258785,1
4.333333333,5.899809292,1
4.333333333,5.743322064,1
2.333333333,2.742381937,1
4.833333333,5.854006102,1
1.833333333,5.540880268,1
3.333333333,5.711635424,1
2.333333333,4.882346561,1
2.333333333,5.489863079,1
4.333333333,5.907728231,1
3.333333333,5.042898724,1
3.333333333,5.773129278,1
4.333333333,5.799305437,1
1.833333333,5.392126441,1
3.833333333,2.877928087,1
3.833333333,5.764906475,1
5,6.010520412,1
3.833333333,5.375055335,1
1.333333333,5.106866984,1
1.833333333,4.940290178,1
2.333333333,3.626257759,1
4.333333333,5.947702469,1
2.833333333,5.352459265,1
3.333333333,5.58040872,1
3.833333333,5.831308574,1
3.333333333,5.5921964,1
3.333333333,5.514134846,1
1.333333333,5.106866984,1
3.333333333,5.664815363,1
2.333333333,5.076215403,1
3.333333333,5.317641419,1
4.333333333,5.654467319,1
2.333333333,5.035757871,1
3.833333333,5.396742446,1
3.333333333,3.981299038,1
1.833333333,5.397043234,1
2.833333333,5.724308391,1
2.333333333,4.966010296,1
4.333333333,5.735433076,1
2.833333333,4.062348883,1
3.333333333,5.232444196,1
1.333333333,5.047890552,1
3.333333333,5.710581019,1
2.333333333,5.253289678,1
4.333333333,5.914628959,1
4.333333333,5.92359912,1
2.833333333,5.06699166,1
3.833333333,5.49572138,1
4.833333333,5.44606089,1
3.833333333,5.422730448,1
3.833333333,5.840704705,1
3.833333333,5.632166234,1
4.333333333,5.724913758,1
4.833333333,5.908121496,1
2.333333333,2.894993886,1
4.333333333,5.709367442,1
2.833333333,5.184457862,1
1.333333333,5.047890552,1
3.333333333,5.471257991,1
3.333333333,5.629422689,1
4.333333333,5.897699861,1
2.833333333,5.661462456,1
3.833333333,5.718671589,1
2.333333333,2.867526268,1
4.333333333,5.917517099,1
2.333333333,2.867502282,1
3.833333333,5.387828213,1
3.833333333,5.606370543,1
2.333333333,5.007903958,1
3.833333333,5.594584776,1
3.333333333,5.743422883,1
3.833333333,5.672924222,1
3.333333333,5.633577384,1
3.333333333,4.013785826,1
2.833333333,5.589788024,1
3.333333333,5.555181235,1
3.333333333,5.475118941,1
4.333333333,5.66987523,1
2.833333333,5.044972808,1
1.333333333,4.858094343,1
1.833333333,5.036944316,1
3.833333333,5.801033827,1
2.833333333,5.566600362,1
2.333333333,5.041227453,1
3.833333333,5.662644896,1
5,6.021893077,1
1.333333333,4.851581605,1
3.333333333,5.547916528,1
29,3.624517198,1
26.5,3.623153579,1
32,3.624293058,1
20,3.608119014,1
23,3.623271073,1
11,3.602503145,1
32,3.623918868,1
10.5,3.601797736,1
10.5,3.615470946,1
20.5,3.623348203,1
34.5,3.615598641,1
20,3.615470753,1
14,3.623858458,1
28.5,3.623323944,1
31.5,3.623726555,1
29,3.624497379,1
16.5,3.623804157,1
16.5,3.633147826,1
13.5,3.62353107,1
14.5,3.613564683,1
17,3.615735569,1
19.5,3.624178594,1
17,3.606337889,1
17.5,3.605302127,1
26.5,3.62430188,1
19.5,3.623535238,1
20,3.623443128,1
14,3.602874274,1
20,3.608209607,1
7.5,3.604938361,1
13.5,3.601538604,1
8,3.60844202,1
17,3.624593512,1
14,3.624917772,1
29,3.62363667,1
14.5,3.625206184,1
11,3.624606127,1
8,3.624378496,1
17,3.624413253,1
19.5,3.623186685,1
41,3.624961658,1
22.5,3.611317882,1
26.5,3.624106689,1
8,3.623661223,1
22.5,3.623987876,1
17,3.62400218,1
14.5,3.633411099,1
32,3.62349499,1
13.5,3.623561892,1
23,3.623973397,1
32,3.625347511,1
11,3.601629156,1
8,3.624566246,1
25.5,3.623382827,1
14,3.623473327,1
20,3.623453996,1
14,3.615136414,1
11.5,3.623344809,1
23,3.614943971,1
11.5,3.622932228,1
32,3.623737103,1
23,3.624625103,1
11,3.623351504,1
20,3.623251183,1
29,3.623481827,1
32.5,3.62470764,1
11.5,3.630452352,1
23,3.624542173,1
10.5,3.62346681,1
17,3.588249578,1
29,3.624098212,1
20,3.623374022,1
32,3.623453006,1
22.5,3.624303204,1
4.5,3.602034372,1
23,3.63252423,1
28.5,3.624191766,1
11.5,3.613773774,1
20,3.624291415,1
5,3.603695807,1
26,3.624071931,1
26,3.624507393,1
29,3.624205658,1
23.5,3.624550802,1
14,3.623931849,1
29,3.623666808,1
17,3.623050911,1
26.5,3.633972073,1
17,3.624189278,1
32,3.623733598,1
29,3.625390011,1
32.5,3.623569691,1
14,3.623580988,1
28.5,3.631640245,1
29.5,3.623897786,1
29.5,3.623583956,1
32,3.624469265,1
32,3.623780862,1
26,3.623599477,1
17,3.624117203,1
14,3.623202225,1
32.5,3.62363185,1
32.5,3.624008458,1
11,3.602781965,1
20,3.623471048,1
13.5,3.623507789,1
32,3.624127064,1
7.5,3.623690363,1
32,3.623854328,1
32,3.623820766,1
19.5,3.623385087,1
26,3.614745334,1
19.5,3.6317868,1
29,3.623305592,1
8,3.610842645,1
20,3.62353828,1
25.5,3.62416769,1
31.5,3.624400756,1
7.5,3.623665014,1
5.5,3.604275919,1
35,3.624080861,1
19.5,3.62392553,1
8,3.600343256,1
20.5,3.6245399,1
20,3.623967681,1
20,3.624561272,1
32,3.632978319,1
22.5,3.624373351,1
26,3.622340263,1
22.5,3.623254939,1
22.5,3.62411658,1
17,3.62457859,1
19.5,3.623357457,1
20,3.624395796,1
17,3.624884887,1
23,3.625080962,1
23.5,3.618982732,1
16.5,3.623929798,1
11,3.623521102,1
16.5,3.624136099,1
16.5,3.623587571,1
25.5,3.623416799,1
17,3.623440899,1
14,3.622142508,1
29.5,3.623598426,1
20,3.624697102,1
14,3.623545127,1
23,3.624085181,1
16.5,3.623728918,1
23.5,3.624092838,1
29,3.624640934,1
22.5,3.624430309,1
32,3.624037929,1
10.5,3.612928862,1
14.5,3.624556498,1
25.5,3.621548539,1
14,3.624509172,1
32,3.623740534,1
23,3.624385179,1
25.5,3.624791686,1
20.5,3.623925157,1
17.5,3.623351683,1
14,3.623841065,1
8,3.623263842,1
16.5,3.623476031,1
14,3.623759617,1
23,3.623397734,1
20.5,3.623378561,1
29,3.624650132,1
13.5,3.623874271,1
23,3.633072577,1
11,3.613286825,1
8.5,3.623924894,1
16.5,3.603671948,1
16.5,3.604317318,1
19.5,3.62318054,1
22.5,3.623905442,1
17,3.63323246,1
13.5,3.623418812,1
26,3.624336435,1
32.5,3.623586066,1
26,3.623733536,1
23.5,3.623777562,1
32.5,3.624335228,1
11,3.623579045,1
32,3.624491769,1
16.5,3.604599981,1
17.5,3.629960452,1
5.5,3.605890356,1
31.5,3.624813836,1
4.5,3.600872217,1
32,3.624479037,1
13.5,3.638837997,1
17.5,3.628030689,1
26.5,3.624575884,1
16.5,3.625312028,1
22.5,3.624413282,1
7.5,3.631173504,1
29,3.624679356,1
20,3.624099027,1
11.5,3.625039933,1
17,3.624489851,1
11,3.602344421,1
13.5,3.607999918,1
23.5,3.641706879,1
14,3.623741658,1
5,3.594382116,1
23.5,3.624294099,1
32,3.623426064,1
20,3.612569505,1
38,3.625140867,1
11.5,3.624005055,1
32,3.623740019,1
29,3.62363499,1
26,3.623434857,1
25.5,3.623646521,1
32.5,3.623246599,1
19.5,3.624452446,1
8,3.623369778,1
32,3.623038907,1
20.5,3.624226106,1
7.5,3.609885174,1
11,3.612724442,1
28.5,3.615385667,1
23,3.625383634,1
11.5,3.623761799,1
29,3.624051429,1
13.5,3.633707002,1
17.5,3.623437497,1
26,3.624473498,1
32.5,3.625058686,1
22.5,3.623861038,1
11,3.625240239,1
28.5,3.62497747,1
25.5,3.623800792,1
11,3.625007302,1
31.5,3.624152502,1
16.5,3.605793316,1
31.5,3.626884161,1
17,3.624858152,1
26.5,3.623388255,1
26,3.623902639,1
19.5,3.624213947,1
32,3.623728706,1
20,3.63369325,1
23,3.633783718,1
14.5,4.128004205,1
20.5,3.623565384,1
23,3.624169238,1
17.5,3.624001872,1
11,3.62314919,1
26.5,3.62202087,1
26,3.623930181,1
26,3.623326417,1
23,3.624147199,1
26,3.623687433,1
12,3.625317016,1
23,3.624074053,1
13.5,3.620526228,1
31.5,3.623546364,1
31.5,3.623953847,1
29,3.623980042,1
14.5,3.624072626,1
17,3.605019898,1
14,3.624155914,1
32,3.624155787,1
32,3.624760761,1
31.5,3.63035469,1
20.5,3.623574968,1
14,3.610020008,1
17,3.603739782,1
16.5,3.604639443,1
29,3.624539553,1
32.5,3.624242684,1
19.5,3.623594,1
23,3.623516635,1
29,3.623853133,1
11,3.613938052,1
26,3.623599206,1
5.5,4.126742692,1
32,3.614696603,1
14,3.603337276,1
20.5,3.623942789,1
28.5,3.623511247,1
8,3.605685068,1
24,3.624278827,1
28.5,3.614529053,1
32,3.62429727,1
5,3.602456399,1
8,3.607609794,1
5,3.604284891,1
14,3.622529972,1
4.5,3.623377372,1
34.5,3.624584063,1
17,3.62358455,1
13.5,3.628099585,1
23.5,3.625259014,1
13.5,3.623234137,1
8.5,3.624165831,1
17.5,3.643989144,1
29.5,3.623656299,1
35,3.624879569,1
11.5,3.624294473,1
17,3.622726977,1
13.5,3.628967432,1
20,3.624115091,1
29.5,3.62304986,1
26,3.633091757,1
29,3.623721305,1
10.5,3.623329315,1
7.5,3.626079298,1
17,3.62361351,1
14.5,3.622777458,1
29,3.624124738,1
32.5,3.623441115,1
23.5,3.624727493,1
11.5,3.623570115,1
28.5,3.623750967,1
21,3.633509228,1
17.5,3.623605148,1
11,3.623538274,1
11,3.615739421,1
35,3.625006335,1
5,3.62225274,1
32,3.623530694,1
32,3.62321828,1
4.5,3.596238905,1
29,3.623732176,1
20,3.623762326,1
14,3.623612523,1
8,3.623057215,1
8,3.615693958,1
20,3.610176528,1
5,3.622448174,1
14,3.624683965,1
38,3.623957895,1
26,3.623816785,1
26,3.638806734,1
32,3.623885986,1
25.5,3.623441605,1
29,3.624498171,1
20,3.623681734,1
26,3.624868996,1
20.5,3.611167057,1
23.5,3.618037103,1
17.5,3.62400911,1
23.5,3.622161239,1
28.5,3.623605089,1
20,3.623987273,1
11,3.601875844,1
32,3.623482034,1
11,3.615112516,1
26,3.624549523,1
26,3.623609287,1
23,3.623624966,1
29.5,3.624241386,1
26,3.623254066,1
26.5,3.623407516,1
26.5,3.624816455,1
10.5,3.62368554,1
5,3.595135387,1
32.5,3.623510166,1
5,3.58666227,1
20.5,3.623547059,1
14.5,3.624076347,1
32,3.623282354,1
32.5,3.624225179,1
26,3.621242785,1
5.5,3.623642499,1
26.5,3.623293801,1
23,3.611901901,1
34.5,3.632968338,1
26.5,3.624041522,1
5.5,3.588473069,1
32,3.623627225,1
11.5,3.61793297,1
28.5,3.624581524,1
23.5,3.62438747,1
16.5,3.623761895,1
14.5,3.604150235,1
26,3.623721418,1
17,3.625019166,1
26,3.623583003,1
17,3.624834235,1
29.5,3.625603319,1
14,3.6199268,1
28.5,3.625253672,1
24,3.623696287,1
22.5,3.624995942,1
23,3.613857976,1
19.5,3.632325572,1
32,3.624332071,1
7.5,3.616334311,1
8,3.604001254,1
13.5,3.62415345,1
25.5,3.62338971,1
28.5,3.623333911,1
32.5,3.624885815,1
8.5,3.601198239,1
32,3.623317194,1
10.5,3.625094119,1
8.5,3.61769573,1
29,3.623218588,1
7.5,3.624164924,1
5,3.603990227,1
14.5,3.60177356,1
23,3.625094244,1
11,3.627714865,1
32.5,3.62381816,1
19.5,3.625056479,1
7.5,3.604497402,1
32,3.623691372,1
10.5,3.624430932,1
32,3.633836016,1
17,3.623539837,1
29,3.623509363,1
11.5,3.623392709,1
29,3.624382115,1
20.5,3.624241004,1
13.5,3.602434748,1
29,3.626452014,1
11.5,3.623329023,1
29.5,3.623537156,1
16.5,3.624063995,1
10.5,3.604996362,1
26,3.624576987,1
17,3.624223924,1
8.5,3.620350194,1
32,3.623827671,1
4.5,3.595252139,1
19.5,3.624376078,1
7.5,3.61641038,1
8.5,3.624244033,1
8.5,3.623665743,1
17,3.623834917,1
8.5,3.624117942,1
29,3.638837829,1
29.5,3.623709097,1
14,3.604910356,1
23,3.623777572,1
23,3.62461638,1
16.5,3.6242134,1
31.5,3.615055704,1
26.5,3.624192488,1
14,3.624069711,1
17,3.602128524,1
11,3.633886003,1
23.5,3.623631548,1
20,3.624133145,1
23.5,3.624835532,1
17,3.603299967,1
14.5,3.623951178,1
20,3.623705647,1
11,3.604206407,1
31.5,3.623621725,1
14,3.62315746,1
20.5,3.623333448,1
32,3.624135946,1
31.5,3.624949039,1
5.5,3.62352715,1
26,3.624137612,1
26.5,3.624216974,1
13.5,3.623663976,1
23,3.623721754,1
17,3.622029019,1
23.5,3.616338035,1
16.5,3.623348157,1
17,3.623527286,1
25.5,3.623601193,1
20,3.622574112,1
16.5,3.602365041,1
13.5,3.62443731,1
11,3.601094632,1
29,3.623473896,1
17.5,3.623899189,1
5,3.603799493,1
10.5,3.623521678,1
11,3.623669206,1
14,3.62410268,1
4.5,3.60172437,1
23.5,3.613486407,1
11.5,3.623559747,1
20,3.614800758,1
17.5,3.62479244,1
14,3.623179811,1
17.5,3.6327363,1
16.5,3.62389248,1
7.5,3.623804001,1
11,3.623499198,1
23,3.623944701,1
11,3.613948059,1
29,3.623115479,1
8.5,3.624109875,1
13.5,3.640115614,1
32.5,3.624248518,1
26,3.624151918,1
20.5,3.62343635,1
32.5,3.623825258,1
11,3.624270476,1
26.5,3.623388153,1
16.5,3.62517159,1
11,3.601747791,1
17,3.623644648,1
10.5,3.604705446,1
20,3.626433601,1
23.5,3.624219671,1
11,3.614267846,1
2.5,2.423176078,0
2.5,2.423176078,0
2.5,2.42166543,0
2.5,2.42166543,0
2.5,2.421679871,0
2.5,2.42166543,0
1.5,2.422087745,0
1.5,2.42166543,0
2.5,2.422019079,0
1.5,2.422087745,0
20,3.170984228,0
10,3.172259423,0
16,3.170559028,0
14,3.170559028,0
18,3.170559028,0
14,3.170984228,0
20,3.170559028,0
14,3.17268442,0
14,3.170559028,0
10,3.170559028,0
12,3.172259423,0
20,3.170559028,0
12,3.170559028,0
10,3.170559028,0
22,3.174809813,0
8,3.170559028,0
8,3.170559028,0
16,3.172259423,0
10,3.174809813,0
14,3.172259423,0
14,3.172259423,0
12,3.17268442,0
8,3.170559028,0
12,3.176510004,0
12,3.170559028,0
12,3.170559028,0
20,3.172259423,0
10,3.171409225,0
10,3.170559028,0
12,3.170559028,0
14,3.170559028,0
14,3.169709034,0
14,3.170559028,0
12,3.172259423,0
2,3.170559028,0
8,3.171409225,0
6,3.170559028,0
22,3.170559028,0
12,3.169709034,0
18,3.172259423,0
10,3.172259423,0
14,3.173959615,0
8,3.170559028,0
10,3.170559028,0
12,3.170559028,0
6,3.170559028,0
12,3.17268442,0
10,3.170559028,0
26,3.170559028,0
12,3.170559028,0
14,3.173959615,0
18,3.170984228,0
2,3.169283833,0
14,3.170559028,0
12,3.172259423,0
10,3.171409225,0
4,3.170984228,0
18,3.170559028,0
10,3.172259423,0
12,3.173959615,0
12,3.170559028,0
12,3.170559028,0
16,3.169709034,0
6,3.170559028,0
14,3.170559028,0
8,3.172259423,0
14,3.171834222,0
8,3.170559028,0
12,3.174809813,0
18,3.170559028,0
18,3.170559028,0
16,3.170559028,0
10,3.170559028,0
14,3.173959615,0
10,3.172259423,0
12,3.170984228,0
16,3.173959615,0
14,3.170559028,0
28,3.170559028,0
10,3.170559028,0
10,3.170559028,0
8,3.170559028,0
10,3.170559028,0
8,3.170984228,0
6,3.170984228,0
20,3.170559028,0
8,3.170559028,0
12,3.170559028,0
18,3.170559028,0
12,3.170984228,0
8,3.170559028,0
10,3.170559028,0
6,3.170984228,0
16,3.170559028,0
10,3.170559028,0
20,3.170559028,0
14,3.170559028,0
14,3.170559028,0
10,3.170559028,0
6,3.170984228,0
6,3.174809813,0
12,3.173959615,0
12,3.173959615,0
14,3.170559028,0
6,3.176510004,0
12,3.170559028,0
10,3.170559028,0
6,3.17268442,0
18,3.172259423,0
12,3.170559028,0
12,3.170984228,0
10,3.170559028,0
14,3.170559028,0
14,3.170559028,0
4,3.169709034,0
10,3.170559028,0
14,3.170559028,0
6,3.170984228,0
12,3.171409225,0
12,3.170559028,0
8,3.170559028,0
12,3.172259423,0
8,3.170559028,0
18,3.171409225,0
24,3.171409225,0
6,3.173959615,0
14,3.172259423,0
16,3.170559028,0
12,3.170559028,0
10,3.170559028,0
8,3.170559028,0
6,3.174809813,0
14,3.170559028,0
16,3.170559028,0
6,3.173959615,0
16,3.170559028,0
12,3.170559028,0
8,3.172259423,0
10,3.17268442,0
6,3.170559028,0
14,3.170559028,0
6,3.170559028,0
16,3.170984228,0
10,3.170559028,0
18,3.170559028,0
10,3.170559028,0
10,3.170559028,0
16,3.170559028,0
10,3.171409225,0
10,3.170559028,0
20,3.170559028,0
8,3.170559028,0
10,3.170559028,0
14,3.170559028,0
14,3.170559028,0
12,3.170559028,0
12,3.172259423,0
27,2.152177357,1
26,2.152253606,1
48.5,2.160432069,1
34.5,2.151592829,1
45.5,2.153104436,1
35.5,2.15343937,1
32,2.154569649,1
22,2.159668086,1
29,2.17205062,1
23.5,2.154042494,1
49,2.157006844,1
29.5,2.169706269,1
47.5,2.170012669,1
22,2.16253466,1
37.5,2.162201414,1
34.5,2.159722737,1
57.5,2.173162528,1
33,2.152252494,1
61.5,2.160205515,1
22,2.163808388,1
48.5,2.159956103,1
29.5,2.158374121,1
49.5,2.163967345,1
22,2.153139714,1
22,2.154120843,1
44.5,2.160937521,1
40.5,2.153148381,1
34.5,2.151891704,1
50,2.162260089,1
25,2.152112082,1
49,2.157297549,1
25,2.174788132,1
52.5,2.151834859,1
29.5,2.160487034,1
29.5,2.151726294,1
52.5,2.156463437,1
39.5,2.162535269,1
44.5,2.158159817,1
33,2.162981699,1
44.5,2.158961003,1
37,2.152949441,1
36.5,2.169331524,1
43.5,2.157960726,1
34,2.158474917,1
46.5,2.152873791,1
28,2.157768938,1
29.5,2.16236336,1
56,2.152854413,1
27,2.154391404,1
37,2.153050991,1
44.5,2.15394447,1
26,2.152572756,1
38.5,2.152452748,1
36.5,2.162523345,1
38,2.152928269,1
30,2.16687403,1
29,2.159393199,1
32,2.158421092,1
57,2.154205051,1
24,2.153954368,1
44.5,2.160608114,1
33.5,2.152046461,1
57.5,2.152625821,1
29,2.158097297,1
27.5,2.152792401,1
32,2.158652766,1
53.5,2.159263718,1
28,2.156761068,1
28.5,2.159838733,1
24,2.161246606,1
33,2.159394632,1
29,2.168362962,1
50.5,2.175503869,1
22,2.158994623,1
24.5,2.157559449,1
43.5,2.157524598,1
31.5,2.156551888,1
23.5,2.158201482,1
43,2.152972707,1
25,2.152887545,1
48.5,2.159904262,1
23,2.152268973,1
30.5,2.155731896,1
51.5,2.174496143,1
35,2.160975259,1
50.5,2.157705566,1
35.5,2.163695085,1
58,2.154020887,1
30,2.157047246,1
43.5,2.169870647,1
29,2.170302497,1
52,2.159868531,1
34.5,2.152373651,1
42.5,2.156554012,1
42.5,2.15357785,1
42.5,2.159838669,1
51,2.17168012,1
42.5,2.152598323,1
42.5,2.152918096,1
43,2.157499773,1
42.5,2.156759278,1
64.5,2.158653903,1
42.5,2.160178015,1
44,2.158198678,1
42.5,2.159014066,1
42.5,2.153217778,1
64.5,2.160419175,1
43.5,2.159706395,1
42.5,2.17184273,1
53,2.151775909,1
52,2.16029796,1
43.5,2.153118799,1
26,2.157970962,1
26.5,2.160084032,1
26.5,2.15982145,1
42.5,2.164253528,1
43,2.152168847,1
36,2.151842256,1
57,2.155471444,1
29,2.162020341,1
22,2.154459008,1
54,2.164341414,1
30,2.152581072,1
44,2.158562968,1
28,2.168900223,1
56,2.157563856,1
29.5,2.156415534,1
27,2.171533955,1
44,2.157328627,1
23,2.158669981,1
60,2.160968628,1
23,2.169669196,1
48,2.157199476,1
22,2.153950705,1
55,2.172562837,1
36.5,2.152450719,1
30.5,2.160914779,1
61.5,2.171071399,1
26.5,2.157094722,1
54.5,2.160273199,1
33,2.161123941,1
50.5,2.157901248,1
33.5,2.152754767,1
35,2.158602481,1
24,2.158532845,1
31,2.166910176,1
26,2.158184498,1
52.5,2.152703969,1
36.5,2.171380444,1
34,2.152711718,1
27,2.153020148,1
58,2.171038022,1
31.5,2.153306379,1
35,2.160453509,1
27.5,2.156825466,1
62,2.163183359,1
22,2.161143996,1
31.5,2.15877106,1
32,2.159764614,1
35,2.159385687,1
42.5,2.15745365,1
35.5,2.162828425,1
55,2.163715374,1
25,2.152089265,1
27,2.155128475,1
26,2.162745243,1
44.5,2.160299918,1
26,2.152233326,1
35,2.169640707,1
47.5,2.178595649,1
27,2.170692187,1
44,2.176329042,1
33,2.173544223,1
47.5,2.159220294,1
33,2.153180466,1
43.5,2.170891856,1
37.5,2.156807228,1
31,2.164604439,1
44.5,2.153522655,1
22,2.163478806,1
53,2.16218286,1
23,2.152427361,1
58,2.154292566,1
22,2.162459281,1
32,2.169823317,1
60,2.169938221,1
23,2.160001887,1
39,2.157445401,1
36.5,2.154202879,1
54.5,2.168210745,1
26.5,2.158342131,1
30.5,2.154718694,1
37,2.160826324,1
38,2.162820357,1
40.5,2.163207652,1
45.5,2.160889627,1
22,2.1649658,1
53,2.152910738,1
41,2.158028264,1
49,2.15977347,1
24,2.166525215,1
29,2.156108923,1
27.5,2.160060721,1
50.5,2.159567785,1
28.5,2.156960409,1
34,2.158993006,1
33.5,2.171253783,1
56,2.157246135,1
30,2.152003251,1
37.5,2.164924249,1
49,2.163535203,1
22,2.160311935,1
25,2.161196126,1
43.5,2.155580915,1
28,2.154567771,1
47.5,2.163014319,1
23,2.167644262,1
30.5,2.153005576,1
60,2.153031118,1
24,2.157264879,1
33,2.153650322,1
33,2.151926139,1
25,2.155937478,1
34.5,2.156408878,1
53,2.151698583,1
39.5,2.152470012,1
37.5,2.153539984,1
35.5,2.1522916,1
31,2.155013527,1
53.5,2.151564571,1
29,2.173985865,1
32.5,2.153075993,1
9,2.163091472,1
26,2.161840791,1
61,2.159780792,1
7,2.159296645,1
56,2.159093282,1
62,2.164727173,1
24.5,2.151692386,1
32,2.156769967,1
33,2.159103859,1
51,2.159802573,1
31,2.161012747,1
43,2.159989707,1
12,2.155957237,1
56,2.157509989,1
37.5,2.153275609,1
50,2.160217199,1
21,2.170399206,1
32,2.157915583,1
20,2.158474589,1
24.5,2.155124262,1
45,2.158867781,1
26,2.159915973,1
7.5,2.153769353,1
45,2.173614236,1
61.5,2.153108175,1
38,2.161665824,1
73.5,2.15416817,1
20.5,2.156111836,1
62,2.157662461,1
55.5,2.153129735,1
50,2.170573022,1
48.5,2.15298942,1
62,2.152877026,1
35,2.155725751,1
14,2.16437084,1
61,2.152947754,1
39,2.165794131,1
13,2.161493476,1
20,2.171185647,1
55,2.155996386,1
42.5,2.152830521,1
19.5,2.157320231,1
56,2.154747937,1
24.5,2.15419153,1
33,2.159222613,1
48.5,2.152712027,1
62,2.152723679,1
42.5,2.152417897,1
19.5,2.153539957,1
54.5,2.169984964,1
48,2.152277496,1
19.5,2.152584159,1
61,2.169846481,1
12.5,2.152817052,1
30.5,2.170388438,1
60.5,2.170024616,1
31.5,2.15446817,1
49.5,2.152026738,1
49.5,2.15505293,1
37,2.161577357,1
25.5,2.154038888,1
61.5,2.152163494,1
38,2.159411571,1
44,2.16071649,1
12.5,2.155341293,1
25.5,2.154950392,1
35,2.15848643,1
44,2.160644375,1
63,2.16286128,1
33,2.172290311,1
19.5,2.152089713,1
51,2.154746593,1
49,2.153950224,1
50,2.15578338,1
49.5,2.153226352,1
43.5,2.152801962,1
25.5,2.158388584,1
43.5,2.152931723,1
50,2.159758762,1
22,2.15889581,1
43,2.155466346,1
24.5,2.158764355,1
61,2.15610107,1
56,2.15930986,1
60.5,2.158282833,1
55.5,2.153096539,1
27,2.15640275,1
31.5,2.154859453,1
25.5,2.153226957,1
61.5,2.154466176,1
61.5,2.15311863,1
13,2.15218847,1
61,2.171277943,1
38.5,2.152901336,1
37.5,2.154959962,1
26,2.162674307,1
20,2.159091694,1
31,2.152091524,1
29.5,2.152741269,1
56,2.169368598,1
63,2.160238648,1
36.5,2.153773223,1
43.5,2.152195758,1
56,2.161622931,1
8.5,2.158572814,1
40,2.162295966,1
19.5,2.155350024,1
50,2.156533504,1
8.5,2.159168443,1
62,2.15927618,1
26,2.16048943,1
62,2.171079662,1
38.5,2.157336324,1
61,2.173022558,1
50,2.157489363,1
13.5,2.156529445,1
45,2.152540393,1
55,2.162393089,1
62,2.160865466,1
6,2.142595661,1
13.5,2.153530349,1
8,2.160542051,1
24.5,2.151803761,1
7,2.169169381,1
66.5,2.152502387,1
32,2.158067736,1
10,2.155386228,1
25,2.160404543,1
44.5,2.152561841,1
20,2.159348511,1
25,2.15909945,1
14.5,2.154764009,1
32.5,2.158129734,1
56.5,2.152222976,1
67.5,2.152489688,1
21,2.162317928,1
31.5,2.152569573,1
20,2.158504083,1
38,2.161202445,1
56.5,2.15363077,1
50,2.16275866,1
56,2.153504429,1
18,2.152884412,1
12.5,2.153300764,1
32,2.159736726,1
26.5,2.152011019,1
54.5,2.152502498,1
63,2.170538135,1
45,2.162313861,1
18,2.171239726,1
55,2.156835732,1
40,2.162951662,1
33,2.156723346,1
20,2.162320594,1
20,2.15626345,1
68,2.163139668,1
7,2.152226174,1
62,2.155054075,1
62,2.164522341,1
6.5,2.158478272,1
55.5,2.158140308,1
38,2.159731932,1
25.5,2.155519405,1
14,2.179971731,1
50.5,2.153442529,1
13.5,2.162769854,1
37.5,2.152388886,1
8,2.170761934,1
25,2.155691527,1
74,2.161915287,1
50,2.169887823,1
50,2.161372117,1
61.5,2.155741131,1
48.5,2.154628352,1
63,2.159040843,1
56,2.16013082,1
61.5,2.153808257,1
36.5,2.15276349,1
49.5,2.170822865,1
34,2.155450664,1
49.5,2.170446156,1
38.5,2.151839224,1
44.5,2.15238201,1
32.5,2.153640281,1
45,2.173844085,1
55,2.159168183,1
38,2.158629669,1
18,2.152783813,1
19.5,2.15428203,1
62,2.158898745,1
19.5,2.152464946,1
50,2.158327292,1
7,2.152547137,1
50,2.158587708,1
43.5,2.154499445,1
56.5,2.152365542,1
49.5,2.155304682,1
50.5,2.158779472,1
37,2.157042096,1
50.5,2.15250235,1
51,2.159938249,1
19,2.167398473,1
7,2.152565425,1
63,2.156590445,1
7.5,2.15940694,1
39,2.156737542,1
26,2.15313794,1
55,2.152825922,1
61.5,2.15854883,1
63,2.173824695,1
50,2.158513884,1
9,2.161758522,1
50,2.152453971,1
44,2.157799162,1
66.5,2.154331218,1
51,2.161699296,1
8.5,2.15735415,1
61,2.163979765,1
20.5,2.156943925,1
54,2.152415918,1
45,2.156242255,1
30.5,2.154144405,1
26.5,2.151873384,1
50,2.160372406,1
32,2.153190781,1
50,2.157713865,1
31.5,2.159985688,1
57,2.158488143,1
26,2.162018108,1
42.5,2.159465941,1
55,2.161076405,1
46,2.16185085,1
42.5,2.154391851,1
44,2.15766378,1
9,2.166242079,1
37,2.160175666,1
18.5,2.153633847,1
61.5,2.152266598,1
10.5,2.151575103,1
14,2.1596835,1
25,2.158829571,1
25.5,2.155811063,1
50.5,2.152619718,1
49,2.163482187,1
54.5,2.160274409,1
63,2.158205527,1
14.5,2.152963374,1
62,2.159244612,1
18.5,2.153339358,1
14,2.156607865,1
56,2.159434786,1
13,2.158908098,1
7,2.154868031,1
27,2.162519627,1
44,2.156328671,1
20,2.161082431,1
62.5,2.152604354,1
36.5,2.154086687,1
12,2.152610032,1
62,2.162664951,1
19,2.159572018,1
23,2.168374233,1
61,2.159226626,1
32,2.161285737,1
55.5,2.152989095,1
21,2.165219872,1
56,2.160532148,1
38.5,2.154599435,1
56,2.161678803,1
25,2.161364157,1
55.5,2.156653899,1
20.5,2.153414988,1
56,2.161840447,1
30.5,2.153548843,1
18.5,2.156569988,1
46.5,2.156787446,1
47.5,2.153031569,1
31.5,2.157739572,1
14.5,2.154412486,1
62,2.159544247,1
6.5,2.15677627,1
36.5,2.152865839,1
12.5,2.152947235,1
14.5,2.153551762,1
14.5,2.151769532,1
32,2.172663789,1
14.5,2.153591701,1
56,2.159324184,1
57,2.16007879,1
25,2.153215973,1
44,2.159747449,1
44,2.15458585,1
30,2.152842278,1
59,2.152233784,1
50.5,2.152332352,1
26,2.167614652,1
31.5,2.156718795,1
18,2.155408615,1
45,2.174716867,1
37.5,2.152496095,1
45,2.158326613,1
31.5,2.15203689,1
26.5,2.153066758,1
36.5,2.170215196,1
20,2.172025509,1
60,2.160003883,1
26,2.160959709,1
39,2.158503424,1
62,2.166453214,1
60,2.159338444,1
8.5,2.153102751,1
50,2.159679595,1
38,2.157836248,1
49.5,2.1586843,1
25,2.159094258,1
44,2.159795823,1
54.5,2.153030766,1
32,2.157652686,1
44,2.153549496,1
30.5,2.152610879,1
25.5,2.171003108,1
29.5,2.155188201,1
49,2.156702965,1
38,2.161455431,1
29.5,2.152894431,1
23,2.154758965,1
20,2.159951019,1
56,2.160105449,1
32.5,2.155189056,1
6,2.149914133,1
21,2.16216472,1
48,2.159193264,1
18.5,2.153534823,1
20,2.160513337,1
61,2.161871974,1
26,2.162229072,1
5.5,2.149151215,1
45,2.169666276,1
20.5,2.153261795,1
38,2.158457149,1
32.5,2.157991938,1
25,2.15272947,1
33,2.162189612,1
30.5,2.151863699,1
12.5,2.152789038,1
18,2.151695442,1
43.5,2.153553933,1
20,2.160937435,1
55,2.156990077,1
49,2.161130071,1
15,2.160435485,1
25,2.1617626,1
61.5,2.152826883,1
49,2.153008809,1
39,2.155925719,1
63,2.163520639,1
19.5,2.153185939,1
50.5,2.151840102,1
31,2.159269589,1
27.5,2.158492847,1
19.5,2.153985044,1
31.5,2.152975105,1
19,2.158263083,1
38,2.158132819,1
44.5,2.152067253,1
20,2.158512783,1
43.5,2.152736789,1
67,2.155616763,1
1.5,1.837190093,0
3.5,3.328939599,0
2,0.415717443,0
1.5,0.616508199,0
3.5,0.603605922,0
3.5,0.398999802,0
3,0.450438867,0
3,0.43694467,0
5,3.728986027,0
6.5,3.113419331,0
4.5,3.531929124,0
7,3.113441398,0
6,3.566912086,0
5.5,3.117959747,0
6.5,2.921433222,0
6.5,3.118565402,0
7.5,3.714549643,0
7,3.110519893,0
8.5,3.735901592,0
5.5,3.111158506,0
5.5,3.731676481,0
7,3.104388852,0
5,3.584135785,0
4.5,3.113222354,0
5.5,3.112420823,0
5,3.13847439,0
6,3.153838526,0
7,3.11391634,0
5.5,3.116583926,0
7,3.100327917,0
6.5,1.598060514,0
5,3.102538065,0
5,3.783634858,0
7,3.113009812,0
6.5,3.027466898,0
7,3.100776106,0
6.5,3.029363584,0
6,3.0937212,0
5.5,3.508626817,0
7,3.113298547,0
8,3.112758021,0
6,3.113446169,0
7,3.020554627,0
6,1.658721553,0
7,1.545458081,0
5,3.113699955,0
8,3.029523569,0
4.5,3.110791978,0
6.5,3.153707856,0
6,3.110633092,0
5,3.709292671,0
7,3.110860799,0
7.5,3.715171384,0
4.5,3.101408107,0
4.5,3.731663357,0
4.5,3.113782038,0
6,3.026516193,0
5,3.113383961,0
4.5,3.056639027,0
7,3.106606405,0
8,3.023188357,0
7.5,3.095858175,0
7,3.024781008,0
8.5,1.691347898,0
7.5,3.14424819,0
7,3.106338834,0
7.5,1.545162066,0
6.5,3.113271697,0
6,3.021278764,0
8,3.093845478,0
8,3.027273717,0
5,3.111676394,0
6.5,3.566985155,0
7.5,3.111124431,0
7,1.54529338,0
5,3.120738401,0
7.5,3.112532984,0
5.5,3.113333488,0
4.5,2.912889349,0
5.5,1.672175979,0
5,1.545233221,0
6.5,3.111220894,0
5,2.982560801,0
6.5,3.108790672,0
4.5,3.144215287,0
6.5,1.665756885,0
5.5,3.731668607,0
6.5,3.11350598,0
5,3.783577634,0
5.5,1.672109227,0
8.5,1.545445304,0
5,3.113873725,0
6.5,3.024502422,0
7.5,3.125972838,0
7,2.827385092,0
7,3.094194839,0
5.5,1.545304895,0
5,1.672009707,0
7.5,3.017818583,0
5.5,1.672235926,0
6,1.545647022,0
7,3.110699978,0
6.5,3.062174711,0
8,3.113205564,0
7.5,3.735901251,0
5.5,3.104902934,0
5,3.020993005,0
7.5,1.672145235,0
5.5,3.731566171,0
6.5,1.671937213,0
5,3.027850214,0
7.5,1.672032832,0
8,3.027344028,0
6,3.106013168,0
7.5,2.980340292,0
6.5,1.665820769,0
6,3.716586,0
6,1.679761988,0
5.5,3.021008038,0
6.5,3.100808813,0
6.5,3.027317255,0
6,3.113102167,0
6.5,3.783743732,0
7,1.656685661,0
5,3.112240126,0
7.5,1.672097829,0
8.5,3.515364183,0
6,3.111156329,0
7,3.154433067,0
7.5,1.672188911,0
8,3.027621109,0
7.5,1.671549488,0
7,3.144093614,0
7.5,1.67955823,0
4.5,2.94278934,0
6.5,1.671692236,0
6.5,3.768604526,0
5,1.672063079,0
7.5,3.107122652,0
6.5,3.113447882,0
6,1.545414988,0
6,1.672088202,0
5,3.537601207,0
7.5,3.113026758,0
6.5,3.553362444,0
7,1.672098434,0
7.5,3.599685339,0
8.5,3.120799486,0
5,3.030352815,0
7,3.11397491,0
6.5,3.511517158,0
6,3.117983156,0
7,3.021030654,0
7,1.656609514,0
5.5,3.021778156,0
6,3.099642719,0
6.5,3.618228285,0
7,3.112158902,0
6,3.033627003,0
6,1.672059502,0
5.5,3.029281026,0
6,3.113213246,0
7,3.153926737,0
5.5,3.10881219,0
6,3.531717048,0
7,3.113450027,0
6.5,3.026674866,0
6.5,3.110816855,0
5.5,3.718114852,0
7.5,3.12144637,0
6,3.584082479,0
6,3.113086801,0
6,3.783724609,0
5.5,3.113315403,0
7.5,2.895780928,0
6,3.115851098,0
4.5,3.056607549,0
7,1.679787728,0
6,1.545460135,0
5.5,3.110544056,0
6.5,3.789439546,0
6.5,1.672232498,0
4.5,3.021172632,0
7,3.12113031,0
8,3.783562058,0
7,3.110662115,0
6,3.018037174,0
7,3.117786961,0
6.5,3.783747107,0
5.5,3.110818069,0
8,3.10257318,0
7,1.67200284,0
5.5,3.515086461,0
7,3.137419611,0
4.5,3.663560321,0
6,3.120915894,0
6.5,3.027283102,0
6.5,3.117870105,0
7,3.564558078,0
6.5,1.67215357,0
5.5,3.778695183,0
6.5,1.67199139,0
7,3.024460083,0
7,3.112980248,0
5.5,3.026210634,0
7,3.113229532,0
5,3.731568295,0
4.5,3.113281072,0
5.5,2.900992067,0
6.5,1.672295639,0
5,3.021060235,0
5,3.113201041,0
6,3.783825696,0
7.5,3.10834786,0
5,3.030532311,0
6.5,3.113278287,0
6.5,3.027601157,0
5,3.110558202,0
6,3.02113425,0
7,1.671905852,0
7.5,3.027271674,0
7,3.10890301,0
6,3.023176398,0
5.5,3.111128269,0
7,3.52040269,0
6,1.672263034,0
6.5,3.030517619,0
7.5,3.111469238,0
7,3.53181257,0
6,3.104715033,0
4.5,3.154000932,0
6,1.672265245,0
5.5,3.064222331,0
6,3.112913622,0
5,2.889785776,0
7,1.672099671,0
5,3.153852379,0
6,1.672022787,0
5.5,1.597938115,0
6.5,3.113456115,0
5.5,1.545523658,0
8,3.110606503,0
7,3.02723604,0
5,3.113125666,0
5.5,3.027423331,0
8,1.67196195,0
4.5,1.561761084,0
6.5,3.104399679,0
6.5,3.042915555,0
6,3.10786718,0
8,3.783794949,0
6.5,1.672217326,0
7,1.545179617,0
6,3.112359055,0
8,3.025058314,0
7,1.671944118,0
8,3.153879216,0
6.5,3.11095895,0
6,1.545506241,0
7,3.113144113,0
7,3.753340011,0
4.5,3.118403823,0
8.5,1.545234484,0
8,3.110612103,0
4.5,3.023632722,0
8,3.113290552,0
6,3.029551085,0
5,3.1131967,0
7.5,3.731681151,0
6,3.113115802,0
7,3.153986521,0
8.5,3.111190472,0
7.5,3.77389472,0
7.5,3.104838804,0
6.5,3.614142249,0
5.5,1.680367777,0
7.5,3.021193027,0
7,1.671856413,0
6.5,3.731923888,0
8,3.104282536,0
5.5,3.030649353,0
7.5,3.113392735,0
5.5,3.056551642,0
6.5,3.110728511,0
6.5,3.021255412,0
4.5,3.094127941,0
5.5,3.783662692,0
7.5,3.090635872,0
6,1.545828459,0
7,3.1009167,0
7.5,3.789444449,0
5.5,3.11327496,0
7,3.102762781,0
7.5,3.120979911,0
7,3.153691876,0
7,3.111110513,0
7,3.153779859,0
5,3.113400915,0
6.5,3.153931843,0
5.5,3.113466324,0
6.5,3.027289145,0
4.5,1.671961945,0
6,1.561569073,0
6.5,3.107077882,0
6,1.591087867,0
7,3.11329969,0
6,3.78379679,0
5,3.113237438,0
4.5,3.029369752,0
8,3.113513044,0
5,3.153812967,0
6.5,3.093709375,0
7.5,1.545238899,0
4.5,3.120993495,0
6,3.534687529,0
4.5,3.110859995,0
5.5,3.026588597,0
6,3.104349088,0
5,3.030523866,0
7,1.672102109,0
5,2.918241455,0
7,3.127659654,0
5,3.028939115,0
5.5,3.10702185,0
7,3.731613739,0
5,1.671993389,0
5,3.772943902,0
6.5,3.12710875,0
6.5,3.018835373,0
5,3.113278757,0
5,3.025040249,0
7.5,3.11324142,0
6,3.021226942,0
7,3.120705162,0
7,3.772203397,0
7.5,3.110928103,0
6.5,3.027549476,0
7,1.672127174,0
6.5,3.783582126,0
6,3.110899974,0
4.5,3.712288101,0
7.5,3.110973147,0
4.5,3.731737004,0
8.5,1.672204626,0
7.5,3.030326201,0
7,3.093736413,0
7,3.030742173,0
7,1.671856024,0
5.5,3.154126656,0
7,3.118109682,0
5,3.032850369,0
4.5,1.671761962,0
4.5,3.73590195,0
6.5,1.671909839,0
7,3.771941718,0
6.5,3.114116813,0
5.5,3.777370754,0
7,3.137461124,0
7.5,3.586909224,0
6,3.12700098,0
7,3.762818863,0
6,3.110952702,0
7,3.027513098,0
5,3.108663742,0
7,3.058188095,0
7.5,1.671913894,0
4.5,3.029284274,0
6.5,3.111010057,0
6,3.727108212,0
6.5,3.121111643,0
5.5,1.545772263,0
5.5,3.111010725,0
6,1.545121644,0
5.5,1.671911477,0
5,3.027271087,0
6,3.113205554,0
5.5,1.545537161,0
5,1.671906501,0
8,3.783674995,0
4.5,3.113259462,0
7.5,3.552290122,0
6,1.67247403,0
7.5,3.766414509,0
6,3.11083303,0
6.5,3.500836204,0
5,3.104602519,0
9,3.026421919,0
1,1.691550314,0
8.5,3.775488563,0
5.5,1.671928237,0
7,3.029495878,0
7,3.133787347,0
7,3.029457585,0
7,3.097355444,0
5.5,3.024515861,0
7,1.67965287,0
5,3.021336829,0
4.5,1.671945286,0
5,3.030542994,0
7,1.679586143,0
6.5,1.561692087,0
8,3.110936801,0
6.5,1.561621708,0
9,3.113629272,0
7,3.103109191,0
6.5,1.672001994,0
6,3.731700104,0
5.5,1.658488458,0
7,3.713923855,0
8,3.097544256,0
7,3.783641992,0
7.5,3.120982224,0
5,2.945531189,0
5.5,1.672084634,0
4.5,3.78367378,0
7.5,1.672065966,0
7,3.027415641,0
8,3.101783194,0
7,3.027224171,0
6.5,3.113278115,0
7.5,1.597763297,0
5.5,3.104674476,0
7,1.546326512,0
6,1.679879085,0
5.5,3.776527729,0
6,3.102967605,0
8,3.021741096,0
6,3.10455226,0
6,3.027596952,0
8,1.671857375,0
6,3.614174206,0
6,1.672096254,0
7,3.783833507,0
8,3.127583295,0
6.5,3.024332712,0
4.5,3.110789223,0
5,1.545466892,0
6.5,3.113389194,0
8,1.545520905,0
5,3.104855823,0
6.5,3.02107223,0
7.5,1.672411452,0
5,1.546197881,0
5.5,3.11095846,0
7,3.024319635,0
7.5,1.671872913,0
4.5,3.020262477,0
6.5,3.113422899,0
4.5,3.720884385,0
7,3.103600434,0
5.5,3.726833321,0
7.5,3.094888235,0
7,3.515100897,0
7,1.67191074,0
7.5,3.731696712,0
6.5,1.691360121,0
5,3.731622806,0
6.5,3.11144566,0
7.5,1.545387605,0
7,3.110820915,0
5,3.026399312,0
5.5,1.658739298,0
7.5,3.531826556,0
5.5,1.671721602,0
6.5,3.021192338,0
7,1.672109594,0
4.5,3.02271751,0
7.5,1.67212258,0
6.5,3.025005868,0
6.5,3.104614162,0
6,3.021109677,0
5.5,3.113024142,0
7,1.562795421,0
7,3.113164653,0
6.5,3.030450773,0
7.5,3.111857903,0
4.5,3.537280518,0
5.5,3.110953182,0
5.5,3.726196157,0
7.5,3.121098108,0
8,3.763571027,0
5,3.113084401,0
5,3.029360636,0
6,3.111021209,0
5.5,3.73869266,0
5,3.111399496,0
5.5,3.116230086,0
6.5,3.116138514,0
5.5,3.029552518,0
6,3.113385934,0
6.5,3.112373909,0
8.5,3.110785613,0
7,3.57791431,0
5,3.107341923,0
7.5,3.102630431,0
8,3.133873997,0
6,3.789264679,0
5,3.111175569,0
5,3.027788931,0
5.5,1.679752998,0
6.5,3.514938323,0
5,3.113020741,0
7,3.713700513,0
7,3.113277809,0
5,3.024438266,0
5,3.113552318,0
7,3.148527921,0
5.5,3.097452855,0
5.5,3.112327278,0
6.5,3.113491922,0
7,3.02678343,0
5,3.10460306,0
5.5,3.692105984,0
5.5,3.105337246,0
7,3.610187042,0
5,1.679397375,0
5.5,3.789798854,0
6.5,1.672127864,0
7.5,3.01796015,0
5,3.127571237,0
6,3.112364502,0
6,3.104613697,0
7,3.026581496,0
6.5,3.134173219,0
7,3.026035741,0
8,3.120936732,0
6.5,3.589506363,0
7.5,1.658522457,0
7,3.515094299,0
7,3.096553974,0
5,3.725230834,0
6.5,3.104962742,0
7.5,3.73155252,0
6,3.108573126,0
6,3.030344489,0
5.5,3.110859178,0
6.5,3.153780961,0
5,3.172621483,0
7.5,3.532146184,0
6,3.110812959,0
6.5,3.027471905,0
8,1.658963472,0
7,1.563341679,0
6,3.10733475,0
7.5,3.731731833,0
7,3.104979206,0
7,3.021395819,0
5,3.121123792,0
7,3.778323352,0
7,3.127997392,0
6.5,1.598064913,0
5.5,3.133434588,0
7,3.032720964,0
6.5,1.656237045,0
7,3.030346754,0
6.5,3.113321175,0
7,3.018139714,0
7,3.110895113,0
5,3.712416724,0
7,3.112655454,0
7,3.73160341,0
4.5,1.665809341,0
5.5,3.02945166,0
7,3.102386272,0
5,3.102755591,0
7.5,3.102328972,0
5,3.022168019,0
4.5,3.107437439,0
6,1.545210331,0
7,3.113530552,0
7,3.710491524,0
6.5,3.11080462,0
6,3.021145631,0
6,3.110728255,0
6,3.018213704,0
5,3.097549643,0
7.5,3.017992169,0
4.5,1.672283352,0
7.5,3.486576109,0
6.5,1.679300899,0
5,3.573022813,0
5,1.683278567,0
7,3.51188882,0
5.5,3.113268566,0
7.5,3.51510008,0
7,3.104339309,0
6.5,3.107180642,0
7.5,1.67196923,0
7.5,2.937665725,0
7.5,1.679886068,0
6.5,3.726437173,0
7,3.097484139,0
5,3.710781318,0
5,3.113028256,0
5.5,1.546274105,0
5.5,3.110918747,0
5,3.056172166,0
5,1.672200634,0
5.5,3.028580773,0
5,1.679929414,0
7,3.052329592,0
8.5,1.679824382,0
6.5,3.784594993,0
5,3.110768138,0
6,3.731599243,0
5.5,3.1133953,0
5.5,3.056353246,0
5,3.113250928,0
3.833333333,0.67435537,0
3.666666667,0.616139573,0
3.833333333,1.386919308,0
3.666666667,1.329636468,0
3.833333333,1.386625764,0
3.666666667,1.330261887,0
4.666666667,1.409822658,0
3.666666667,1.329618058,0
3.833333333,1.386920632,0
3.666666667,1.329449787,0
3.833333333,1.386929457,0
3.666666667,1.329992379,0
3.833333333,1.386941959,0
5.5,1.412366877,0
3.666666667,1.329459908,0
4.666666667,1.412119235,0
3.666666667,1.329586259,0
3.833333333,1.386793544,0
3.666666667,0.616097873,0
3.833333333,1.386915041,0
3.666666667,1.329525039,0
3.833333333,1.386819346,0
3.666666667,1.32948485,0
3.833333333,1.38692591,0
3.666666667,1.329622226,0
3.833333333,0.674361497,0
3.666666667,1.329914154,0
3.833333333,1.386822396,0
3.666666667,1.329564025,0
3.833333333,1.386921757,0
4.5,0.633443655,0
3.833333333,0.674334323,0
3.666666667,1.330014238,0
4.5,1.345548769,0
3.833333333,1.386924599,0
3.666666667,1.329345994,0
3.833333333,1.38660586,0
3.666666667,1.329448406,0
3.833333333,1.386843754,0
3.666666667,1.329526948,0
3.833333333,1.386809921,0
3.666666667,1.330409183,0
4.666666667,1.412147755,0
3.666666667,1.329619792,0
3.833333333,0.674317928,0
4.5,1.343632478,0
3.833333333,1.386937722,0
4.5,1.343117261,0
3.833333333,1.386817513,0
3.666666667,0.616142627,0
4.666666667,1.411970464,0
3.666666667,1.32949019,0
3.833333333,1.386742702,0
5.5,1.412500068,0
4.5,0.633659716,0
3.833333333,0.674361849,0
3.666666667,1.329560217,0
4.666666667,1.412128264,0
4.5,0.633631697,0
4.666666667,1.41195747,0
4.5,1.343244882,0
3.833333333,1.386771404,0
4.5,0.633652185,0
5.5,1.41394879,0
4.5,1.343530338,0
3.833333333,1.387042737,0
3.666666667,1.329340892,0
4.666666667,0.703130122,0
3.666666667,0.616194778,0
3.833333333,1.386805074,0
3.666666667,1.329912312,0
3.833333333,0.674419618,0
4.5,1.340135344,0
5.333333333,0.633658941,0
4.666666667,1.412007316,0
3.666666667,1.32944714,0
4.666666667,1.41197097,0
4.5,1.343212358,0
3.833333333,1.386682543,0
3.666666667,1.329693979,0
4.666666667,1.41202728,0
3.666666667,1.329524544,0
4.666666667,1.412289421,0
4.5,0.633598963,0
4.666666667,1.412017802,0
4.5,0.633658363,0
4.666666667,1.412076423,0
4.5,0.633599381,0
6.166666667,0.703341631,0
6,0.633633944,0
5.5,0.703740527,0
4.5,1.343287212,0
5.5,0.703435065,0
6.166666667,1.413885743,0
4.5,0.633563589,0
5.5,1.413619278,0
3.666666667,1.329346641,0
3.833333333,1.38713357,0
3.666666667,1.329499883,0
3.833333333,1.386821854,0
3.666666667,1.330141626,0
3.833333333,1.386930641,0
4.5,0.633576134,0
3.833333333,1.386818196,0
3.666666667,1.329517984,0
3.833333333,1.386924153,0
3.666666667,0.616176293,0
4.666666667,1.412424981,0
3.666666667,0.616090822,0
3.833333333,1.387063605,0
3.666666667,1.329518143,0
3.833333333,1.387367508,0
3.666666667,0.616099428,0
5.333333333,1.344119071,0
4.666666667,1.411983865,0
3.666666667,1.329338397,0
3.833333333,1.386741958,0
3.666666667,1.329358258,0
3.833333333,1.386813974,0
3.666666667,1.329316237,0
3.833333333,1.386876022,0
3.666666667,1.329443421,0
3.833333333,1.386915598,0
3.666666667,0.616143077,0
3.833333333,1.386812599,0
3.666666667,1.33003986,0
3.833333333,0.674300622,0
3.666666667,1.330164139,0
3.833333333,1.386925038,0
3.666666667,1.329224167,0
4.666666667,1.412052698,0
3.666666667,0.616108868,0
3.833333333,1.386921643,0
5.5,0.703501729,0
3.666666667,1.329176315,0
4.666666667,1.410434287,0
3.666666667,1.329460059,0
3.833333333,1.386817137,0
4.5,0.633597043,0
4.666666667,0.703188185,0
3.666666667,0.616100209,0
3.833333333,1.386903856,0
3.666666667,1.330402201,0
3.833333333,1.386838256,0
3.666666667,1.329531798,0
4.666666667,1.411999297,0
3.666666667,1.329433839,0
4.666666667,1.41198091,0
4.5,1.343034401,0
3.833333333,1.386856753,0
4.5,1.343596385,0
3.833333333,1.386761191,0
4.5,1.340392271,0
5.333333333,1.344015191,0
3.833333333,1.386938296,0
3.666666667,1.329917032,0
3.833333333,0.67437695,0
3.666666667,1.329441275,0
3.833333333,1.386833033,0
3.666666667,0.61602776,0
4.666666667,1.412117766,0
4.5,1.343581391,0
4.666666667,1.412110734,0
4.5,1.343603506,0
4.666666667,1.411981836,0
5.333333333,1.344127349,0
4.666666667,0.70310936,0
4.5,1.343434474,0
4.666666667,1.412064934,0
4.5,0.633538151,0
4.666666667,1.410282919,0
3.666666667,1.329875958,0
3.833333333,1.38692392,0
5.5,0.703506502,0
3.666666667,1.32962961,0
3.833333333,1.386921616,0
3.666666667,1.329768614,0
3.833333333,0.674400147,0
3.666666667,1.329207007,0
4.666666667,1.41213487,0
3.666666667,1.329916917,0
4.666666667,1.412120476,0
4.5,1.343441848,0
4.666666667,1.412021954,0
4.5,0.633672984,0
4.666666667,1.412051161,0
4.5,1.343204193,0
4.666666667,1.412000604,0
4.5,0.633631289,0
4.666666667,1.413320172,0
4.5,1.344007478,0
3.833333333,1.38703402,0
3.666666667,0.616158531,0
6.833333333,1.344369895,0
3.833333333,1.386629316,0
4.5,1.343276148,0
3.833333333,1.38688277,0
3.666666667,0.616095174,0
4.666666667,1.412012995,0
4.5,1.343480098,0
3.833333333,1.386914888,0
3.666666667,0.616130972,0
3.833333333,0.674412696,0
3.666666667,1.329966121,0
4.666666667,0.703176828,0
3.666666667,1.329638126,0
4.666666667,1.412010414,0
3.666666667,1.329507432,0
3.833333333,1.386817852,0
4.5,1.343033203,0
3.833333333,1.387170836,0
4.5,0.633667027,0
4.666666667,1.41071952,0
5.5,0.703481652,0
4.5,1.34360617,0
4.666666667,1.411998613,0
4.5,1.343896346,0
4.666666667,1.412001382,0
3.666666667,1.329453958,0
3.833333333,1.386869536,0
4.5,0.63366364,0
3.833333333,1.386935524,0
3.666666667,1.329428018,0
4.666666667,1.41212542,0
3.666666667,1.330347529,0
4.666666667,1.412029336,0
4.5,1.343613371,0
4.666666667,1.410487393,0
4.5,1.343595344,0
3.833333333,1.387061823,0
3.666666667,1.329274706,0
3.833333333,1.386926123,0
3.666666667,1.329883001,0
6,1.344001349,0
4.666666667,1.411981457,0
4.5,1.343621014,0
3.833333333,0.674294285,0
4.5,1.343592347,0
4.666666667,1.411944391,0
4.5,1.342947841,0
3.833333333,1.387361994,0
3.666666667,1.329605176,0
4.666666667,0.703145366,0
4.5,1.343573873,0
4.666666667,1.412101157,0
3.666666667,1.329833488,0
4.666666667,1.412005164,0
4.5,0.633627161,0
4.666666667,1.412175558,0
3.666666667,1.329347252,0
3.833333333,1.386849879,0
4.5,0.633592169,0
3.833333333,1.386629063,0
7,1.413763927,0
4.5,1.343229817,0
3.833333333,1.386823278,0
3.666666667,1.329470926,0
3.833333333,1.386899899,0
4.5,1.34360625,0
3.833333333,1.386880784,0
3.666666667,0.61608615,0
3.833333333,1.386920701,0
4.5,1.343480098,0
3.833333333,1.387073733,0
3.666666667,1.329543309,0
3.833333333,0.674358196,0
3.666666667,1.329597606,0
4.666666667,1.412095476,0
4.5,1.340650519,0
4.666666667,1.411961303,0
4.5,1.343237004,0
3.833333333,0.674409745,0
4.5,1.343237185,0
5.333333333,0.633678297,0
4.666666667,1.412072015,0
4.5,1.343492799,0
4.666666667,1.412111043,0
4.5,1.343020396,0
4.666666667,1.411993225,0
4.5,1.343123686,0
4.666666667,1.412029016,0
3.666666667,0.616031418,0
4.666666667,1.412123326,0
3.666666667,1.329769657,0
3.833333333,0.674372311,0
4.5,1.343115635,0
4.666666667,1.412099347,0
3.666666667,1.329536978,0
4.666666667,1.412151449,0
4.5,0.633654261,0
4.666666667,1.41213552,0
4.5,0.633557784,0
4.666666667,1.412017057,0
4.666666667,0.70319371,0
4.5,1.343139675,0
5.5,1.41228316,0
5.333333333,0.633623635,0
5.5,0.703486,0
6,1.344391866,0
5.5,1.413705835,0
4.5,1.343478071,0
3.833333333,1.387009781,0
4.5,1.343111552,0
4.666666667,0.703113785,0
4.5,1.343104493,0
4.666666667,1.412110549,0
4.5,1.343587381,0
4.666666667,1.412137528,0
3.666666667,0.616082522,0
4.666666667,1.411955475,0
3.666666667,1.329539355,0
4.666666667,1.412147378,0
3.666666667,1.32975484,0
4.5,1.343956276,0
3.833333333,1.38706593,0
4.5,1.340998668,0
3.833333333,1.386937683,0
3.666666667,1.329888656,0
3.833333333,1.38707267,0
4.5,1.343157971,0
4.666666667,1.412031607,0
4.5,1.343587381,0
3.833333333,1.387028489,0
3.666666667,1.329342541,0
3.833333333,1.386958476,0
3.666666667,1.329386126,0
4.666666667,1.410774295,0
4.5,1.34357903,0
4.666666667,1.412088404,0
4.5,1.343470339,0
4.666666667,1.41203721,0
3.666666667,1.32950453,0
4.666666667,1.412054729,0
4.666666667,1.412094713,0
4.5,1.343033883,0
4.666666667,1.412145471,0
4.5,1.34350686,0
4.666666667,1.412058735,0
3.666666667,1.329801135,0
4.666666667,1.412121069,0
3.666666667,1.329561407,0
4.666666667,1.412104167,0
3.666666667,1.329598385,0
4.666666667,1.412099346,0
4.5,1.34347148,0
3.833333333,0.674394891,0
3.666666667,1.329696596,0
4.666666667,1.410116544,0
4.5,1.343603977,0
4.666666667,1.412021772,0
4.5,1.341010398,0
3.833333333,1.386609668,0
3.666666667,0.616207412,0
4.5,1.343080803,0
4.666666667,1.412122632,0
3.666666667,1.330029301,0
4.666666667,1.412118644,0
4.5,1.34348883,0
4.666666667,1.4123817,0
4.5,1.343594955,0
4.666666667,1.412110982,0
3.666666667,1.329786939,0
4.666666667,1.412146218,0
4.5,1.343129696,0
3.833333333,1.38681733,0
3.666666667,0.616133871,0
4.666666667,1.412122385,0
4.5,1.343234903,0
4.666666667,1.412043793,0
3.666666667,1.330477922,0
4.666666667,1.411980932,0
4.5,1.3432302,0
4.666666667,1.412105582,0
4.666666667,1.412127056,0
4.5,1.34316906,0
4.666666667,1.412077612,0
4.5,0.633654777,0
5.5,1.41357953,0
4.5,1.343980911,0
4.666666667,1.411962793,0
4.5,1.343224319,0
4.666666667,1.412108538,0
4.5,1.341254705,0
4.666666667,0.703130304,0
4.5,0.633518491,0
4.666666667,0.703589551,0
4.5,0.633699909,0
4.666666667,1.412127639,0
4.5,0.633580777,0
4.666666667,1.41211847,0
4.5,1.343147834,0
4.666666667,1.412111219,0
3.666666667,1.329812304,0
4.5,0.633654811,0
4.666666667,1.412360082,0
3.666666667,1.329436894,0
4.666666667,1.412117782,0
4.5,0.633693326,0
4.666666667,1.41225819,0
4.5,1.345436808,0
4.666666667,1.411956829,0
6,1.344119169,0
6.166666667,1.413883816,0
6,1.34438745,0
6.166666667,1.413916585,0
6,0.633621952,0
5.5,1.413553329,0
5.333333333,1.344222352,0
5.5,1.412668085,0
4.5,1.344045111,0
6.166666667,1.413789146,0
6,0.633782869,0
6.166666667,1.413727882,0
4.666666667,1.412131206,0
5.333333333,1.344107044,0
4.666666667,1.412015074,0
4.5,1.343583523,0
4.666666667,1.412041145,0
4.5,0.633600384,0
5.5,1.412616245,0
4.666666667,1.412156479,0
5.5,1.412286139,0
5,3.230307858,0
5,3.185726189,0
4.166666667,3.230331204,0
5,3.185977689,0
4.166666667,3.408368777,0
5,3.186785193,0
5,1.652923089,0
5,3.589005154,0
5,3.229926012,0
5,3.185676686,0
5,3.408216684,0
4.166666667,3.18667271,0
6.666666667,3.230428553,0
4.166666667,3.186656093,0
4.166666667,3.235452691,0
5,3.186670218,0
5,3.230478657,0
11.66666667,3.185309488,0
6.666666667,3.23031377,0
3.333333333,3.58511428,0
8.333333333,3.230203245,0
5,3.186893305,0
6.666666667,3.230034728,0
5,3.185399022,0
5,1.666691344,0
5,3.185532193,0
5,1.805473024,0
5.833333333,3.186539778,0
5,3.230593656,0
5,3.583346031,0
4.166666667,3.230522566,0
5,3.185200201,0
5,3.235077987,0
5,3.5851346,0
6.666666667,1.652843486,0
5.833333333,3.185427617,0
5,3.229858298,0
5,3.187125677,0
5,3.990412586,0
5,3.185735751,0
5,1.652841579,0
5,3.185389577,0
5,3.230449732,0
5,3.186711947,0
5,3.229998661,0
5,1.660096408,0
5,3.230375686,0
5,3.186532703,0
5,1.652873175,0
5,1.660179491,0
3.333333333,3.230960897,0
5,3.186782182,0
5,3.230721349,0
6.666666667,3.185893354,0
5,3.230153504,0
8.333333333,3.584843181,0
5,3.230677673,0
3.333333333,3.186592801,0
5,3.230495907,0
5,3.186059115,0
5,3.230193233,0
5,3.185803249,0
5,3.229958635,0
4.166666667,1.660074949,0
4.166666667,3.390518392,0
5,3.588994174,0
5,1.653372321,0
7.5,3.185634669,0
5,3.230635637,0
5,3.553477355,0
4.166666667,3.230532258,0
5,3.1852581,0
5,3.230357504,0
5,3.186974881,0
4.166666667,3.23015835,0
4.166666667,3.187511951,0
5,3.229828528,0
4.166666667,1.660362846,0
5,3.229977229,0
5,3.186910627,0
5,3.230476018,0
5,3.185835591,0
5,3.230222852,0
3.333333333,1.660450433,0
5,3.230527731,0
10.83333333,3.186855392,0
15.83333333,3.231161958,0
5,3.186507399,0
6.666666667,3.23048037,0
5,3.185210015,0
6.666666667,3.229748684,0
5,3.18680393,0
5,3.230580384,0
5,3.186771003,0
5,3.253796351,0
5,1.660433268,0
5,1.763318914,0
5,3.186669436,0
5,3.230440487,0
5,3.186030411,0
5,3.230463779,0
5,3.186261194,0
5,3.230587601,0
5,3.186054251,0
5,1.65352082,0
5,3.185109426,0
5,3.230185742,0
4.166666667,1.660254751,0
4.166666667,3.230405561,0
5.833333333,3.186726106,0
5,3.229973205,0
5,3.185818008,0
6.666666667,4.084255715,0
5,3.186350145,0
5,3.230096845,0
5,3.18652524,0
5,3.230113944,0
5,3.185186195,0
5.833333333,3.230268751,0
6.666666667,3.186871135,0
5,3.230506129,0
5,3.186001787,0
5,3.408402604,0
6.666666667,3.186738136,0
5,3.230091737,0
7.5,3.18695573,0
5,1.652765769,0
5,3.186759759,0
4.166666667,3.230422905,0
5,3.186962215,0
4.166666667,3.230015952,0
5,3.187049092,0
5,1.652901042,0
5,3.185359932,0
6.666666667,1.652772829,0
5,3.186214253,0
5,3.230378632,0
5,3.186213288,0
5.833333333,3.230434507,0
5.833333333,3.186206567,0
5.833333333,3.229858788,0
5,1.660479252,0
4.166666667,3.230505876,0
5,3.186803626,0
5,3.230481762,0
5,3.186795542,0
6.666666667,3.23108841,0
5.833333333,3.558525578,0
5,3.229898808,0
6.666666667,3.186099111,0
4.166666667,3.230674732,0
5,1.66041969,0
5,3.230139695,0
5,3.184924551,0
5,3.230016112,0
4.166666667,3.186769293,0
5.833333333,3.253987106,0
5,3.186262501,0
5,3.404803854,0
5,1.660199799,0
5,3.230044416,0
5.833333333,3.184846473,0
4.166666667,3.230394211,0
5,3.186870731,0
5,3.230183108,0
5,3.584174996,0
4.166666667,3.253010743,0
5,1.660392088,0
5,1.65267626,0
5.833333333,3.18651931,0
6.666666667,3.23049115,0
6.666666667,3.186034829,0
5,3.230568425,0
5,1.660159831,0
5,3.230548654,0
5.833333333,3.185967346,0
5,1.667419268,0
5,3.186461561,0
6.666666667,3.230140868,0
5,3.18635309,0
5,1.653026793,0
6.666666667,3.186208841,0
5,3.229976818,0
5,3.18625067,0
5.833333333,3.22978132,0
12.5,3.185694467,0
5,3.230524695,0
5.833333333,1.660456565,0
5,3.230458713,0
5,3.185986495,0
5,3.230183847,0
5,3.187288342,0
4.166666667,3.229733586,0
5,1.660362098,0
5,3.253102289,0
5,3.186226158,0
5,3.253733616,0
5,3.186911067,0
5,1.652541404,0
5,3.187437653,0
5,1.771524923,0
5,3.186085666,0
5,1.653038301,0
5,1.660265092,0
5,1.652433128,0
6.666666667,3.18678157,0
5.833333333,3.230477392,0
5,3.185970439,0
5,3.253771734,0
5,3.186350636,0
5,3.230320847,0
5,3.186225866,0
5.833333333,3.230314048,0
4.166666667,3.584985399,0
6.666666667,3.432046844,0
5,3.185524619,0
6.666666667,3.230281207,0
6.666666667,3.185882182,0
5.833333333,3.230329157,0
4.166666667,1.660215349,0
5.833333333,3.230023065,0
5.833333333,3.186818937,0
5,3.230117837,0
6.666666667,1.660160979,0
5,3.230382891,0
5,3.186175543,0
4.166666667,3.230435094,0
5,3.186832703,0
5,3.230112282,0
5,3.564231581,0
5,3.230568277,0
5,3.185212237,0
5,3.229736783,0
5,1.94376967,0
5,3.230520861,0
5,1.660492082,0
5,1.653325547,0
5,3.18567243,0
5,1.652923987,0
4.166666667,3.185398774,0
5.833333333,3.230446967,0
5,3.185278696,0
5,1.652894556,0
5,3.186114065,0
5,3.230533073,0
8.333333333,3.187544839,0
6.666666667,3.230547438,0
6.666666667,1.660492173,0
5,3.229935272,0
6.666666667,3.186219236,0
5,3.229901067,0
6.666666667,3.186231382,0
5,3.23013158,0
6.666666667,3.185835836,0
5,3.229937417,0
5,3.18617895,0
5,3.230263247,0
5,3.185798083,0
5,3.25296691,0
5,1.660441708,0
5,1.652443435,0
6.666666667,3.575289225,0
5,1.652854453,0
5,3.185784482,0
5,3.230002533,0
4.166666667,3.184885831,0
6.666666667,3.230178349,0
5.833333333,3.185941753,0
5,3.229845864,0
5,3.186624313,0
5,3.230119967,0
4.166666667,3.186446872,0
5.833333333,2.900319078,0
5,1.660363326,0
5,3.230002014,0
5,3.186764448,0
5,3.230336969,0
5,3.18598903,0
5,3.23034392,0
5.833333333,3.18639539,0
6.666666667,1.652971442,0
5,3.186899712,0
6.666666667,3.230019911,0
5,1.660924768,0
6.666666667,3.399129594,0
5.833333333,3.186238638,0
5,3.230508836,0
5,3.185615425,0
5,3.230387427,0
5,3.186662446,0
5,3.253156711,0
5,3.185953518,0
5,3.230382193,0
5,3.186348684,0
5,3.230489985,0
5.833333333,3.185915213,0
4.166666667,1.652813992,0
5,3.184949113,0
5,3.229721546,0
5,3.186663028,0
5,3.229462023,0
6.666666667,3.185607432,0
5,3.230355786,0
5,3.186747342,0
5,3.229957198,0
5.833333333,3.186891589,0
5,3.229810674,0
5,3.185586494,0
5,3.230340398,0
4.166666667,1.660399706,0
5.833333333,3.23045997,0
5,3.186190366,0
3.333333333,3.230378825,0
8.333333333,3.185546433,0
6.666666667,1.652908731,0
5,1.660479929,0
6.666666667,3.229944427,0
6.666666667,3.18578597,0
3.333333333,3.230033325,0
8.333333333,3.185974556,0
8.333333333,3.230516381,0
6.666666667,3.186273859,0
5,3.230145988,0
5,3.186486178,0
5,3.230214255,0
5.833333333,1.660190609,0
5,1.652586525,0
5,3.186077825,0
5,3.229999479,0
5,3.186639278,0
5,3.230055393,0
6.666666667,3.18564868,0
5.833333333,3.39905845,0
5,3.186209529,0
5,3.230554104,0
6.666666667,3.18549607,0
5,3.231324625,0
5,3.185693686,0
5.833333333,3.230791317,0
5,3.18549207,0
5,3.230152054,0
6.666666667,3.186770848,0
5,3.23003063,0
5,3.184777338,0
10,3.230548565,0
6.666666667,3.18671171,0
5,3.229863435,0
6.666666667,3.185060834,0
6.666666667,3.23045438,0
9.166666667,3.186132971,0
6.666666667,3.229767358,0
8.333333333,1.660143203,0
5,3.230037097,0
5,3.18614089,0
5,3.230419784,0
5,3.186908775,0
5,3.229878216,0
5,3.187072215,0
5,3.230068498,0
5,3.185409555,0
5,3.230095749,0
5.833333333,3.185673063,0
5,3.229683867,0
5,3.186626824,0
5,3.230549036,0
5,3.186189703,0
5,3.231011696,0
5,3.186357194,0
5,3.231301942,0
5,3.186036553,0
5,3.230113403,0
5,3.18587338,0
5.833333333,3.230749218,0
5,3.185629855,0
5,3.229920182,0
6.666666667,1.660716862,0
10,3.23061855,0
5.833333333,3.186780536,0
6.666666667,3.229911692,0
8.333333333,1.661008306,0
6.666666667,1.653037042,0
6.666666667,3.186799112,0
5,3.231063226,0
8.333333333,1.934764569,0
7.5,3.230483113,0
5.833333333,3.185600707,0
5,3.230503997,0
5.833333333,3.185584019,0
5,3.230117768,0
5,3.186234056,0
5.833333333,3.230406378,0
5.833333333,3.186705783,0
5,3.230210271,0
6.666666667,3.186545139,0
5,4.084395261,0
5,3.186269714,0
6.666666667,3.231085221,0
5,3.186020038,0
5,3.230108208,0
5.833333333,3.185566185,0
5,3.230438463,0
5.833333333,3.186695077,0
5,3.230015369,0
5.833333333,3.186388667,0
5,3.411407977,0
5,3.186689163,0
5,1.652830901,0
5,3.185302806,0
5.833333333,3.229938324,0
5,3.185367489,0
6.666666667,3.230035693,0
6.666666667,3.185194017,0
5,3.230595337,0
5.833333333,3.185968261,0
7.5,1.653363133,0
5.833333333,3.186507621,0
4.166666667,3.23043149,0
5,3.185542731,0
8.333333333,3.230163906,0
5.833333333,3.185666577,0
5.833333333,3.230063258,0
5,3.186580668,0
6.666666667,3.408328442,0
5,3.186597829,0
5,3.23045788,0
8.333333333,3.18500076,0
5,3.23067499,0
5,3.187284614,0
5,3.230548311,0
5,3.185706236,0
5,3.4082716,0
5.833333333,3.185128749,0
5,3.230218125,0
5,3.186664892,0
5.833333333,3.231028111,0
5,3.185813626,0
5,3.230600553,0
6.666666667,1.660178516,0
5.833333333,3.230549325,0
5,3.185506789,0
4.166666667,3.230541368,0
5,3.18676121,0
7.5,3.231097446,0
6.666666667,3.185686789,0
5.833333333,3.230099842,0
6.666666667,3.187019752,0
6.666666667,3.230457607,0
8.333333333,3.186817319,0
5,3.230601885,0
6.666666667,1.660251966,0
6.666666667,3.23052888,0
5,3.185813746,0
5,3.230566111,0
5.833333333,3.186663744,0
5.833333333,3.230406689,0
5,3.187037162,0
5,3.230207675,0
5,3.185921191,0
5.833333333,3.231028095,0
5,3.185859586,0
6.666666667,3.434741984,0
5.833333333,3.185488797,0
5,1.652697136,0
5,3.186008329,0
5.833333333,3.230623983,0
5,3.186002894,0
5.833333333,3.230644849,0
5,3.186461314,0
6.666666667,3.230310935,0
5,3.18587692,0
5.833333333,3.230354501,0
5.833333333,3.187039596,0
5,3.229678405,0
5,3.186619844,0
5,3.23053963,0
6.666666667,3.185369703,0
5,3.230957025,0
6.666666667,1.660217916,0
8.333333333,3.428426217,0
7.5,1.660180405,0
5,3.230063507,0
6.666666667,3.185604786,0
6.666666667,1.652592541,0
5,3.187614961,0
6.666666667,3.230559202,0
5,3.186992603,0
6.666666667,3.230378876,0
8.333333333,3.185453871,0
5,3.230321089,0
5,3.185190906,0
5.833333333,3.230700955,0
5.833333333,3.185962413,0
5.833333333,3.22962807,0
5,1.660893532,0
6.666666667,3.230124576,0
5,3.185977725,0
5,3.2299322,0
5,3.185247051,0
5.833333333,1.652385826,0
5.833333333,3.185140161,0
5,3.230542438,0
5,3.186593525,0
5,3.230639672,0
5.833333333,3.186512286,0
5,3.230667447,0
6.666666667,3.185480931,0
5.833333333,3.390230122,0
7.5,3.186694061,0
5,3.253501158,0
6.666666667,1.660407076,0
6.666666667,3.229729327,0
8.333333333,3.186695941,0
6.666666667,3.230677897,0
5.833333333,3.18602733,0
5,3.230297368,0
8.333333333,3.186451628,0
5.833333333,1.653637955,0
5.833333333,1.660349604,0
5.833333333,1.652216822,0
5.833333333,1.66059986,0
5.833333333,3.230518453,0
5,3.186621732,0
6.666666667,1.652750028,0
6.666666667,3.186125189,0
6.666666667,1.652459171,0
5,3.185900562,0
5.833333333,3.229916273,0
5,3.185611105,0
5,3.230128649,0
6.666666667,1.660415119,0
5.833333333,3.229956922,0
5,3.185211049,0
5,1.652763256,0
5.833333333,3.187148878,0
5.833333333,3.229883496,0
5,3.185458961,0
6.666666667,3.230764901,0
5.833333333,3.186432942,0
6.666666667,3.230435809,0
7.5,3.186774637,0
4.166666667,3.231177225,0
8.333333333,3.185355579,0
5,3.230715757,0
8.333333333,1.660439256,0
6.666666667,3.230599699,0
5,1.661280229,0
5.833333333,3.22967388,0
6.666666667,3.185984498,0
6.666666667,3.230123265,0
5,3.185784776,0
5.833333333,3.229681507,0
5,3.186957379,0
5,3.230456241,0
4.166666667,1.660399057,0
5,3.230676348,0
5,3.186767693,0
6.666666667,1.652676557,0
5.833333333,3.186665485,0
5.833333333,1.652518628,0
6.666666667,3.18633084,0
5,3.230139777,0
5,3.185368261,0
5,4.090836883,0
5,3.185320467,0
6.666666667,3.230502749,0
5,3.185082685,0
5,3.230404116,0
5.833333333,3.186127917,0
5,3.230399702,0
5,3.184837084,0
10.83333333,3.230451485,0
7.5,3.185604815,0
5.833333333,3.230057635,0
10.83333333,3.186063914,0
11.66666667,3.230276988,0
6.666666667,3.186105948,0
5.833333333,3.230054079,0
4.166666667,3.185383375,0
5.833333333,3.231015298,0
6.666666667,3.576307577,0
5.833333333,3.230173893,0
5.833333333,3.186688087,0
5.833333333,1.652644662,0
5.833333333,3.186687608,0
5,3.229858583,0
5,1.660089112,0
5,3.22966519,0
6.666666667,2.138399214,0
5,3.186790514,0
6.666666667,3.229902622,0
5.833333333,3.185488334,0
5.833333333,3.230026307,0
8.333333333,3.186321743,0
7.5,3.230015571,0
5,3.18626762,0
5,3.22997484,0
5,3.184703674,0
5,3.229879792,0
5,3.186770316,0
5,3.229670885,0
59,5.056667449,0
23,5.02846893,0
22,4.93756388,0
55.5,5.028690677,0
36.5,5.02381917,0
26,4.937944619,0
26,4.942392763,0
51.5,5.057055511,0
23,5.024619357,0
62,5.057046927,0
24.5,5.034122364,0
34.5,4.973185762,0
51,5.019624419,0
27,4.942392731,0
44,4.973265783,0
30.5,4.973269598,0
56,5.028432206,0
64.5,4.905003756,0
55,5.05713262,0
31.5,5.056628713,0
28.5,5.052166496,0
47.5,5.028200965,0
22,4.926251165,0
46.5,4.937676051,0
22.5,4.942764737,0
53.5,5.052620726,0
26,5.028635404,0
36.5,5.05216838,0
50.5,5.052550706,0
22,4.942392445,0
52.5,5.056872082,0
31.5,5.052292217,0
52.5,5.028318249,0
29.5,5.028210856,0
43,5.028439136,0
24,5.052628018,0
22,4.999837397,0
63,5.056634233,0
22,4.937593014,0
49.5,5.056867805,0
41.5,5.057003169,0
52.5,5.028691135,0
34,5.056637237,0
30,5.05654032,0
49,5.028242365,0
36.5,5.028221327,0
42.5,5.028191013,0
24.5,4.973034612,0
59,5.052550706,0
28,5.052860622,0
49.5,5.01962396,0
36.5,5.028565456,0
24,5.052957541,0
23,5.023579031,0
48,4.977811573,0
23.5,4.937731132,0
55.5,5.057006037,0
23,4.942392445,0
59.5,4.973149725,0
22,4.948359653,0
53.5,5.058501531,0
29,5.052418697,0
36.5,5.023878303,0
58,5.052086865,0
28,5.028324691,0
52.5,5.052541653,0
27,4.937944619,0
57,4.977812045,0
36,5.056988382,0
53,4.973132352,0
47,4.973035085,0
42.5,5.028691135,0
42.5,5.057006037,0
42.5,5.052279062,0
28.5,4.973034896,0
51,5.024483663,0
43.5,5.057135199,0
52,4.972920257,0
29,5.023606732,0
46,5.028168058,0
26,4.937807772,0
42.5,4.942490191,0
24,5.028316174,0
37.5,5.040902359,0
50.5,5.052415476,0
31,5.056734669,0
31,5.056891465,0
50.5,5.028565456,0
23,5.028423628,0
43.5,4.942392445,0
23,5.024483663,0
53.5,5.028201484,0
38.5,4.999614981,0
43.5,4.977690416,0
23,5.019624419,0
34.5,5.028559778,0
31,4.977946077,0
42.5,4.942627321,0
26,5.057132924,0
22,4.94261912,0
22,4.942412185,0
24,5.05272521,0
50,5.056997422,0
23,4.983330774,0
50,4.942392445,0
41.5,5.023739246,0
29.5,5.05675833,0
43.5,5.024619632,0
36,5.057123611,0
60.5,5.028701148,0
23,4.977666821,0
47.5,4.977904967,0
38.5,5.05689101,0
47.5,5.028210856,0
22,4.942764166,0
55,4.972898187,0
41.5,5.056861586,0
47,4.913140727,0
26,5.023718913,0
22,4.942531353,0
44.5,5.028449606,0
22.5,4.926624148,0
55,5.024483663,0
22,4.942509741,0
22,4.942392445,0
52,5.056864559,0
34.5,5.019642824,0
53,5.062029135,0
31,5.05699724,0
30.5,5.056999515,0
47.5,4.977807229,0
25,5.028201942,0
49.5,5.05240624,0
36,5.056658865,0
47.5,5.028220365,0
25,5.057132924,0
32,5.056855398,0
39.5,5.056629168,0
23.5,5.023999199,0
24.5,5.028332841,0
48.5,5.028434099,0
23,5.02843358,0
56,5.023819446,0
23,4.942627036,0
51,5.056642363,0
27,4.961383127,0
37.5,5.052414383,0
23,4.937690475,0
57,5.05686826,0
23.5,4.978199725,0
56.5,5.024076922,0
22,4.937807772,0
45.5,5.052052534,0
45.5,5.056750989,0
32,5.05308518,0
44.5,5.05668113,0
33,5.052085498,0
60,5.012501715,0
29,5.056865075,0
32.5,5.057123884,0
25,5.052957541,0
25,5.052415294,0
45.5,5.056684315,0
52.5,5.028490818,0
31.5,4.977795142,0
50,4.942764356,0
29,5.056764396,0
22,4.942627512,0
52.5,5.057124066,0
41,5.05699724,0
27,5.056757875,0
50,4.942392445,0
36.5,5.062247225,0
51,5.028133318,0
31.5,5.052717645,0
28.5,4.972937346,0
28,5.053015692,0
31.5,5.05674292,0
38.5,4.978046145,0
27,5.052423892,0
43.5,4.937573464,0
56,5.052184969,0
42.5,5.052464118,0
47.5,5.024251045,0
42.5,5.028701148,0
34.5,5.028200965,0
53,5.028201942,0
37.5,5.056638207,0
49.5,5.052279153,0
26,4.926329844,0
28,5.053085935,0
39.5,5.028221205,0
29,5.056635386,0
29.5,5.024086155,0
22,4.942392922,0
27,5.04124582,0
27.5,4.948867243,0
24,5.052159964,0
49,5.057124066,0
29,5.028263484,0
51.5,4.977926341,0
33,5.028418563,0
60.5,5.028333299,0
23,5.028326705,0
46,4.973032437,0
22,4.942451569,0
29,5.028546529,0
23,4.937573178,0
28,5.056990809,0
37.5,5.05309587,0
50,5.057132651,0
27,4.977675023,0
51,5.028559778,0
28.5,4.978182821,0
55,5.02855932,0
26,4.942627321,0
53.5,5.052173819,0
22,4.926486245,0
48.5,5.02855932,0
25.5,5.052173636,0
40,5.056987927,0
58,5.052719442,0
25.5,5.056757875,0
24,5.028468808,0
57,5.028565456,0
34,5.056766914,0
42.5,4.942764166,0
36.5,5.056869837,0
47,4.942549981,0
32,5.052418029,0
47.5,5.028424086,0
30,5.056996967,0
32,5.057005794,0
47.5,5.023819629,0
31.5,5.052339187,0
27.5,4.978043343,0
35.5,5.028569546,0
43.5,4.977889764,0
41,5.057126614,0
32,5.012405064,0
42.5,4.942529575,0
25,5.061930735,0
56,5.052720531,0
22,5.023576921,0
55.5,5.052181687,0
32,5.056980404,0
50,4.977830963,0
28,5.056758481,0
26.5,4.942530623,0
44.5,5.028432481,0
30,5.028690677,0
40.5,5.05673206,0
51,5.019992737,0
23,5.028191013,0
36.5,5.05228292,0
26,4.937866898,0
22,4.926114314,0
54,5.052054873,0
27,4.937807772,0
26,4.926114314,0
48.5,5.028201759,0
34.5,5.052553714,0
45.5,5.05678375,0
35.5,4.977912428,0
32,5.052853786,0
22,4.926348916,0
29,5.028245995,0
23.5,5.056755327,0
49,5.052270281,0
29.5,5.056759846,0
47.5,4.97767474,0
22,4.942392445,0
37.5,5.056996967,0
34.5,5.056764366,0
57.5,5.041245363,0
33,5.056987927,0
61.5,5.062385178,0
22,4.942451569,0
48.5,5.012398009,0
29.5,5.028191471,0
49.5,5.05662298,0
22,4.937807518,0
22,4.937807772,0
44.5,5.052415294,0
40.5,5.056651858,0
34.5,4.978042273,0
50,5.056764821,0
25,5.028296972,0
49,5.052405967,0
25,5.04824689,0
52.5,5.04824689,0
29.5,5.028162074,0
29.5,5.056777258,0
52.5,4.937573178,0
39.5,4.977792309,0
44.5,5.028322371,0
33,4.977677384,0
44.5,5.023955323,0
37,5.041106961,0
36.5,5.056990475,0
43.5,5.056628986,0
34,4.977577474,0
46.5,5.023824735,0
28,4.942627036,0
29.5,5.024157026,0
56,5.023945355,0
27,5.01252156,0
37,5.028567898,0
44.5,4.942627036,0
26,4.977677384,0
38.5,4.942490477,0
36.5,5.056745438,0
38,5.052287234,0
30,5.028337176,0
29,5.052047004,0
32,5.056632747,0
57,5.056738825,0
24,5.056535315,0
44.5,5.028259638,0
33.5,5.056764366,0
57.5,5.056635599,0
29,5.052046549,0
27.5,5.056867744,0
32,5.012877491,0
53.5,5.052277056,0
28,5.056990748,0
28.5,5.028191013,0
24,5.028333116,0
33,5.04814221,0
29,5.057123884,0
50.5,5.056987927,0
22,5.028127791,0
24.5,4.942404079,0
43.5,5.052173363,0
31.5,5.028333116,0
23.5,5.028419293,0
43,5.056891465,0
25,5.023727536,0
48.5,5.053095961,0
23,5.052717645,0
30.5,5.028565731,0
51.5,5.056784205,0
35,5.028191013,0
50.5,4.973033036,0
35.5,5.052050772,0
58,5.052389257,0
30,5.056657075,0
43.5,5.052415294,0
29,4.97767474,0
52,5.056634689,0
34.5,4.948637032,0
42.5,5.052165889,0
42.5,4.942392445,0
42.5,4.977909154,0
51,4.978002706,0
42.5,4.926330163,0
42.5,5.023621989,0
43,4.942627321,0
42.5,5.052341071,0
64.5,5.052389257,0
42.5,5.02381969,0
44,4.937573178,0
42.5,5.028322645,0
42.5,4.972894655,0
64.5,4.999721266,0
43.5,5.0521819,0
42.5,4.937573178,0
53,5.052184969,0
52,5.056923225,0
43.5,5.028225448,0
26,5.041015587,0
26.5,4.942392445,0
26.5,4.942823861,0
42.5,4.937711582,0
43,5.02357686,0
36,4.937615424,0
57,4.977812203,0
29,5.056632413,0
22,5.028336932,0
54,4.94276388,0
30,4.942509741,0
44,4.913258032,0
28,5.056770888,0
56,4.948617483,0
29.5,5.024180004,0
27,5.057132651,0
44,5.05227417,0
23,5.028419751,0
60,4.942412471,0
23,5.028432664,0
48,4.97767474,0
22,4.978043627,0
55,4.942808437,0
36.5,5.056734427,0
30.5,5.052043996,0
61.5,4.972917545,0
26.5,5.056777258,0
54.5,5.052204352,0
33,5.028565914,0
50.5,5.053096052,0
33.5,5.028565456,0
35,5.056764366,0
24,5.052184969,0
31,5.056654072,0
26,4.977945605,0
52.5,4.937573178,0
36.5,5.052724937,0
34,5.023818895,0
27,5.057003489,0
58,4.973265057,0
31.5,5.028284184,0
35,5.056856239,0
27.5,5.02845852,0
62,4.973129704,0
22,5.052270281,0
31.5,5.033979079,0
32,5.052240568,0
35,5.028338336,0
42.5,4.977946077,0
35.5,4.942392731,0
55,5.056631412,0
25,5.028567898,0
27,5.052727944,0
26,5.028136688,0
44.5,4.942392922,0
26,4.977677384,0
35,4.937944619,0
47.5,4.999737359,0
27,4.977670396,0
44,4.973265247,0
33,5.028342213,0
47.5,5.052405967,0
33,5.056994904,0
43.5,5.056637237,0
37.5,4.942392922,0
31,5.052424348,0
44.5,5.056997422,0
22,5.02843358,0
53,4.94276388,0
23,5.056997422,0
58,5.024619632,0
22,5.062275361,0
32,4.942392922,0
60,5.057057665,0
23,5.056614204,0
39,4.942783905,0
36.5,5.028201942,0
54.5,5.041235336,0
26.5,5.05699724,0
30.5,4.937711582,0
37,5.023809203,0
38,5.0569882,0
40.5,5.05699093,0
45.5,5.028237903,0
22,5.052420641,0
53,4.913471106,0
41,5.028690677,0
49,5.057132651,0
24,5.052291427,0
29,5.024619816,0
27.5,5.057124066,0
50.5,5.028554985,0
28.5,5.056868139,0
34,5.052524092,0
33.5,5.028632836,0
56,5.028326705,0
30,4.972917735,0
37.5,5.056880666,0
49,5.056764366,0
22,5.012635603,0
25,4.942392445,0
43.5,5.056968817,0
28,5.023945355,0
47.5,5.023587072,0
23,4.99990611,0
30.5,5.024251504,0
60,5.052282282,0
24,4.973037671,0
33,4.978049261,0
33,5.056764821,0
25,5.056757875,0
34.5,5.056786571,0
53,4.948105233,0
39.5,5.052542108,0
37.5,4.983611413,0
35.5,5.056861313,0
31,5.052724937,0
53.5,5.057123611,0
29,5.051953337,0
40,5.056731423,0
1,2.711018028,0
1,2.052179653,0
1,2.711015464,0
1,2.711014814,0
1,2.711022901,0
1,2.711017082,0
1,2.05222003,0
1,2.711015316,0
1,2.711017513,0
1,2.052193846,0
1,2.735109938,0
1,2.051825666,0
1,2.711015578,0
1,2.711017148,0
1,2.052192875,0
1,2.711015453,0
1,2.051825637,0
1,2.711017484,0
1,2.711017259,0
1,2.052193033,0
1,2.711014792,0
1,2.052197667,0
1,2.625709164,0
1,2.71101723,0
1,2.05223558,0
1,2.711029086,0
1,2.051846401,0
1,2.652744824,0
1,2.711031201,0
1,2.052194203,0
1,2.711017929,0
1,2.050427852,0
1,2.625707569,0
1,2.735116805,0
1,2.052203185,0
1,2.711027386,0
1,2.052198839,0
1,2.625717909,0
1,2.711017128,0
1,2.711017663,0
1,2.051588548,0
1,2.625706254,0
1,2.711017506,0
1,2.052236414,0
1,2.71102292,0
1,2.051439541,0
1,2.625707814,0
1,2.711016403,0
1,2.052194027,0
1,2.711026279,0
1,2.051576112,0
1,2.052196323,0
1,2.711019827,0
1,2.052194396,0
1,2.711035849,0
1,2.051845572,0
1,2.052250656,0
1,2.711015772,0
1,2.052195711,0
1,2.051844782,0
1,2.625715702,0
1,2.711015533,0
1,2.052232421,0
1,2.711019783,0
1,2.625705891,0
1,2.711017653,0
1,2.052202731,0
1,2.052192712,0
1,2.051826535,0
1,2.711015005,0
1,2.711026535,0
1,2.711015474,0
1,2.052230517,0
1,2.711017481,0
1,2.71102866,0
1,2.711015993,0
1,2.052196533,0
1,2.052249518,0
1,2.711016873,0
1,2.052192898,0
1,2.711014858,0
1,2.052379699,0
1,2.711018314,0
1,2.707263477,0
1,2.052203007,0
1,1.706152647,0
1,2.711017252,0
1,2.052195526,0
1,2.711018996,0
1,2.711016348,0
1,2.432937768,0
1,2.625708797,0
1,2.711015461,0
1,2.71101592,0
1,2.71101895,0
1,2.052192319,0
1,2.625724752,0
1,2.71101582,0
1,2.052253959,0
1,2.0522333,0
1,2.052193566,0
1,2.625709007,0
1,2.711022756,0
1,2.711015688,0
1,2.052194112,0
1,2.625708178,0
1,2.052193535,0
1,2.05219247,0
1,2.711015341,0
1,2.052192703,0
1,2.625708194,0
1,2.052193134,0
1,2.052193352,0
1,2.05220268,0
1,2.048805307,0
1,2.625704934,0
1,2.052192412,0
1,2.052984813,0
1,2.711015961,0
1,2.052192827,0
1,2.05220491,0
1,2.052193496,0
1,2.051826509,0
1,2.05224276,0
1,2.052221133,0
1,2.625709596,0
1,2.052194163,0
1,2.051415669,0
2,2.71101905,0
1,2.052192066,0
1,2.711024813,0
1,2.052193359,0
1,2.052192056,0
1,2.052250102,0
1,2.052192957,0
1,2.052231459,0
1,2.051411996,0
1,2.051827148,0
1,2.62570964,0
1,2.052192675,0
1,2.052193595,0
1,2.711030282,0
1,2.633122267,0
1,2.711032028,0
1,2.711017297,0
1,2.052193377,0
1,2.625708961,0
1,2.052195386,0
1,2.711015618,0
1,2.052222819,0
1,2.711030937,0
1,2.711024845,0
1,2.047515045,0
1,2.711023238,0
1,2.052192318,0
1,2.709932338,0
1,2.051399251,0
1,2.711020629,0
1,2.05219312,0
1,2.051845499,0
1,2.62570796,0
1,2.709745208,0
1,2.052229731,0
1,2.051065149,0
1,2.711016183,0
1,2.711019614,0
1,2.053981072,0
1,2.711015403,0
1,2.625706102,0
1,2.711017133,0
1,2.052220354,0
1,2.050045224,0
1,2.711015934,0
1,2.711015746,0
1,2.052237791,0
1,2.711015694,0
1,2.051845436,0
1,2.625706601,0
1,2.052255482,0
1,2.709758105,0
1,2.625706141,0
1,2.711015317,0
1,2.052193178,0
1,2.711017729,0
1,2.051826132,0
1,2.711015994,0
1,2.711018533,0
1,2.052193678,0
1,2.051845093,0
1,2.622148484,0
1,2.711015145,0
1,2.052194655,0
1,2.711019386,0
1,2.051846276,0
1,2.711014898,0
1,2.711031378,0
1,2.711016794,0
1,2.051155017,0
1,2.711015855,0
1,2.052191925,0
1,2.052189812,0
1,2.711015075,0
1,2.052218659,0
1,2.711016535,0
1,2.052196976,0
1,2.711027461,0
1,2.711015767,0
1,2.711019796,0
1,2.711015455,0
1,2.051045416,0
1,2.711020612,0
1,2.71101597,0
1,2.063202506,0
1,2.71101581,0
1,2.052221945,0
1,2.711014471,0
1,2.709933882,0
1,2.7072388,0
1,2.052469163,0
1,2.71101949,0
1,2.711015632,0
1,2.052193641,0
1,2.711016385,0
1,2.05181746,0
1,2.625710136,0
1,2.711016816,0
1,2.052223263,0
1,2.711016899,0
1,2.051846466,0
1,2.711018037,0
1,2.711016652,0
1,2.063213086,0
2,2.633147125,0
1,2.62571551,0
1,2.052230496,0
1,2.711014661,0
1,2.053255248,0
1,2.625707374,0
1,2.711017311,0
1,2.052215416,0
1,2.71101675,0
1,2.05158832,0
1,2.625706526,0
1,2.711040485,0
1,2.711017358,0
2,2.05158854,0
1,2.62570688,0
1,2.711025543,0
1,2.711015716,0
1,2.051984411,0
1,2.64941758,0
1,2.711017471,0
1,2.05223014,0
1,2.711018197,0
1,2.051825816,0
1,2.052192896,0
1,2.711015241,0
1,2.05219285,0
1,2.711016578,0
1,2.051588254,0
1,2.71102974,0
1,2.709757081,0
1,2.052202876,0
1,2.051829614,0
1,2.625717512,0
1,2.711015781,0
1,2.052191888,0
1,2.711015854,0
1,2.052230664,0
1,2.052192903,0
1,2.711015055,0
1,2.707241143,0
1,2.711015708,0
1,2.052235725,0
1,2.711016511,0
1,2.051845496,0
1,2.625707877,0
1,2.711021738,0
1,1.99333125,0
1,2.653021695,0
1,2.711017966,0
1,2.052214242,0
1,2.711027237,0
1,2.711015559,0
1,2.711015653,0
1,2.625708335,0
1,2.711018042,0
1,2.052194101,0
1,2.711019957,0
1,2.71101562,0
1,2.711017027,0
1,2.711018377,0
1,2.052192577,0
1,2.707253897,0
1,2.735110383,0
1,2.711016971,0
1,2.71101416,0
1,2.052192643,0
1,2.711017366,0
1,2.711016163,0
1,2.711017056,0
1,2.7110155,0
1,2.052193573,0
1,2.732548041,0
1,2.711015379,0
1,2.709932079,0
1,2.711029193,0
1,2.052194296,0
1,2.711015079,0
1,2.711014779,0
1,2.711015199,0
1,2.711015888,0
1,2.052192837,0
1,2.711017344,0
1,2.711018181,0
1,2.711019649,0
1,2.709934574,0
1,2.05222121,0
1,2.711015972,0
1,2.711016223,0
1,2.711014311,0
1,2.711019587,0
1,2.049335406,0
1,2.625721389,0
1,2.052256389,0
1,2.052194091,0
1,2.711015857,0
1,2.0628469,0
1,2.625707413,0
1,2.711015456,0
1,2.711023646,0
1,2.711015531,0
1,2.0521965,0
1,2.62570775,0
1,2.711015922,0
1,2.71101774,0
1,2.711025071,0
1,2.051845411,0
1,2.649417957,0
1,2.711016071,0
1,2.711015826,0
1,2.711024599,0
1,2.051846045,0
1,2.625715296,0
1,2.711016647,0
1,2.051433276,0
1,2.707237998,0
1,2.052222233,0
1,2.625717856,0
1,2.711018531,0
1,2.052193051,0
1,2.735115728,0
1,2.051306991,0
1,2.625706619,0
1,2.052202791,0
1,2.052192907,0
1,2.711029769,0
1,2.056205846,0
1,2.052230778,0
1,2.711018778,0
1,2.052207295,0
1,2.708662766,0
1,2.052222217,0
1,2.052194149,0
1,2.052238212,0
1,2.711032135,0
1,2.711016212,0
1,2.051588927,0
1,2.711017435,0
1,2.711017793,0
1,2.052203835,0
1,2.052249373,0
1,2.051827184,0
1,2.052253719,0
1,2.711017861,0
1,2.052193845,0
1,2.711016031,0
1,2.052193264,0
1,2.711016395,0
1,2.711018384,0
1,2.052199414,0
1,2.052194374,0
1,2.053165003,0
1,2.625708184,0
1,2.711023798,0
1,2.711049633,0
1,2.711014756,0
1,2.052221178,0
1,2.711015717,0
1,2.711022453,0
1,2.711032412,0
1,2.711014562,0
1,2.052196392,0
1,2.625714166,0
1,2.711014715,0
1,2.052203382,0
1,2.711018516,0
1,2.052191971,0
1,2.7110161,0
1,2.732548065,0
1,2.7110274,0
1,2.718340513,0
1,2.052877813,0
1,2.71101812,0
1,2.711017343,0
1,2.052252502,0
1,2.711017266,0
1,2.052193295,0
1,2.711015749,0
1,2.71102382,0
1,2.711030687,0
1,2.711015076,0
1,2.052220574,0
1,2.625707347,0
1,2.711014602,0
1,2.052222603,0
2,2.711020127,0
1,2.052193781,0
1,2.635216582,0
1,2.711019646,0
1,2.711016646,0
1,2.711017972,0
1,2.052191789,0
1,2.711024903,0
1,2.250258961,0
1,2.316985664,0
1,2.05398061,0
1,2.625707205,0
1,2.052193237,0
1,2.71101566,0
1,2.7110292,0
1,2.05219331,0
1,2.711015494,0
1,2.052230529,0
1,2.711015986,0
1,2.707241043,0
1,2.052194318,0
1,2.711014255,0
1,2.052193479,0
1,2.711016115,0
1,2.711015034,0
1,2.732547612,0
1,2.625705879,0
1,2.711014967,0
1,2.052193837,0
1,2.05225566,0
1,2.711030179,0
1,2.711016798,0
1,2.711034542,0
1,2.052192209,0
1,2.711019143,0
1,2.711017267,0
1,2.625708147,0
1,2.711029647,0
1,2.052192939,0
1,2.711016839,0
1,2.711014899,0
1,2.722721057,0
1,2.052194597,0
1,2.052192581,0
1,2.711016111,0
1,2.711021779,0
1,2.711015443,0
1,2.711016161,0
1,2.052193717,0
1,2.711014913,0
1,2.735112661,0
1,2.711019118,0
1,2.711015785,0
1,2.052197449,0
1,2.317232175,0
1,2.711018046,0
1,2.05219268,0
1,2.052228923,0
1,2.711014614,0
1,2.711020179,0
1,2.051410797,0
1,2.711016672,0
1,2.052230575,0
1,2.711016931,0
1,2.052235684,0
1,2.052197203,0
1,2.711030052,0
1,2.052224518,0
1,2.052205195,0
1,2.711015677,0
1,2.711016463,0
1,2.711017635,0
1,2.709746695,0
1,2.052195278,0
1,2.711017248,0
1,2.711015741,0
1,2.732547673,0
1,2.711016254,0
1,2.052191953,0
1,2.711017633,0
1,2.711017028,0
1,2.722721143,0
2,2.711020576,0
1,2.05219228,0
1,2.711021724,0
1,2.71101705,0
1,2.711016399,0
2,2.711026275,0
1,2.052192283,0
1,2.711014855,0
1,2.711040282,0
1,2.728836217,0
1,2.71101616,0
1,2.052221826,0
1,2.711017793,0
1,2.71101429,0
1,2.711015856,0
1,2.711017916,0
1,2.052202517,0
1,2.711018135,0
1,2.052235021,0
1,2.711031347,0
1,2.711015356,0
1,2.052192478,0
1,2.052231593,0
1,2.71101525,0
1,2.709931915,0
1,2.711016188,0
1,2.052222912,0
1,2.711014935,0
1,2.711014681,0
1,2.052257509,0
1,2.720562082,0
1,2.051827356,0
1,2.711015458,0
1,2.711015875,0
1,2.052193594,0
2,2.711019444,0
1,2.052193238,0
1,2.625707731,0
1,2.052214703,0
1,2.051448829,0
1,2.711015337,0
1,2.046360491,0
1,2.625705815,0
1,2.711017864,0
1,2.711016268,0
1,2.711030248,0
1,2.052193259,0
1,2.052230754,0
1,2.711016223,0
1,2.052191953,0
1,2.711016854,0
1,2.05149883,0
1,2.62570905,0
1,2.711015751,0
1,2.052230549,0
1,2.711016249,0
1,2.711015575,0
1,2.711030481,0
1,2.052251715,0
1,2.711016797,0
1,2.711016299,0
1,2.711016923,0
1,2.711014917,0
1,2.052192034,0
1,2.711018631,0
1,2.709892386,0
1,2.71101898,0
1,2.709747424,0
1,2.052193192,0
1,2.711015565,0
1,2.711014499,0
1,2.711017501,0
1,2.711015646,0
1,2.052192873,0
1,2.711016232,0
1,2.711018135,0
1,2.057414125,0
2.5,1.935000041,0
3.5,2.183075733,0
3.5,2.189938412,0
5,2.435536515,0
2.5,2.443594969,0
4.5,2.231080093,0
3.5,2.10729674,0
2,2.275308671,0
3,2.235091456,0
4,2.351097466,0
2,2.211274869,0
3.5,2.154866697,0
2,2.53692575,0
3.5,2.518037218,0
4.5,2.262224505,0
4,2.397887234,0
5,2.379401291,0
4,2.379360112,0
3.5,1.898977187,0
3.5,2.183073655,0
4.5,2.510162617,0
3.5,2.425407505,0
2.5,2.507092921,0
5,2.423806755,0
4,2.424014216,0
3.5,2.156580965,0
3,2.156917154,0
4.5,2.421823397,0
3.5,2.220080446,0
4.5,2.276774993,0
2.5,2.432483289,0
2.5,2.515265391,0
2.5,1.96712526,0
2.5,2.377503485,0
2.5,2.436728221,0
2.5,2.497356456,0
2.5,2.164035713,0
4.5,2.113621498,0
4.5,2.17430616,0
4.5,2.379297422,0
4.5,2.480447681,0
3.5,2.251561951,0
4.5,2.342325662,0
2.5,2.472316907,0
4,2.170417723,0
3,2.051988509,0
2,2.398500113,0
4,2.180913158,0
3,2.065881809,0
2.5,2.526372448,0
5,2.3874593,0
3.5,2.56590731,0
4,2.211996915,0
4,2.15801081,0
2.5,2.38230711,0
3.5,2.086028275,0
3,2.234587979,0
3,2.011437081,0
2.5,2.37549347,0
3.5,1.959115489,0
3.5,2.395698376,0
2.5,2.523079094,0
3,2.133170017,0
4.5,2.500056666,0
4.5,2.111644095,0
3.5,2.173495797,0
2.5,2.137112423,0
3.5,2.147163956,0
4,2.406182838,0
2.5,2.521815923,0
3,1.981754881,0
4.5,2.200355453,0
3,2.121263399,0
3,1.952003284,0
4.5,2.423818028,0
4.5,2.146077446,0
5,2.459608053,0
2.5,2.551017256,0
2.5,2.203433907,0
4.5,2.128498149,0
3.5,1.941837516,0
4,2.428370399,0
3.5,2.446082293,0
2.5,2.580915062,0
2.5,2.499650541,0
3.5,2.227111256,0
4,2.493724116,0
3,1.988116149,0
4.5,2.583245992,0
4,2.409573739,0
2.5,2.389625128,0
2.5,2.387921251,0
2.5,2.263882352,0
3.5,2.007562157,0
4.5,2.419266661,0
4.5,2.184665884,0
2.5,2.414217944,0
3.5,2.110685306,0
3,2.104762413,0
4.5,2.398454772,0
2.5,2.502818454,0
2.5,2.161750485,0
3.5,1.930484057,0
3.5,2.25162705,0
2.5,2.556440345,0
3,2.187411227,0
2,2.52327712,0
2.5,2.440767308,0
3,1.999178975,0
4,2.384964683,0
3,2.077513786,0
4,1.984529762,0
2.5,2.167377946,0
2.5,2.447127687,0
4.5,1.963171873,0
2.5,2.401063343,0
2.5,2.396183107,0
4.5,2.436405515,0
3,1.989486877,0
5,2.531508096,0
3.5,2.116902697,0
3.5,2.120561068,0
2.5,1.870677732,0
3.5,2.187762952,0
3,2.079507708,0
3,2.089126253,0
3,1.89876209,0
3.5,1.904080113,0
2.5,2.496171255,0
3,2.113240438,0
3,2.224920453,0
4.5,2.419381246,0
3.5,2.428391933,0
4.5,2.342350998,0
3.5,2.16416389,0
2,2.516613175,0
3.5,2.239666506,0
4.5,2.29814476,0
2.5,2.534798556,0
3,2.080914405,0
2,2.378521781,0
3,2.091888812,0
2,2.523094267,0
3,2.105981033,0
3,2.103694326,0
2.5,2.50543894,0
2.5,2.535708112,0
2.5,2.447755496,0
3.5,2.394234863,0
2,2.576529569,0
2,2.424228396,0
3.5,1.981487129,0
4.5,2.24932387,0
3.5,2.120405706,0
4.5,2.540702506,0
5,2.606170757,0
2.5,2.40740014,0
3.5,2.218621446,0
3.5,2.462056939,0
3,2.070229461,0
3,1.980933287,0
2.5,2.433498637,0
2.5,2.460863122,0
2.5,2.262039742,0
3.5,2.203104414,0
2.5,1.920310185,0
3.5,2.001800375,0
4,2.399872779,0
4,1.991342586,0
4,2.123459906,0
4.5,1.982430856,0
4.5,2.392687111,0
4,2.179146869,0
3.5,2.15798312,0
3,2.145778385,0
4,2.275887353,0
2.5,2.424741321,0
3.5,1.983365336,0
2.5,2.526553096,0
3.5,2.200125992,0
5,2.585671774,0
3,2.184635732,0
3,1.914003751,0
2.5,2.380936961,0
2,2.2091866,0
3.5,2.479714641,0
2.5,2.57310625,0
2.5,2.494749969,0
3,2.108539704,0
3,2.509064715,0
2.5,2.464082074,0
4.5,2.504411158,0
2.5,2.501176945,0
4.5,2.031592503,0
2.5,2.47071785,0
3.5,2.158470764,0
2.5,2.170535261,0
3.5,2.005066684,0
3.5,1.97784246,0
2.5,1.87030012,0
3,1.96078823,0
4.5,2.376494575,0
4.5,2.163149669,0
2.5,2.481133801,0
4,2.319458579,0
4.5,2.417089092,0
3,2.037636279,0
3.5,2.216484196,0
2,2.503355818,0
3.5,2.401455946,0
4,2.46573742,0
3.5,2.14910868,0
3.5,2.393466933,0
5,2.373887963,0
3.5,2.172348142,0
4,2.550663532,0
3.5,2.173214792,0
3,2.110547592,0
4,2.172608553,0
3.5,2.17458041,0
3.5,2.29873059,0
3.5,2.181163449,0
4,2.067963931,0
4,2.181371952,0
2.5,2.477506077,0
3.5,2.086080019,0
3.5,1.904740411,0
2.5,2.502389458,0
4.5,2.364426457,0
3.5,2.388154632,0
4.5,1.950499843,0
4,2.475564168,0
2.5,1.982779221,0
3.5,2.154101121,0
2,2.522768886,0
3.5,2.479039484,0
3.5,1.976053097,0
4.5,2.539817241,0
3.5,2.203019275,0
4.5,2.218064866,0
2.5,2.439844455,0
4.5,2.540043583,0
3.5,2.307373769,0
2.5,2.561878731,0
3,2.197043918,0
4,2.253505404,0
2.5,2.44703519,0
3,2.155904499,0
4,1.987308787,0
4.5,2.336910332,0
3.5,2.173164464,0
2.5,2.378973118,0
3.5,2.182720326,0
4,2.542646411,0
4.5,2.470246631,0
4,2.21149335,0
2.5,2.608352914,0
3.5,2.422855934,0
2,2.131801281,0
2.5,2.481345666,0
2,2.439262409,0
3.5,2.238426551,0
3,0,0
3,0.453647723,0
4.5,2.157947058,0
2.5,0.479763484,0
3.5,2.112523308,0
3.5,0.442725786,0
2.5,0.459573787,0
2.5,0.477317695,0
2.5,2.332789155,0
4.5,0.486258518,0
3.5,0.463097333,0
2,2.409132946,0
3.5,0.445310617,0
3.5,2.006383821,0
3,0.453471337,0
2.5,2.477409186,0
4.5,0.430592843,0
4.5,2.468699929,0
4,0.438444947,0
4.5,2.302077349,0
3.5,0.438444947,0
4,2.117992592,0
4,2.369085088,0
2,0.473162536,0
2.5,2.419447747,0
3.5,0.461120988,0
2.5,0.462324192,0
2.5,0.461385627,0
4.5,0,0
2.5,1.846759874,0
5,0.483267325,0
2.5,2.388015192,0
3.5,0.497068241,0
3.5,2.129803631,0
2,2.030579962,0
2.5,2.249429641,0
4,2.428356323,0
2.5,2.275571808,0
2.5,2.506729828,0
3.5,2.048845186,0
2,2.520285133,0
4.5,2.469138718,0
3.5,1.886951994,0
3.5,1.944188153,0
3,2.443237245,0
3.5,2.432993308,0
2.5,2.197734882,0
4,2.103878052,0
2.5,2.52276025,0
3.5,2.48968669,0
4,2.309068447,0
3,2.543775167,0
2,2.451941786,0
4.5,2.172835879,0
2.5,2.181672798,0
3,2.577339713,0
2,2.531597409,0
2.5,2.217650438,0
2,2.38650127,0
2.5,2.089740433,0
3.5,2.417926984,0
5,2.36064415,0
2.5,2.548022665,0
3,2.107100886,0
3.5,2.219902188,0
3,2.12895837,0
2.5,2.214521988,0
3.5,2.428793094,0
2,2.499501747,0
3.5,2.193654086,0
3,2.445950474,0
3.5,2.498726247,0
2.5,2.530813969,0
4,2.185609069,0
2.5,2.014411338,0
3.5,2.557780735,0
2,2.450198722,0
4,2.039878202,0
3.5,2.166608711,0
2,2.06735432,0
3.5,2.437989359,0
3.5,2.200732338,0
2.5,2.0871383,0
2.5,1.97095203,0
4.5,2.01434203,0
4.5,2.266042625,0
3.5,2.520846546,0
3.5,1.973638429,0
4,2.525910031,0
3.5,2.096423048,0
3.5,2.551957847,0
2.5,2.178140362,0
4,2.080980884,0
2.5,2.415072398,0
4,1.867448352,0
4.5,2.447836426,0
3.5,1.865777863,0
2,2.4015306,0
3.5,2.443479307,0
3.5,2.514832268,0
3,2.107977125,0
4.5,2.296940475,0
4.5,2.50582034,0
2.5,2.199924433,0
4.5,2.420025773,0
4,2.446644444,0
2.5,2.425836482,0
3,2.432062064,0
2,2.389390393,0
4,2.407855409,0
4.5,2.381555598,0
2.5,2.414924446,0
2.5,2.399438512,0
3,2.158740783,0
3,1.938237509,0
5,2.233190719,0
4.5,2.486076476,0
2.5,2.436528663,0
3,2.445825474,0
3.5,2.363801721,0
3,2.402124464,0
3,2.020855257,0
5,2.495977734,0
2.5,2.443855048,0
5,2.576292022,0
2.5,2.644912538,0
2.5,2.425806644,0
3.5,2.067612699,0
4.5,1.973896527,0
2.5,2.167645415,0
2.5,2.04793291,0
3,2.455235406,0
3.5,2.024983293,0
3,2.118483168,0
3.5,2.216830395,0
3.5,2.433932443,0
3.5,2.413711759,0
3,2.49511223,0
3.5,2.225861786,0
4,2.410956674,0
5,2.494925958,0
2.5,1.905742322,0
4.5,2.229963907,0
2.5,2.532822877,0
2.5,2.519739669,0
3.5,2.170862599,0
3.5,2.212603693,0
3,2.113405484,0
3.5,2.370991545,0
3.5,2.429413003,0
3.5,2.402131453,0
3.5,2.307034543,0
3.5,2.076476158,0
4,2.046204673,0
5,2.487102459,0
2.5,2.415790539,0
